{"type":"FeatureCollection","features":[{"type":"Feature","properties":{"ava_id":"northern_sonoma","name":"Northern Sonoma","created":"1985-06-17","within":"North Coast","cfr_index":"9.70","valid_end":null},"geometry":{"type":"Polygon","coordinates":[[[-123.11981531700877,38.50540783460868],[-123.05036757622979,38.465388259076676],[-123.04967477833206,38.465640185584945],[-123.04912368909524,38.465653306757254],[-123.04850699399688,38.46563756135049],[-123.04788242619513,38.465537840440966],[-123.04722636757985,38.46532265321515],[-123.04626064929819,38.46492901804598],[-123.04537890651925,38.46443566196729],[-123.0446598662769,38.46391081507507],[-123.04425573416987,38.463538173781586],[-123.04385685053177,38.4630920539232],[-123.04334250057744,38.462435995307914],[-123.04311681641379,38.46224705042672],[-123.04285964143659,38.462173571861804],[-123.04229543102745,38.46226017159902],[-123.04162100277095,38.462606570547884],[-123.04046633960805,38.46323638681856],[-123.03939827618237,38.46400528751567],[-123.03880257495966,38.46453800711128],[-123.03813601940655,38.46517307185086],[-123.03796019569765,38.46539875601452],[-123.03728314320666,38.465810760824915],[-123.03668481774955,38.46616503247716],[-123.03649062439942,38.4663854681719],[-123.03576633568817,38.46696542398781],[-123.03480586587538,38.467511264755714],[-123.03416292843242,38.46803611164793],[-123.03374042668415,38.4685583343057],[-123.03348587594142,38.46897558758501],[-123.03315653451654,38.46919602327974],[-123.03226954326868,38.46947419213262],[-123.03142978824111,38.469844209191635],[-123.030763232688,38.47010663263775],[-123.02972666007585,38.47043203771093],[-123.02878193566983,38.470710206563794],[-123.02847752447234,38.47083354558347],[-123.02830170076345,38.47102249046466],[-123.02790281712531,38.47179926386515],[-123.02767975719615,38.472662637002855],[-123.02739633987431,38.47318223542616],[-123.02724151004111,38.47359686447102],[-123.02712341949037,38.474722661054834],[-123.02681900829288,38.475635894647304],[-123.02645423970276,38.4760006632374],[-123.02536518240136,38.476787933575736],[-123.02489282019835,38.47706610242861],[-123.0246986268482,38.47713695675907],[-123.02437059754057,38.477136956759075],[-123.02330253411489,38.47681680015482],[-123.02285903849096,38.476598988694555],[-123.02226858573724,38.47612925072601],[-123.02151543044685,38.47533410768429],[-123.02061269379219,38.47472003682039],[-123.02031353106364,38.474449740670906],[-123.01954987883542,38.473667718801494],[-123.01877572966939,38.472633770423805],[-123.01826925241839,38.472164032455254],[-123.01770766624374,38.47162868862518],[-123.01731927954349,38.47109072056066],[-123.01701749258048,38.47077581242532],[-123.01652938497071,38.47040579536631],[-123.01560303020595,38.46978385179903],[-123.01457957876606,38.4691172962459],[-123.01393926555757,38.4685976978226],[-123.01375294491082,38.4683956317691],[-123.01362698165669,38.46812795985406],[-123.01306014701309,38.4676398522443],[-123.01230961595722,38.467031029849316],[-123.01200520475972,38.46657178881862],[-123.01171653896898,38.46632248654481],[-123.01147773363301,38.46617290518053],[-123.01124942523488,38.466099426615614],[-123.00996779842959,38.46610102118685],[-123.00949143275702,38.46558240623087],[-123.00900584826276,38.4650400715163],[-123.00836037619118,38.46431761653709],[-123.0082715497593,38.46417549424609],[-123.00821430605876,38.46399981530306],[-123.00819456685167,38.463796501470114],[-123.00821627997951,38.46358923979576],[-123.0082636540765,38.46344514358405],[-123.0083327413013,38.46329611257058],[-123.00849855064077,38.46306911168913],[-123.00864955557495,38.46289145882539],[-123.0092950276466,38.462199599617165],[-123.00946577178787,38.4618956158281],[-123.00956348086292,38.46158176243549],[-123.00965230729479,38.461095190980906],[-123.00971942059887,38.4609362903639],[-123.00997109548918,38.46064415009908],[-123.01014776139257,38.4604092535348],[-123.01021783557772,38.46028588349054],[-123.01022869214161,38.46021877018646],[-123.01016453971859,38.46002039115529],[-123.01005301319856,38.459853594855446],[-123.00992865619396,38.459693707278085],[-123.00920620121477,38.45898309582312],[-123.00819555381217,38.45802278339856],[-123.00815903627905,38.45793494392704],[-123.00809981865784,38.457543120666465],[-123.00803862711591,38.45723420207563],[-123.00798335733607,38.457121688595265],[-123.00784814376755,38.457003253352774],[-123.00764285601389,38.45689468771382],[-123.00749382500041,38.45683448313222],[-123.00739315504428,38.45682856137008],[-123.00710298870018,38.45686113106177],[-123.00685131380988,38.456877909387785],[-123.00648909935995,38.45684731361683],[-123.0062088026194,38.45682263960797],[-123.00569558323527,38.45674763062105],[-123.00552681301474,38.456695321722286],[-123.00534225142852,38.45660550833006],[-123.00513597671451,38.456458451237296],[-123.00493957160404,38.45626303308718],[-123.00474415345394,38.45601037123653],[-123.0044914916033,38.455741918020216],[-123.0042852168893,38.45557117387896],[-123.00346603979537,38.45493754533162],[-123.00301795979463,38.45460790057334],[-123.00226885688586,38.45416870321577],[-123.00205863433047,38.45412034215842],[-123.00112227585932,38.45402861882211],[-123.00063543749992,38.454034476607625],[-123.00052687186097,38.45400881563842],[-123.00045975855689,38.45394170233434],[-123.00040547573742,38.45385090198177],[-123.00035908860079,38.453624888060666],[-123.0001843966181,38.45334163043904],[-123.0001291268383,38.45319358638592],[-123.00010543978982,38.45309883819192],[-123.00010307623754,38.45295864726352],[-123.00009359626557,38.45255403607645],[-123.00005609177211,38.452388226736964],[-122.99990903467933,38.452107929996394],[-122.99975506886409,38.45183947678007],[-122.99958235080214,38.451490092814716],[-122.9995576767933,38.4513894228586],[-122.99955866375365,38.451227561360525],[-122.99967709899617,38.45091272100757],[-122.99972447309317,38.45073112030241],[-122.99974125141922,38.45060084153566],[-122.9997481601417,38.45018237034551],[-123.00000180895273,38.44980140364883],[-123.00037784084765,38.44941944999179],[-123.00057029811674,38.44908289651103],[-123.00053180666292,38.448927943735434],[-123.00028605353477,38.448678242765844],[-122.99973335573647,38.44824101932896],[-122.99916387961215,38.44785215694945],[-122.99893786569109,38.447651803997566],[-122.99874343450134,38.447421842235066],[-122.99854110762874,38.44709318443714],[-122.99841872454485,38.44686420963498],[-122.99830127626271,38.44669938725586],[-122.99814928436818,38.44656121280628],[-122.99779200471998,38.44630164223315],[-122.99757586040245,38.44607858919312],[-122.99744656859605,38.44588613192407],[-122.99727483749443,38.44550121738596],[-122.99718798498327,38.44535514725355],[-122.9970044103574,38.44512222460999],[-122.99687511855103,38.444984050160414],[-122.99666390903525,38.44482021474162],[-122.99644085599522,38.444685001173106],[-122.99609245899023,38.44452116575434],[-122.99568519519505,38.4443687492957],[-122.99524663396679,38.44426751694333],[-122.9949969329972,38.444231986370575],[-122.99461497934016,38.44414908170082],[-122.9942567127316,38.444074072713924],[-122.9941145904406,38.44400794637019],[-122.99396555942712,38.44388556328628],[-122.99383528066046,38.44370445606131],[-122.99365417343546,38.44341182231632],[-122.99352981643084,38.44324798689754],[-122.99343704215758,38.443184821434876],[-122.99327814154056,38.44312560381362],[-122.99306495810407,38.44309402108229],[-122.99240665554787,38.44303184257998],[-122.99177993572303,38.44300716857112],[-122.9913742950175,38.44301111641253],[-122.99116900726384,38.44302592081785],[-122.99101997625036,38.44302197297643],[-122.99064591827616,38.442928211742796],[-122.98969547545515,38.442555140728935],[-122.98951288778964,38.442495923107685],[-122.98930661307566,38.44242387500185],[-122.98912698629121,38.44238439658768],[-122.98882004162108,38.442378474825546],[-122.98840946611377,38.442393279230856],[-122.98818049131161,38.44243275764504],[-122.98799198188398,38.442491975266286],[-122.98763963703757,38.44266074548685],[-122.98729124003256,38.4428749158837],[-122.98681256426082,38.44315817350533],[-122.98653424144096,38.4433052305981],[-122.98620953148448,38.44343649632519],[-122.98595094787173,38.44351249227246],[-122.98571111650568,38.44352532275707],[-122.98503800954417,38.44352137491566],[-122.98438760267081,38.44347400081866],[-122.98396320971857,38.44344833984944],[-122.98375792196488,38.44345031377015],[-122.98356941253728,38.44348683130325],[-122.98338090310963,38.44359638390256],[-122.98324272866007,38.4437158061054],[-122.98301375385793,38.4440730857536],[-122.98279366169896,38.44439286090836],[-122.98248276918743,38.444979115358684],[-122.98220740724865,38.44540745615238],[-122.98196954980331,38.44571538778287],[-122.98180867526561,38.44587626232058],[-122.98162510063975,38.445983840999176],[-122.98140500848078,38.44606575870857],[-122.98122044689454,38.446115106726275],[-122.98100035473557,38.446115106726275],[-122.98079802786297,38.446044045580784],[-122.9806450490081,38.445957193069624],[-122.9804535786994,38.44577263148341],[-122.98015156883105,38.44537093861928],[-122.97991173746502,38.44503043729712],[-122.97975036944713,38.44485919967568],[-122.97953817297096,38.44471757086487],[-122.97921543693518,38.44455570936679],[-122.97840316856372,38.444186586194355],[-122.97815544151483,38.44408789015895],[-122.97744384309952,38.44379871077518],[-122.97671151851677,38.44353223147958],[-122.97647958283355,38.44340886143531],[-122.97578081490286,38.44291143341683],[-122.97569988415385,38.44273674143415],[-122.97569001455031,38.442611397469186],[-122.97576798441828,38.44239722707234],[-122.97590615886786,38.44206363447264],[-122.97599103745833,38.4417981421374],[-122.9760344637139,38.441535117203024],[-122.97606111164346,38.44110184160756],[-122.9760818378109,38.44076627508718],[-122.97604137243641,38.44023331649595],[-122.97597327217198,38.439974732883165],[-122.97588641966084,38.43987801076847],[-122.97570777983675,38.43973687543783],[-122.97542550917547,38.43958488354329],[-122.97501986846993,38.4393717001068],[-122.9748698504961,38.43921970821227],[-122.97442670529713,38.43851797940051],[-122.97402205155196,38.437986007769645],[-122.97360456732218,38.43744614045595],[-122.97352561049384,38.437264539750785],[-122.97344566670516,38.43697042556525],[-122.9733953317271,38.43667729834008],[-122.97331440097807,38.43634962750251],[-122.97307654353271,38.43577324265573],[-122.97282486864242,38.43530344952716],[-122.97249028908237,38.43473101252178],[-122.9722465098749,38.43441419824813],[-122.97196029137218,38.43411712318154],[-122.97161584220862,38.43381511331319],[-122.97126251040186,38.43355652970039],[-122.9710424182429,38.43341539436977],[-122.970791730313,38.43331423093348],[-122.97027949788921,38.43319628917117],[-122.96990543991498,38.43313312370849],[-122.96951114925353,38.43309413877452],[-122.96866729815079,38.43306551692425],[-122.96824389215887,38.43301518194619],[-122.96807314801761,38.433010247144416],[-122.96776719030784,38.432900694545104],[-122.96740201497681,38.432697380712156],[-122.96686412158384,38.43229470088768],[-122.96658777268469,38.432119021944644],[-122.96599263559118,38.43179332502778],[-122.9656866778814,38.431601854719084],[-122.96510930607425,38.43116561824256],[-122.96486256598573,38.43104323515865],[-122.96454969955346,38.430819195158264],[-122.96412234572013,38.43057442899045],[-122.96399601479482,38.430513237448494],[-122.96373249638026,38.430455993747955],[-122.9635726088029,38.43037506299892],[-122.96334363400074,38.430160892602075],[-122.96325579452923,38.43012338810862],[-122.96315512457312,38.43012042722756],[-122.9630514937359,38.43015299691924],[-122.96274356210546,38.430345454188284],[-122.96266164439606,38.4303602585936],[-122.962547156995,38.43034841506936],[-122.96240306078329,38.43026847128068],[-122.96200827664164,38.42997731797622],[-122.96186220650924,38.42983815656629],[-122.96168060580406,38.4296269470505],[-122.96154243135452,38.429389089605166],[-122.9613815568168,38.429196632336115],[-122.9613450392837,38.429090040617886],[-122.96131937831449,38.42885909189501],[-122.96130111954793,38.428733747930046],[-122.96121426703674,38.42863653233517],[-122.96112642756522,38.42857632775357],[-122.96062011690356,38.428379922643096],[-122.9604404901191,38.428280239647336],[-122.96007728870879,38.42801376035172],[-122.9597762658008,38.427753202818224],[-122.95968151760681,38.427642663258574],[-122.95959762597671,38.42747981480015],[-122.95957887372998,38.427398884051115],[-122.95959663901635,38.427298214094996],[-122.95972099602098,38.42711562642949],[-122.9599489838628,38.42687776898415],[-122.96004570597754,38.42674847717776],[-122.9601108453609,38.42661227664889],[-122.96013749329046,38.42642968898338],[-122.9601365063301,38.426182948894855],[-122.96002497981009,38.425855278057284],[-122.95987594879661,38.42559965532558],[-122.95975257875233,38.42545062431209],[-122.95964598703408,38.42535785003881],[-122.95950189082238,38.42527593232941],[-122.95903209769381,38.42512295347453],[-122.9588751709975,38.425089396822486],[-122.95826128165727,38.425065709773996],[-122.957867484476,38.4250203095977],[-122.95763061399101,38.42491865268123],[-122.95741841751486,38.4248031783198],[-122.9572002992766,38.42464921250455],[-122.95704830738205,38.42450511629284],[-122.95690125028928,38.42431068510309],[-122.95661897962802,38.42409157990448],[-122.9565114009494,38.424033349243594],[-122.9561886649136,38.423921822723585],[-122.95580572429621,38.42377673955153],[-122.95544153592556,38.42359316492566],[-122.95523328729085,38.423474729683164],[-122.95513163037438,38.423361229242445],[-122.9550684649117,38.42331780298685],[-122.95481185521965,38.4232418070396],[-122.95468552429433,38.423152980607725],[-122.95458189345715,38.423064154175854],[-122.95448418438208,38.42292203188486],[-122.95441114931587,38.42275819646608],[-122.95418949660021,38.42253027331775],[-122.9540321565399,38.4223683471262],[-122.95394530402875,38.42222918571627],[-122.95386930808148,38.42204659805076],[-122.95382390790519,38.42184229725746],[-122.95381009046022,38.42171596633214],[-122.95362947671545,38.4215294308252],[-122.95343800640676,38.421403099899884],[-122.95318633151646,38.42129058641951],[-122.95301262649414,38.421193864304804],[-122.95285076499607,38.421047794172395],[-122.95275009503995,38.42088988051574],[-122.95265929468736,38.42068656668279],[-122.95252112023778,38.42036086976593],[-122.952357284819,38.420047016373324],[-122.95225957574398,38.41987824615277],[-122.95196743547916,38.419560444918744],[-122.95186084376093,38.41936009196686],[-122.95178583477401,38.41913605196648],[-122.95172661715277,38.41879456368395],[-122.95167924305579,38.41853400615047],[-122.9515914035843,38.418255683330614],[-122.95127952411241,38.41755000667743],[-122.95124498050002,38.41741578006928],[-122.95123313697577,38.417236153284826],[-122.95124201961896,38.417119691963045],[-122.95129235459702,38.417017048086215],[-122.95140980287916,38.416911443328324],[-122.95175425204275,38.4167742558391],[-122.95181643054505,38.41676537319592],[-122.95184209151425,38.416201818833734],[-122.95183123495035,38.415814930374914],[-122.9517917565362,38.41563135574905],[-122.9516476603245,38.41532539803928],[-122.95157956006007,38.41506484050579],[-122.95146408569862,38.414457859888],[-122.95137624622716,38.41391305777256],[-122.95135354613899,38.413357399093194],[-122.9513407156544,38.412760288078964],[-122.95125781098466,38.41256585688921],[-122.95107719723985,38.41233688208705],[-122.95053535600545,38.41177826252663],[-122.95030440728257,38.411503887548186],[-122.94977144869134,38.410854467635176],[-122.94850024375528,38.40904833018714],[-122.94834726490036,38.408805537940026],[-122.94822290789574,38.40856077177221],[-122.94816467723483,38.408243957498534],[-122.94812914666211,38.408017943577455],[-122.94803341150774,38.407114874853434],[-122.94790806754278,38.40630063256129],[-122.94786168040613,38.405873278727974],[-122.94767021009743,38.40471656119294],[-122.94759520111056,38.40425268982651],[-122.94751821820293,38.404088854407725],[-122.94736820022912,38.40391712330611],[-122.94715106895121,38.403751313966616],[-122.94700894666025,38.403660513614035],[-122.94671285855402,38.40353813053012],[-122.94603185590968,38.403214407533966],[-122.94589762930153,38.40317690304051],[-122.94576142877266,38.40315913775413],[-122.9455798280675,38.403107815815716],[-122.94527781819914,38.403066363480846],[-122.9447843380221,38.4030564938773],[-122.94457905026846,38.40301898938387],[-122.94435402330772,38.402943980396955],[-122.94411517890204,38.402835414758],[-122.94392963035546,38.40269921422914],[-122.94355063757946,38.4022827169597],[-122.94339469784356,38.40208927273029],[-122.94326836691823,38.40189780242159],[-122.94304728779892,38.4016135578396],[-122.94289924374583,38.40151091396277],[-122.94259723387746,38.40136879167177],[-122.94219652797369,38.401242460746445],[-122.94204848392059,38.40114179079032],[-122.94191425731243,38.40096512488693],[-122.94173660444869,38.40076773281611],[-122.94143854242176,38.40029596576684],[-122.94132701590175,38.4001444673525],[-122.94097022973375,38.399755604972974],[-122.94071707440291,38.39951873448798],[-122.94058284779472,38.39934799034671],[-122.94049994312499,38.39917329836403],[-122.94048217783862,38.39905091528012],[-122.94052363017352,38.39846071298837],[-122.94056310858767,38.3980382939568],[-122.94056310858768,38.397786619066494],[-122.94045750382982,38.397335578184666],[-122.94036275563583,38.397025672633475],[-122.94034104250805,38.396759193337864],[-122.94026800744184,38.3965993057605],[-122.94004692832253,38.39632493078207],[-122.93962056144956,38.395801841794395],[-122.93945080426866,38.3955412842609],[-122.9392692035635,38.39522150910617],[-122.93914484655888,38.39508826945837],[-122.9388675106994,38.39486817729941],[-122.93851812673404,38.394670785228584],[-122.9383463956324,38.394552349986085],[-122.9382299343106,38.394416149457214],[-122.93815689924442,38.39426218364199],[-122.93809175986105,38.3940361697209],[-122.93801477695342,38.39366902046917],[-122.93794963757006,38.393556506988794],[-122.93784896761395,38.39344794134984],[-122.9377167149265,38.393351219235136],[-122.93753314030063,38.39325054927902],[-122.93727653060854,38.39315580108503],[-122.93703571228214,38.39308473993953],[-122.93663500637835,38.392970252538454],[-122.93630338769937,38.39290313923438],[-122.9360842825008,38.392855765137384],[-122.93585530769866,38.39277680830906],[-122.93555823263206,38.39264751650267],[-122.93501935227874,38.39231392390299],[-122.93473905553816,38.392134297118545],[-122.93437980196927,38.39194677465126],[-122.93401660055895,38.39171779984912],[-122.93351325077838,38.391368415883754],[-122.93317965817869,38.39117497165435],[-122.9328006654027,38.3909499446936],[-122.93261610381647,38.390806835442255],[-122.93253221218637,38.39069037412045],[-122.93246608584263,38.390522590860265],[-122.93235752020368,38.39015938944995],[-122.93231212002739,38.38982184900884],[-122.9320772234631,38.38875593182641],[-122.93203971896965,38.38849932213434],[-122.93203577112824,38.38820915579023],[-122.93211472795656,38.38790517200116],[-122.93220750222984,38.38774331050308],[-122.93251888822155,38.38737073296942],[-122.93259981897062,38.38721084539205],[-122.93277056311187,38.3867884263605],[-122.93288702443368,38.386659134554115],[-122.9332867433771,38.386365020368586],[-122.9334713049633,38.38620611975157],[-122.93362921861998,38.386000831997904],[-122.93390655447949,38.38571757437629],[-122.93407038989828,38.38549649525696],[-122.93423422531706,38.385210276754265],[-122.93436055624238,38.384963536665744],[-122.93443753915,38.38476614459494],[-122.9345105742162,38.384487821775075],[-122.93462900945867,38.38401802864652],[-122.93487969738865,38.383362686971395],[-122.93502379360035,38.383036990054535],[-122.93509485474586,38.38283959798371],[-122.93510077650798,38.38273300626547],[-122.93501589791752,38.38260864926085],[-122.93487772346795,38.382532653313575],[-122.9344247086654,38.382309600273516],[-122.93389865879665,38.38202930353295],[-122.93330845650488,38.38167794564689],[-122.93291564628402,38.38144304908262],[-122.93279918496222,38.381352248730046],[-122.93270048892681,38.38122394388401],[-122.93251296645956,38.38106010846522],[-122.93224253932249,38.38090219480856],[-122.93182209421168,38.38072158106377],[-122.93164246742722,38.38059327621773],[-122.93153192786758,38.38050346282551],[-122.93131775747074,38.380394897186555],[-122.93107200434254,38.38028238370618],[-122.93074630742572,38.380182700710414],[-122.93037126249115,38.38009288731819],[-122.93005630189431,38.38003384942791],[-122.92962512046344,38.379973465115356],[-122.92948412835766,38.37994607533155],[-122.92919579270941,38.37984614722968],[-122.92901616592496,38.379739555511435],[-122.92868059940457,38.37953426775778],[-122.92838747217941,38.37936944537865],[-122.92781503517406,38.37902104837366],[-122.92718041966637,38.37865093824086],[-122.92685077490813,38.37846538969429],[-122.92655764768297,38.37826997154418],[-122.92628228574418,38.37804099674202],[-122.92603357173496,38.37762548643294],[-122.92577104028076,38.37714286281978],[-122.92559338741702,38.37678163533018],[-122.92549370442126,38.37663359127706],[-122.92538415182193,38.37653983004342],[-122.9252578208966,38.37646087321509],[-122.92487488027923,38.376327633567286],[-122.92348622706098,38.37582132290563],[-122.92191498617724,38.375254807662365],[-122.92161001542785,38.37513735938022],[-122.92127444890744,38.3750603764726],[-122.92075333384047,38.37503274158268],[-122.92003285278197,38.375054454710465],[-122.91988678264956,38.37503274158268],[-122.91976637348635,38.37497944572356],[-122.91969728626157,38.3749182541816],[-122.91968346881667,38.37483732343256],[-122.91800168837327,38.37330654792332],[-122.91776481788827,38.373139751623484],[-122.9175210386808,38.37310224713003],[-122.91730982916503,38.373051912151965],[-122.91695945823932,38.37289597241601],[-122.91679167497912,38.372773589332105],[-122.91667718757807,38.372645284486076],[-122.9164768346262,38.37236794862656],[-122.91632780361272,38.37220707408885],[-122.91621035533056,38.37214489558653],[-122.91607859612334,38.37215180430902],[-122.91561373779653,38.37226283734886],[-122.91507288352248,38.37238522043277],[-122.91484193479963,38.37241779012445],[-122.91436819382965,38.372421737965865],[-122.91399413585545,38.37245628157825],[-122.9138599092473,38.37249773391313],[-122.91366646501791,38.372595442988185],[-122.91274267012645,38.37290386809886],[-122.91205278483898,38.373080534002234],[-122.9108200713567,38.373349974178915],[-122.91020716897683,38.37352170528053],[-122.910009776906,38.3736105317124],[-122.90981139787485,38.37377140625013],[-122.909455105187,38.37413164677938],[-122.90923797390911,38.37431818228631],[-122.9090622949661,38.37444451321163],[-122.90890438130944,38.37451853523819],[-122.90877706342376,38.37456294845413],[-122.9086082932032,38.37459847902687],[-122.90838425320281,38.37461229647183],[-122.90787103381867,38.37461624431326],[-122.90743874518355,38.37468730545876],[-122.90719200509506,38.374746523080006],[-122.9068120253587,38.37484916695683],[-122.9059237610401,38.37505938951228],[-122.90572242112786,38.375156111626985],[-122.90516676244849,38.375494639028446],[-122.9050068748711,38.375583465460316],[-122.90469104755778,38.375789740174326],[-122.90446207275562,38.375889423170086],[-122.90382252244618,38.376197354800595],[-122.90348695592576,38.37634638581406],[-122.90224832068134,38.37692277066085],[-122.90172424473333,38.377139901938776],[-122.90106692913749,38.377304724317895],[-122.90083449997412,38.377393550749765],[-122.9004377419118,38.37763140819511],[-122.90018113221973,38.377836695948766],[-122.89968863900303,38.37813870581712],[-122.89931458102882,38.378381498064236],[-122.89933629415661,38.378201871279785],[-122.89945867724052,38.377803139296724],[-122.89951592094106,38.37770641718202],[-122.89972713045682,38.37758995586024],[-122.8998179308094,38.37750310334908],[-122.8998633309857,38.37741427691721],[-122.89991958772593,38.37693560114546],[-122.90000940111815,38.37672340466933],[-122.90002025768203,38.376575360616215],[-122.89999854455425,38.3760917500427],[-122.8999827531886,38.37491529330061],[-122.90000940111817,38.374845219115485],[-122.89987517451,38.37081348606893],[-122.89988307019286,38.370692089945386],[-122.89999558367323,38.370467062984645],[-122.90008046226367,38.3703841583149],[-122.90020580622866,38.37028250139842],[-122.90026897169132,38.3701926880062],[-122.90029167177946,38.37009399197079],[-122.90028969785875,38.3699498957591],[-122.90025021944459,38.36981961699235],[-122.90015547125059,38.36966959901852],[-122.90008441010507,38.36951365928257],[-122.90006763177911,38.36937943267441],[-122.89992649644847,38.36890075690267],[-122.89982385257166,38.368450702981185],[-122.89976858279182,38.368044075315304],[-122.89969061292385,38.367721339279505],[-122.89966297803394,38.36754368641575],[-122.89955243847429,38.36715087619482],[-122.89946953380455,38.36700579302277],[-122.89939353785728,38.36694756236188],[-122.89926029820947,38.36691795355125],[-122.89911176067618,38.36692732967461],[-122.89891634252605,38.36693966667904],[-122.89835969688633,38.36698506685532],[-122.89798169107071,38.36706106280259],[-122.89770139433016,38.367128176106654],[-122.89713586604726,38.36728312888225],[-122.89694439573856,38.367364059631285],[-122.89681707785289,38.3674045250058],[-122.89670653829322,38.36743117293537],[-122.89655355943833,38.36744597734068],[-122.89631471503264,38.367452886063155],[-122.89607784454766,38.367434133816424],[-122.89576497811544,38.367379850996954],[-122.89529814586794,38.367275233199415],[-122.89503364049305,38.36719627637109],[-122.89452930375208,38.36708080200966],[-122.89428355062395,38.36699888430028],[-122.89403681053543,38.36688735778027],[-122.8938502750285,38.36677583126025],[-122.89356504348619,38.36666035689883],[-122.89327783802315,38.36649553451969],[-122.89301037176718,38.36637611231684],[-122.89262644418943,38.36630702509204],[-122.89238365194232,38.366253729232916],[-122.89204018973909,38.36621622473946],[-122.89144702656627,38.36615108535609],[-122.8910502685039,38.366142202712886],[-122.89067324964866,38.36608397205199],[-122.89034853969213,38.36605337628103],[-122.89001198621139,38.36598428905624],[-122.88973168947084,38.3658885539019],[-122.8892125483246,38.36574149680914],[-122.88840718867563,38.36555890914364],[-122.88779231237503,38.36540987813018],[-122.88743601968719,38.36526380799776],[-122.8871991492022,38.365192746852266],[-122.88686950444394,38.36510688130145],[-122.88646978550051,38.36502101575064],[-122.8859496573939,38.364951928525855],[-122.88555783413332,38.364899619627096],[-122.8851630499917,38.364787106146736],[-122.88480083554174,38.36465485345927],[-122.88457383466029,38.36453839213749],[-122.88436755994628,38.3643854132826],[-122.8840142281395,38.36428276940577],[-122.88367767465876,38.36428474332648],[-122.88341909104598,38.36433113046312],[-122.88283086267492,38.364378504560115],[-122.88214986003061,38.36450088764404],[-122.88155768381817,38.36454135301856],[-122.88115500399368,38.36449792676298],[-122.88102077738553,38.364462396190234],[-122.88061020187821,38.3644071264104],[-122.88039504452102,38.364355804471984],[-122.88008513896985,38.364312378216404],[-122.87937452751488,38.364164334163284],[-122.87908238725005,38.364052807643276],[-122.8788336732408,38.363976811696006],[-122.87843296733705,38.36381396323758],[-122.87799771782089,38.363665919184456],[-122.87760885544135,38.36356031442659],[-122.87739961984629,38.36353761433844],[-122.87705714460344,38.3635386012988],[-122.876688021431,38.36358005363368],[-122.87609683217889,38.36361854508749],[-122.87609683217889,38.36366197134308],[-122.87596161861038,38.363658023501664],[-122.87595076204654,38.36320994350089],[-122.87584614424902,38.36236905327919],[-122.87575534389647,38.361997956186045],[-122.87561322160549,38.36161106772723],[-122.87530134213358,38.36099717838697],[-122.87277669754778,38.35645518683733],[-122.87210359058625,38.3552042145885],[-122.87160221472632,38.35421922815509],[-122.86937119084588,38.349619005944554],[-122.86926311868716,38.349405822508096],[-122.86914468344466,38.34928047854313],[-122.86888906071295,38.34917487378524],[-122.86846368080035,38.34906038638417],[-122.86778267815602,38.34884818990802],[-122.86700297947628,38.348621189026574],[-122.86683026141432,38.34851361034798],[-122.86642264678805,38.34818890039148],[-122.86618084150132,38.34796979519287],[-122.86595285365952,38.34770627677833],[-122.86541496026653,38.34709238743807],[-122.86502017612489,38.3467173425035],[-122.86475073594826,38.346505146027376],[-122.8644576087231,38.346344271489656],[-122.86391280660764,38.34631663659975],[-122.86333247391946,38.34626334074063],[-122.8619699751506,38.346171059947515],[-122.86122037876164,38.34610394664344],[-122.86024624889214,38.34598107007937],[-122.85955735056496,38.34586510223777],[-122.85903968985923,38.345775288845545],[-122.85880578025531,38.345738277832275],[-122.85866365796431,38.345738277832275],[-122.85855163796413,38.34576245836095],[-122.85812428413078,38.345879906643084],[-122.8577941458924,38.34596725263444],[-122.8575187839536,38.346010678890025],[-122.85729178307214,38.346037326819584],[-122.85698878624342,38.34604522250242],[-122.85681409426074,38.34603041809711],[-122.85662163699169,38.34598995272258],[-122.85648741038352,38.345931722061685],[-122.85640351875347,38.34586066091621],[-122.85635022289433,38.345754069197966],[-122.8562436311761,38.34538297210482],[-122.85618540051522,38.34530006743507],[-122.85608078271767,38.34523887589311],[-122.8559317517042,38.345191501796116],[-122.85570475082277,38.345162879945846],[-122.85536819734209,38.3451530103423],[-122.85283664403376,38.34497831835963],[-122.85058785486686,38.34482780690563],[-122.84558544631213,38.344444372808056],[-122.84519362305151,38.34439206390929],[-122.84461230340298,38.34430225051705],[-122.84393130075864,38.34420750232306],[-122.84346150763008,38.34414828470182],[-122.84228407135835,38.34397995128596],[-122.84192777123978,38.343883779326916],[-122.84117866833104,38.34362322179343],[-122.84057859643575,38.3433873382688],[-122.83999431590611,38.3431721809116],[-122.83939819185227,38.34298268452361],[-122.83906065141116,38.34289089721068],[-122.83857901475837,38.342749761880064],[-122.83794143836963,38.3425938221441],[-122.8376433763427,38.342545461086765],[-122.83684393845586,38.34236583430231],[-122.83661891149515,38.34228983835506],[-122.83629420153864,38.34216153350902],[-122.83599811343241,38.341982893684936],[-122.83567840797535,38.34171368794454],[-122.83532155210969,38.34133594117283],[-122.83449201193204,38.34028828275693],[-122.83356426919916,38.33909356724827],[-122.83334960532213,38.33878612909796],[-122.83327360937487,38.33863315024307],[-122.83320254822938,38.338423914648004],[-122.83314826540995,38.33821369209258],[-122.83311865659931,38.33777350777465],[-122.82642949498394,38.33163950372116],[-122.81494276863958,38.32619689806439],[-122.79978084257928,38.331640056345755],[-122.79608280507945,38.33296765835106],[-122.7883060153727,38.329625232779236],[-122.77886783685835,38.32115405023662],[-122.77809750090331,38.3142472835451],[-122.76406287472643,38.30971201892399],[-122.75264414067873,38.30575999325424],[-122.73860586728935,38.30055855944975],[-122.73835985973426,38.301363855036314],[-122.73811392222335,38.30222198234636],[-122.73698539063992,38.306130550299166],[-122.73603236682774,38.30819701073912],[-122.73464025293332,38.31082512485697],[-122.73350530001142,38.310176575462116],[-122.73025786675936,38.30846183332387],[-122.72507109698603,38.30581346440872],[-122.71729265611236,38.301855691280565],[-122.71347637112903,38.30977895402445],[-122.71418729565,38.310823762161135],[-122.71486883883858,38.31228103083273],[-122.71517222080557,38.313368305652794],[-122.71526805899991,38.31450846420138],[-122.71516526685046,38.31582125347668],[-122.7150023224253,38.31672854932837],[-122.71465465562977,38.31807288025883],[-122.71369059347663,38.32184390871744],[-122.71344125422817,38.32267195696763],[-122.71306909807663,38.324394543935334],[-122.71295982207947,38.32548597286412],[-122.71290047087994,38.32727029503889],[-122.7129386451879,38.33129695910961],[-122.71307317708637,38.34548751790795],[-122.71321295521481,38.36097717518353],[-122.71315414559055,38.36179079538053],[-122.71287211783024,38.363238166592076],[-122.71226502209916,38.36683545268132],[-122.71220826865316,38.367612743739855],[-122.71225578190986,38.368185750801885],[-122.71246803186104,38.36888800939343],[-122.71290950628243,38.36983157704022],[-122.71309904221597,38.37043706600269],[-122.71333924610443,38.370973875165376],[-122.71341780298808,38.37118479738844],[-122.71343374158671,38.37144422299192],[-122.71340870864643,38.37483505795922],[-122.71344329616127,38.38695911079886],[-122.71340540554212,38.40183754227035],[-122.71344925647364,38.41861241000909],[-122.71351426711695,38.426313087366836],[-122.7135040362247,38.42675074975853],[-122.71330460836606,38.42721057698497],[-122.71292252375281,38.42792140425863],[-122.7110639955118,38.43017222905954],[-122.71108395057999,38.43035744413999],[-122.71126955884814,38.43133648107556],[-122.71235695754693,38.4366166683091],[-122.7125211611816,38.43730786551403],[-122.71255376959955,38.43800807442852],[-122.71256954562307,38.4384215505021],[-122.71261852941997,38.4385578416095],[-122.71596619362924,38.44308654570855],[-122.71769675662205,38.44541106960621],[-122.71771266994037,38.445895948643255],[-122.7171390595591,38.4584569023129],[-122.71695648024932,38.46102960458778],[-122.71783117111005,38.46242120976455],[-122.72105059620786,38.46818563813758],[-122.72129587889624,38.46857060190119],[-122.72272719264043,38.47041981277641],[-122.72213704919209,38.497303884947634],[-122.72195387852861,38.50714337661219],[-122.72146656701175,38.50721751876562],[-122.72067031889091,38.507384260371815],[-122.71976659993838,38.50773575798587],[-122.71913691914948,38.50826379513399],[-122.71853986417213,38.50894601209065],[-122.71838822643335,38.50935853962536],[-122.71835398818796,38.509660019161466],[-122.71869656075452,38.51034215079625],[-122.7194562288886,38.5113936299793],[-122.7194562288886,38.512038015300824],[-122.7188859106156,38.51320172291643],[-122.71857998905554,38.51382649943503],[-122.7186159935236,38.51448563318948],[-122.72013835190675,38.516730239474235],[-122.7203803375156,38.517146479209174],[-122.7204192260907,38.5174548745626],[-122.72040447765775,38.517811878098],[-122.71956836270812,38.51922806403181],[-122.71839411307135,38.52099410513439],[-122.71838348505379,38.52186622455208],[-122.71897060987217,38.52319034570496],[-122.7193636178756,38.524610119015826],[-122.71986092002292,38.525381697494566],[-122.72021079114297,38.52588712125011],[-122.72074836639842,38.52652831148073],[-122.72144812571975,38.52747954882638],[-122.72222484584462,38.52832633078279],[-122.72297207717297,38.52849592928391],[-122.7237579498067,38.5287432700165],[-122.7244718393162,38.52916895333462],[-122.72490187012833,38.529595209204516],[-122.72523841992022,38.53010152488787],[-122.72556171877068,38.530733823788026],[-122.72575935247698,38.531338741347156],[-122.72571159028683,38.53179247314811],[-122.72549559148435,38.53262805384179],[-122.72543936110047,38.53284366712712],[-122.72518172597161,38.53383155930712],[-122.72525546813627,38.53451207043174],[-122.72556659201386,38.535558891490936],[-122.72566066440982,38.53613021319978],[-122.72552395602398,38.53643823968786],[-122.72526211668571,38.536760139530884],[-122.72473443675013,38.53718659351513],[-122.7239464318562,38.537633780659185],[-122.72259369500928,38.53828888969191],[-122.7217377933379,38.53882321924578],[-122.72090262893688,38.53990151872354],[-122.72033540977404,38.541021107561676],[-122.72025872655703,38.542430227305104],[-122.72025071963328,38.54269971656943],[-122.72034358833777,38.54319196625515],[-122.72058799034865,38.54375860561636],[-122.72056802204244,38.54476964671898],[-122.72047537054317,38.545665072424185],[-122.72048798286096,38.54651673901408],[-122.72049861683831,38.54731252665973],[-122.72057439086787,38.54820425635702],[-122.72061243082636,38.5485698783483],[-122.72041238876297,38.54914591520677],[-122.72019494558963,38.549370954437016],[-122.71967691574741,38.54971289364594],[-122.71873398098704,38.54977308097107],[-122.71678792414114,38.54955239411226],[-122.71605482982673,38.54955973549673],[-122.71514931152308,38.54969163761083],[-122.71411961939367,38.54985333073791],[-122.71353578788832,38.54983813631308],[-122.71261334062476,38.54958090953212],[-122.71078925406977,38.54889033353582],[-122.71027589021708,38.54864715986328],[-122.70987033164289,38.548520472751335],[-122.70963596191315,38.54851849973362],[-122.70907494836068,38.548704426041894],[-122.7084592607416,38.54896065858992],[-122.70800874305374,38.54919280642128],[-122.70757402062,38.54946243796374],[-122.70602099162907,38.55013982029589],[-122.7052823938915,38.550535467581525],[-122.7029248389178,38.55108774004095],[-122.70195698007666,38.55142085371783],[-122.70137788439473,38.55181792280666],[-122.70008799765088,38.55263798448652],[-122.69946917350889,38.553007107658956],[-122.69875757509355,38.55344531805618],[-122.69747946143507,38.554232912418776],[-122.69733418809594,38.55434891195184],[-122.697128103549,38.55457736158236],[-122.69683892416526,38.55483890607619],[-122.69654382301938,38.55513499418243],[-122.69629806989123,38.555420225724774],[-122.69618358249015,38.555584061143556],[-122.69589539006675,38.55590087541724],[-122.69575425473609,38.556029180263266],[-122.69566049350244,38.55614070678328],[-122.69549369720261,38.55629664651923],[-122.69528544856792,38.55644666449305],[-122.69481036057655,38.55671376761534],[-122.69398621306487,38.557081554668265],[-122.69352915151596,38.557319276952036],[-122.69323329489983,38.55744104481052],[-122.69236347959061,38.5577892223259],[-122.69182424437729,38.55806386776675],[-122.69140316326661,38.55823104325247],[-122.69122216123692,38.55827566528062],[-122.69091043551916,38.55830834620264],[-122.69068418298208,38.55835611062713],[-122.69039382555951,38.55835736758568],[-122.68993880656825,38.558309603161156],[-122.68959942776264,38.558295148137965],[-122.68938763024879,38.55826875200864],[-122.68910921393227,38.55819961928897],[-122.68865419494104,38.55805255513987],[-122.68830978830128,38.55786212592117],[-122.6878264877429,38.55752588951189],[-122.68749087981291,38.55731157808094],[-122.68689256754817,38.55698036950584],[-122.68634956145917,38.55672772083943],[-122.68599447067183,38.556563687750064],[-122.6855891015429,38.5564115957668],[-122.68517807610053,38.55629281318483],[-122.68465015351401,38.55617717299921],[-122.68390226318307,38.55604267843552],[-122.68339068105759,38.555968517881695],[-122.68279865358555,38.55594086479382],[-122.6821927995696,38.55592829520843],[-122.68129910204811,38.55593206608403],[-122.68040791844372,38.555957205254835],[-122.67949033871002,38.55599868488662],[-122.6787437053377,38.55603136580864],[-122.67807123251914,38.55603765060134],[-122.67771551325255,38.556023824057405],[-122.67741195776529,38.55596788940241],[-122.67709206181699,38.55588430165954],[-122.67665086936971,38.55575734884706],[-122.67632028927389,38.555603999905266],[-122.67606198429408,38.555443737691526],[-122.67575465793121,38.55516909225067],[-122.67561639249186,38.55498306238686],[-122.67538511212061,38.55459843307383],[-122.67521667967632,38.554374694453834],[-122.67490495395859,38.554061711777564],[-122.67462465220433,38.55382666053072],[-122.67433932261592,38.55366954071328],[-122.67400999947864,38.55352373352272],[-122.67370707247068,38.55337164153947],[-122.67336455126863,38.55316047250486],[-122.67317789292557,38.55301717923137],[-122.67291833098717,38.55280349627969],[-122.67278006554785,38.55266397388182],[-122.67262043181337,38.55243520742767],[-122.67229990738586,38.55193242401194],[-122.67204851567797,38.55156916299406],[-122.67152813484266,38.55093691284879],[-122.67099015658782,38.55038510805001],[-122.6706118120675,38.5500394444517],[-122.67012159823717,38.549702579563174],[-122.66986266477811,38.549564942603105],[-122.66954402578837,38.54945370177238],[-122.66939067684655,38.54942730564304],[-122.66916065343385,38.54942227780889],[-122.66878356587206,38.549436104352814],[-122.66839516568339,38.54950649403103],[-122.66828329637339,38.5495567723726],[-122.668142517017,38.54963218988495],[-122.66800173766062,38.54975285790473],[-122.6678571874286,38.54994140168562],[-122.66774531811859,38.550145028969006],[-122.66773023461613,38.55027072482293],[-122.66773777636737,38.55071191727022],[-122.6678571874286,38.55156790603551],[-122.66785970134565,38.55177907507011],[-122.66781947867237,38.551965104933934],[-122.66770886632091,38.55222529535158],[-122.66754797562783,38.55249428447899],[-122.6672689308321,38.55283617720168],[-122.66696851774117,38.55331633536369],[-122.66675734870658,38.55371981905482],[-122.66660274280622,38.55397749555539],[-122.66633501063737,38.55428922127312],[-122.66605722280016,38.554563238234714],[-122.66577189321177,38.55474235482655],[-122.66511701781276,38.555101216489525],[-122.66495738407826,38.5551577796238],[-122.6647474720022,38.55519423142144],[-122.6645916091433,38.5552055440483],[-122.66429622388657,38.55520303013122],[-122.6640963674788,38.555162807457954],[-122.66394427549555,38.55510875824076],[-122.66378778415742,38.55502831289425],[-122.66348737106651,38.554801431877905],[-122.66305372037044,38.554397948186775],[-122.6627834742845,38.55419934873755],[-122.66239633105435,38.55390522043934],[-122.66218893289538,38.55367268310957],[-122.66201295869986,38.553546987255636],[-122.66184955408978,38.55346151407497],[-122.6616484407235,38.553396152230924],[-122.66125501270072,38.55332073471857],[-122.66100236403432,38.55329559554779],[-122.66069880854707,38.55329685250632],[-122.66041662135497,38.5533119360088],[-122.65982207996585,38.55336284282962],[-122.65957571609212,38.55340055158581],[-122.6593155256745,38.553522476564126],[-122.6590716757179,38.553673940068116],[-122.65875743608306,38.553941672237],[-122.65849661718615,38.554205633530245],[-122.65827350704541,38.55437846532939],[-122.65803342796436,38.554543126898054],[-122.65786373856157,38.554621058327484],[-122.65758595072438,38.554670079710526],[-122.65741626132153,38.55468139233737],[-122.65724531496024,38.55467636450322],[-122.65709196601837,38.5546348848714],[-122.65695872841322,38.55457455086152],[-122.65668722536874,38.55440109058309],[-122.65620643872742,38.55406171177747],[-122.65576273236304,38.553766955],[-122.65530959880957,38.553496708914054],[-122.65498278958935,38.55333456126249],[-122.65449760359316,38.55313596181328],[-122.65413182865824,38.55299266853978],[-122.65365544137181,38.55278778429787],[-122.65333491694429,38.55267528650861],[-122.65322556155137,38.55265706060978],[-122.65298862486671,38.55262312272922],[-122.65277619887354,38.5525741013462],[-122.65245944532165,38.55247103074596],[-122.65224701932851,38.55242200936293],[-122.65203207941825,38.55239309931653],[-122.65151672641713,38.55231265397001],[-122.65134829397287,38.552261118669904],[-122.65115095148221,38.55217061765507],[-122.65093475461344,38.552013497837656],[-122.65075500954234,38.55185574954098],[-122.6505978897249,38.55171748410166],[-122.65048979129051,38.551653379216155],[-122.65036346695732,38.551648979861255],[-122.65021011801552,38.55168291774182],[-122.64996375414181,38.55179981488595],[-122.6495263325701,38.55206440465849],[-122.6493641849185,38.552137308253776],[-122.64902480611286,38.55222403839299],[-122.64852013725933,38.55232270963834],[-122.64827628730269,38.55237235950063],[-122.64792308195312,38.552466631391084],[-122.64771568379412,38.55253702106929],[-122.64740772895199,38.552682828259854],[-122.64725877936509,38.5527645305649],[-122.64673777005054,38.55300523812519],[-122.6465077466378,38.55309699609855],[-122.64630663327151,38.553153559232825],[-122.6460709535454,38.553191896468284],[-122.64591069133164,38.55322520586957],[-122.64553548920763,38.55328868227581],[-122.64506412975543,38.55341814900536],[-122.64464179168617,38.55354635877637],[-122.64382225471856,38.55388070974784],[-122.64312967056337,38.554192435465595],[-122.64289587627505,38.55428922127312],[-122.64272115903812,38.55434452744884],[-122.64259420622564,38.55436840966109],[-122.64236795368856,38.55439229187333],[-122.64152704842573,38.55445262588321],[-122.64066226095068,38.55446770938567],[-122.64049634242352,38.55448153592961],[-122.64010040048363,38.55455695344195],[-122.63971702812917,38.55466756579341],[-122.63931103052094,38.55480457427418],[-122.63885286913336,38.55493969731716],[-122.63825267143082,38.55513829676639],[-122.63754751769024,38.55535575059368],[-122.63724710459938,38.555486474281764],[-122.63709501261611,38.55558828792344],[-122.63690018404253,38.55575357797135],[-122.63663245187368,38.556022567098765],[-122.63634712228523,38.55635943198729],[-122.6361673772141,38.556605795860996],[-122.63591158615135,38.5569124937446],[-122.63541634448681,38.55746241310555],[-122.63488088014903,38.55802553053117],[-122.63442209028224,38.55851323044445],[-122.63422977562567,38.55871497229001],[-122.63389291073709,38.55901664233946],[-122.63365031773898,38.55919261653496],[-122.63337755773597,38.559339680684054],[-122.63293510833013,38.55951062704541],[-122.6324976867584,38.559633808982255],[-122.63214448140887,38.559709226494626],[-122.63178247734953,38.55976076179473],[-122.63145943900493,38.55977333138013],[-122.62974306211947,38.55978967184113],[-122.62610919498229,38.55983492234854],[-122.62611170889929,38.560164245485815],[-122.62510614206784,38.560491054706034],[-122.62461844215457,38.56072233507727],[-122.6243217999393,38.561091880887844],[-122.62416090924626,38.56157455296694],[-122.6241012147489,38.56195105498562],[-122.62424638242695,38.56271084348649],[-122.62466369266203,38.56393763502087],[-122.6250307245555,38.5647923668276],[-122.625588814147,38.565415818263105],[-122.62593070686971,38.56582558674693],[-122.62611925065059,38.56582684370546],[-122.62618838337025,38.56597265089602],[-122.6263266488095,38.56635225237492],[-122.626525876738,38.56676390629655],[-122.62665911434313,38.5671604767157],[-122.62678606715562,38.56756144648975],[-122.62680869240933,38.56784049128548],[-122.62683383158009,38.56861477774571],[-122.6268539429167,38.56891770475368],[-122.62685017204109,38.56910499157605],[-122.62680366457514,38.56987047932649],[-122.62674207360672,38.57009421794649],[-122.62732278845188,38.57016586458324],[-122.62767473684288,38.570197288546716],[-122.62805936615591,38.57019477462965],[-122.62842011325662,38.57019226071254],[-122.62881416975871,38.57021677140405],[-122.62903036662748,38.57022431315528],[-122.62911709676669,38.57021677140404],[-122.62924342109986,38.57015015260147],[-122.62934020690739,38.5700646794208],[-122.62949921216263,38.56998297711573],[-122.6296733009203,38.56987173628501],[-122.62996931465632,38.56973032844933],[-122.63008495484193,38.56968633490043],[-122.63022887659464,38.569611545867346],[-122.63044884433906,38.56949590568171],[-122.63056574148318,38.56935826872165],[-122.63065687097728,38.569237600701875],[-122.63080079273004,38.56914521424924],[-122.63091517595711,38.56910310613817],[-122.6310025345756,38.56908299480155],[-122.63112131715756,38.56908550871863],[-122.63132934379584,38.569161554710256],[-122.6315483006305,38.5693139683704],[-122.63187172140555,38.569612802825866],[-122.63198799007041,38.56989499001793],[-122.63202632730587,38.57006970725489],[-122.63200181661432,38.57017969112708],[-122.63193896868735,38.57054923693764],[-122.63193331237395,38.57074029463562],[-122.63191382951658,38.570815712147976],[-122.63189120426284,38.57093512320921],[-122.63189497513842,38.57105579122899],[-122.63192514214337,38.57113497961697],[-122.6319804483191,38.571229251507404],[-122.63208791827422,38.571322894918595],[-122.63223686786112,38.571425337039535],[-122.63232799735523,38.571522122847064],[-122.63236162099611,38.57161749457625],[-122.63238487472907,38.57167185803306],[-122.63239681583516,38.57174287619054],[-122.63240310062787,38.57183966199807],[-122.63233396790822,38.57212184919014],[-122.63225415104097,38.57231542080519],[-122.6321925600725,38.57241660596761],[-122.631960651222,38.57277106827569],[-122.63194745315731,38.57285968385272],[-122.6318912042627,38.57299606385424],[-122.63186072301805,38.573172980768646],[-122.63182112882411,38.573262853304215],[-122.63178342006789,38.573419973121624],[-122.6317733643996,38.57355132528897],[-122.63178090615082,38.573793918287066],[-122.63188806186625,38.57416534953543],[-122.63188617642847,38.5742498799972],[-122.63179378997579,38.57440071502192],[-122.63149463384339,38.57473506599338],[-122.6314443555018,38.574809226547195],[-122.63135322600768,38.57500216968299],[-122.63132557291979,38.57511906682715],[-122.6313104894173,38.57522779374081],[-122.63132745835759,38.575331492820304],[-122.63135385448687,38.57542702166927],[-122.63142927199924,38.575553974481736],[-122.63160524619472,38.575732462594324],[-122.6316882054583,38.57584998821775],[-122.63180761651951,38.5761617139355],[-122.63181578675004,38.57628992370651],[-122.63181075891586,38.576414991081165],[-122.63167312195579,38.576744942697715],[-122.63155936720794,38.57687943726142],[-122.63146823771383,38.57702147357635],[-122.63124009973895,38.5773394840868],[-122.63110183429963,38.57752174307501],[-122.63092523162486,38.577793246119484],[-122.6308045636051,38.57814142363489],[-122.63073543088547,38.578260834696124],[-122.63068829494024,38.57832116870601],[-122.63054123079112,38.57863352290303],[-122.63058208194364,38.57875670483989],[-122.63062921788887,38.578847834333985],[-122.63091203356015,38.57919789728719],[-122.6310207604738,38.57934936079117],[-122.63123381494617,38.579556758950154],[-122.63163981255437,38.579859685958134],[-122.63181327283279,38.579960871120555],[-122.63225383680079,38.58003503167437],[-122.63244615145727,38.58001931969264],[-122.63255236445386,38.58000046531455],[-122.63281821118493,38.58000046531454],[-122.63298412971207,38.5800344031951],[-122.63311548187946,38.58009850808062],[-122.63330402566034,38.58026505508707],[-122.63349822575464,38.58051581831567],[-122.63377727055033,38.5808319433883],[-122.63392747709578,38.581011059980156],[-122.63419269534758,38.581323414177184],[-122.63427282645443,38.58140071712736],[-122.63441517700898,38.58152389906419],[-122.63453081719462,38.581646452521774],[-122.6346181758131,38.581774033813524],[-122.63474010079138,38.58210335695082],[-122.63476335452431,38.58218820165223],[-122.63477749530786,38.582282787782304],[-122.63483500116104,38.58246913188576],[-122.63495095558625,38.58278180032243],[-122.63498426498755,38.58287544373362],[-122.63503705724618,38.583075300141374],[-122.6352086320868,38.58336125820906],[-122.63526330978326,38.58346055793366],[-122.6352997615809,38.583569913326585],[-122.63530950300932,38.58369906581647],[-122.63529787614284,38.58386781250039],[-122.63531233116602,38.5840890372033],[-122.63534501208807,38.5842009065133],[-122.63534438360877,38.58431780365746],[-122.63527902176472,38.58448435066392],[-122.63521114600357,38.58461256043492],[-122.63513572849122,38.58491862983924],[-122.63516589549614,38.58503175610778],[-122.63520674664865,38.58509837491037],[-122.63523628517433,38.58519201832154],[-122.63537203669657,38.58548049030631],[-122.6354132020887,38.58553988159727],[-122.63544808268816,38.585679403995144],[-122.63545750987718,38.58575984934166],[-122.63541603024538,38.585850978835765],[-122.63536700886236,38.58588365975779],[-122.63519889065772,38.585973846532966],[-122.63495315526326,38.58614165049795],[-122.63492455945648,38.58619287155844],[-122.63493178696805,38.58626451819518],[-122.63502228798289,38.58637010271247],[-122.63526990881516,38.586551733221405],[-122.63537172245682,38.58668214266986],[-122.63542074383987,38.58672833589618],[-122.63548924808026,38.58677610032068],[-122.63580977250777,38.587018064839484],[-122.63587764826885,38.5871337050251],[-122.6359329544446,38.58719655295207],[-122.6360240839387,38.587273227422955],[-122.63611867006878,38.58734330286152],[-122.63632449702953,38.58747119839291],[-122.63647753173169,38.58759783696574],[-122.636915267543,38.58782471798207],[-122.63726784441323,38.588010119366615],[-122.63739919658057,38.588115075404644],[-122.63748027040636,38.588205576419476],[-122.63762230672128,38.588474565546875],[-122.63771626437212,38.58862445785269],[-122.63781053626253,38.58889376121974],[-122.63794628778481,38.58912629854951],[-122.63799656612638,38.5892010875826],[-122.63814991506817,38.58936952002687],[-122.6382844096319,38.58948013237832],[-122.63840759156876,38.58956372012118],[-122.63869103571935,38.58967558943119],[-122.63880667590497,38.5897063849154],[-122.63902884332677,38.58979562897171],[-122.63937764932143,38.58995997630072],[-122.63963469734271,38.590171145335326],[-122.63974908056977,38.59026164635015],[-122.63980658642294,38.59033674962288],[-122.63987257674621,38.590395198194955],[-122.64000769978921,38.59053849146843],[-122.6401277393297,38.590706295433435],[-122.64028234522996,38.59087158548135],[-122.64041432587658,38.59099162502186],[-122.64068048684726,38.591292980831675],[-122.64078324320784,38.59140202198497],[-122.64116221620745,38.59174831406255],[-122.64122977772895,38.591839757796265],[-122.64129136869737,38.59197425235997],[-122.6413215357023,38.59213388609446],[-122.64135421662436,38.592342541211984],[-122.64142209238547,38.592601474671085],[-122.64149436750145,38.592823956332545],[-122.64166342842502,38.59319035974677],[-122.64176775598379,38.59332485431048],[-122.64184050245923,38.59338691663835],[-122.64213431651781,38.593652449129785],[-122.64237690951589,38.59382653788748],[-122.6426251588274,38.59402639429523],[-122.64298653440743,38.59427212968965],[-122.64314805357972,38.59439656858503],[-122.6432354121982,38.59447324305594],[-122.64349246021948,38.59474537457968],[-122.6435974162575,38.59493077596423],[-122.64376207782612,38.595266383894234],[-122.64385352155986,38.59543575905741],[-122.64391134165268,38.595602934543145],[-122.64401629769067,38.59578582201061],[-122.64404332229928,38.59586092528332],[-122.64409988543355,38.59606109593069],[-122.64417530294587,38.59619150537914],[-122.64420986930571,38.59628389183178],[-122.64424569262408,38.59634045496605],[-122.6442557482924,38.59638696243201],[-122.64437421663462,38.59669366031562],[-122.64445214806406,38.59684198142327],[-122.64451248207395,38.59692368372832],[-122.64471988023296,38.5972347809668],[-122.64484054825272,38.59738875838787],[-122.64502909203361,38.59753645101624],[-122.64537129899594,38.59777055954416],[-122.64555324374453,38.59791228161948],[-122.64569433734054,38.59798267129768],[-122.64585208563724,38.5980606027271],[-122.64620214859043,38.598138219916905],[-122.64635926840783,38.598136334479086],[-122.64652204453866,38.59815958821207],[-122.64673227085436,38.59840626632537],[-122.64673164237503,38.598557415589724],[-122.64670776016278,38.59872396259618],[-122.64666439509314,38.59890747854292],[-122.6466379989638,38.598985409972364],[-122.6465984047698,38.59907339707012],[-122.64654686946969,38.59922988840827],[-122.64642180209502,38.59948442251245],[-122.6463036479923,38.599635257537145],[-122.64623262983483,38.599708161132426],[-122.64603528734419,38.599946983254895],[-122.64596615462453,38.60001171661967],[-122.64582851766446,38.60019837496276],[-122.64565662858416,38.60045322330661],[-122.64556801300712,38.600562578699524],[-122.64542566245252,38.60079480178967],[-122.64510325258722,38.601364204007986],[-122.64501463701018,38.60158668566943],[-122.64483583465791,38.60188804147924],[-122.64473464949552,38.60211492249559],[-122.64467745788198,38.60242224885844],[-122.64467305852709,38.60255360102579],[-122.64465231871117,38.60264221660281],[-122.64467431548562,38.60273523153472],[-122.64480189677735,38.60291120573024],[-122.64485845991163,38.60301207665302],[-122.64488359908242,38.6030849802483],[-122.64488422756168,38.603181766055826],[-122.644847775764,38.603247756379155],[-122.64470856760576,38.603423416335],[-122.64457847239693,38.60356293873287],[-122.64441255386971,38.60370497504782],[-122.64432362405307,38.603769394172964],[-122.64401221257492,38.60400193150272],[-122.6439443368138,38.604041525696715],[-122.64385634971603,38.604116000490194],[-122.64375987814813,38.60417413482262],[-122.64349560261525,38.60436707795842],[-122.64340573007966,38.60446574920374],[-122.64319393256578,38.60468383151031],[-122.6430418405825,38.60483026718015],[-122.64276970905873,38.605032637504976],[-122.64263332905718,38.605125652436875],[-122.64235365578216,38.60522180976513],[-122.64228955089666,38.60526328939694],[-122.64193131771293,38.605404697232615],[-122.64185967107619,38.60544931926076],[-122.64166196715883,38.60560460454021],[-122.64143324789174,38.605882655717195],[-122.64131540802865,38.6060297198663],[-122.64117305747405,38.60622109180392],[-122.64104673314084,38.60644200226719],[-122.64097634346267,38.606552928858285],[-122.64080036926714,38.606766611809974],[-122.64064702032535,38.606940700567655],[-122.64047136036949,38.60716946702181],[-122.64030292792518,38.60742682928273],[-122.64007353299172,38.60766753684302],[-122.64000000091718,38.60772032910168],[-122.63990635750598,38.60780328836526],[-122.63983911022412,38.607887504587396],[-122.63977060598374,38.607988689749824],[-122.63967444865546,38.608173462655095],[-122.63963045510658,38.60832178376274],[-122.63960531593573,38.60846884791184],[-122.639596517226,38.60863162404268],[-122.63954246800878,38.60876297621005],[-122.63924802547092,38.60907438768817],[-122.63915626749755,38.609194112989044],[-122.63910850307306,38.609284614003876],[-122.63906419528453,38.60960765234848],[-122.6391405555158,38.60970506663528],[-122.63933224169305,38.60985275926366],[-122.63940231713161,38.60990178064669],[-122.63963705413883,38.61005921470374],[-122.63987210538568,38.61019559470525],[-122.63996889119323,38.610286095720085],[-122.63999717276033,38.61037219738004],[-122.63999717276033,38.61059216512441],[-122.6399223837271,38.61098087955267],[-122.63989095976366,38.611061953378474],[-122.63988090409536,38.61115245439331],[-122.63979134579938,38.611497489512345],[-122.63974043897854,38.61165020997487],[-122.63964553860882,38.61182209905513],[-122.63955283791653,38.61193082596879],[-122.6393881763479,38.612050865509275],[-122.63928133487207,38.61209925841305],[-122.63911541634486,38.61216336329854],[-122.63876598187093,38.612301628737875],[-122.63826131301735,38.6124688042236],[-122.6380884812182,38.6125165686481],[-122.63799358084846,38.61254987804938],[-122.63770008102951,38.61267054606914],[-122.63754798904624,38.61275664772907],[-122.63731356627866,38.61287228791468],[-122.63699178489259,38.613055175382165],[-122.63675941319552,38.613269181675534],[-122.63661972516495,38.61346934322089],[-122.63645066424138,38.61390865023036],[-122.63637147585337,38.61399726580738],[-122.63628663115195,38.614071426361186],[-122.63602141290012,38.61424928599451],[-122.63578573317403,38.614403891894845],[-122.6356556379652,38.614471767655964],[-122.63554439713447,38.61451827512192],[-122.63538727731707,38.614544671251245],[-122.63526912321437,38.614555355398835],[-122.63507995095415,38.61458363696596],[-122.63483547251823,38.614586779362305],[-122.63471417601919,38.614629515952636],[-122.63468338053498,38.61466722470881],[-122.63463561611049,38.61470304802718],[-122.6345149480907,38.61501603070348],[-122.63446215583204,38.6152498249918],[-122.6343842244026,38.61552886978753],[-122.63412340550566,38.61578843172591],[-122.63394177499673,38.61594743698112],[-122.63356782983128,38.61623967984151],[-122.63342705047484,38.616396799658915],[-122.63334503393011,38.61650521233291],[-122.6332598749891,38.61680154030855],[-122.63328941351473,38.61699259800655],[-122.63334471969044,38.61709629708605],[-122.63345470356255,38.61737879851777],[-122.63346947282538,38.617463014739904],[-122.63347701457661,38.617563571423055],[-122.6335147233328,38.61766789898182],[-122.6335656301536,38.618154341936545],[-122.63360962370248,38.61854211364593],[-122.63363916222815,38.618950625171195],[-122.63365675964774,38.61907192167025],[-122.63365927356482,38.619230298446205],[-122.6336611590026,38.61961618471775],[-122.63367875642213,38.619692230709376],[-122.63369635384171,38.619835523982864],[-122.63372589236738,38.61993985154163],[-122.6336793849014,38.62003852278696],[-122.63344810453015,38.620198785000724],[-122.63327464425169,38.62029997016313],[-122.63297360268147,38.62043635016464],[-122.63283408028362,38.62049039938183],[-122.63240420046318,38.62062740786262],[-122.63227410525437,38.62069339818594],[-122.63221502820302,38.620738020214084],[-122.63182977041069,38.620911480492516],[-122.63172167197625,38.62094101901818],[-122.63160288939433,38.62098312712925],[-122.63127168081917,38.621101281231944],[-122.63110764772976,38.6211911537675],[-122.63101211888076,38.62125840104937],[-122.63087699583777,38.62138346842402],[-122.63075192846307,38.62147522639739],[-122.63051247786136,38.62166879801245],[-122.63025542984005,38.62185357091775],[-122.63000026725656,38.6220245172791],[-122.62959678356542,38.62225642612958],[-122.62945097637486,38.62236263912615],[-122.62915056328399,38.62249461977278],[-122.62897521756773,38.62258574926688],[-122.62881306991616,38.622643255120046],[-122.62871754106715,38.622687877148195],[-122.62844855193974,38.62279911797892],[-122.62833259751443,38.62286636526077],[-122.62828546156919,38.622915386643804],[-122.62824083954104,38.622998974386675],[-122.6282395825825,38.62305490904168],[-122.62835867940406,38.62346027817058],[-122.62839324576389,38.62355392158176],[-122.62845420825302,38.62391026932763],[-122.62844792346031,38.624047906287686],[-122.62845797912863,38.62412269532078],[-122.6284994587604,38.62423519311003],[-122.62863521028264,38.62438854205183],[-122.62878258867133,38.62455131818267],[-122.62890577060818,38.62472100758548],[-122.62900318489494,38.624852988232114],[-122.62904717844383,38.62493217662009],[-122.62924012157956,38.624932176620085],[-122.62943117927749,38.62542993220166],[-122.62944626277996,38.6261891351594],[-122.62956944471678,38.626832697931526],[-122.62974039107809,38.6272122994104],[-122.63002949154216,38.627491344206135],[-122.63043171827474,38.62763966531378],[-122.63066048472889,38.62771256890906],[-122.63217134889314,38.62800166937311],[-122.63267664622597,38.6280142389585],[-122.6327545776554,38.62814999048074],[-122.63264145138685,38.62864774606233],[-122.63210850096615,38.6298745375967],[-122.63204062520501,38.63025916690973],[-122.63205570870745,38.630628712720295],[-122.63221157156636,38.63193092176704],[-122.63238503184478,38.632428677348614],[-122.63263390963554,38.6329012937594],[-122.63274452198698,38.63338647975557],[-122.63289787092877,38.634198474971974],[-122.63306378945596,38.634492603270175],[-122.63361685121318,38.63554844844321],[-122.63358794116681,38.636204580800744],[-122.63364073342547,38.63643586117197],[-122.63378654061603,38.6366797111286],[-122.63419630909986,38.63777829289196],[-122.63398765398233,38.638198117044084],[-122.63380413803557,38.63879894322587],[-122.63334157729307,38.64005087393105],[-122.63310778300475,38.64043047540993],[-122.63282371037486,38.64068689495194],[-122.63191367239236,38.641297776802055],[-122.63122234519571,38.64197150657913],[-122.62973662020215,38.6431153388499],[-122.62914584968867,38.64353264908496],[-122.62820061686712,38.64433458863306],[-122.62803218442285,38.64455581333598],[-122.62785872414439,38.64491781739529],[-122.62774308395875,38.64537283638653],[-122.62775313962705,38.64590327289012],[-122.62768274994885,38.64667001759911],[-122.62752185925581,38.647308552537076],[-122.62734839897739,38.64763284784022],[-122.6270039923376,38.64798982406538],[-122.62656405684886,38.64831663328561],[-122.62593054974504,38.64877165227685],[-122.62525933388504,38.649224157350986],[-122.62502553959672,38.649493146478406],[-122.62472135563017,38.64971939901548],[-122.62443979691734,38.64999341597705],[-122.62405265368722,38.650634464832116],[-122.62367556612531,38.65156461415121],[-122.62360769036421,38.65192661821054],[-122.62325951284879,38.652890705410194],[-122.62325574197315,38.65418788662276],[-122.62365294087155,38.655022507092866],[-122.6239420413356,38.65534931631309],[-122.62404762585287,38.65570880645532],[-122.62408030677489,38.65612863060747],[-122.62402500059915,38.65696073716049],[-122.62410544594567,38.657501229332404],[-122.62421103046296,38.65780038546476],[-122.62423861205313,38.65826145056227],[-122.62405516760404,38.65884366105239],[-122.62398477792583,38.65933387488273],[-122.62390936041349,38.660319330377575],[-122.62377612280834,38.66142796780923],[-122.6235976346957,38.661900584220014],[-122.62339149349525,38.662177115098665],[-122.62327836722675,38.662539119158005],[-122.62326831155842,38.663672895760456],[-122.62333367340243,38.66434159770336],[-122.62347445275883,38.66466840692358],[-122.6239797500916,38.66528683052493],[-122.6244272273316,38.66573682168201],[-122.6256263657781,38.66654378906424],[-122.62631015122346,38.66687059828446],[-122.6270819237666,38.66730550593907],[-122.62746403916255,38.667647398661764],[-122.62782352930482,38.668218057838594],[-122.62781598755356,38.66847950521476],[-122.6276802360313,38.668864134527794],[-122.62742381648928,38.66924373600667],[-122.62717493869849,38.669515239051165],[-122.62700147842006,38.66980433951521],[-122.62694114441015,38.67076465583926],[-122.62684561556114,38.67099342229343],[-122.62631140818189,38.671870779353874],[-122.62574074900503,38.67286629051699],[-122.62549187121425,38.67320566932262],[-122.62532846660415,38.67348220020127],[-122.62518265941355,38.673899510436314],[-122.62544410678969,38.67505088445833],[-122.62578599951243,38.6755260147862],[-122.62646978495779,38.67633549608551],[-122.62690469261238,38.67673018106686],[-122.62815662331754,38.677496925775806],[-122.62889571493864,38.67820082255783],[-122.62965491789637,38.679035443027935],[-122.63006720029726,38.679339626994455],[-122.6305724976301,38.67957844911691],[-122.63091439035279,38.67980218773691],[-122.63197023552583,38.68041809742118],[-122.63225430815568,38.68091333908567],[-122.63244787977072,38.68135076065735],[-122.63265904880532,38.68173287605331],[-122.63309144254282,38.68223063163487],[-122.63329255590911,38.68255806933438],[-122.63327495848954,38.68319848971017],[-122.63343710614112,38.68365790805628],[-122.63363067775619,38.683989745110665],[-122.63378654061506,38.684363061796844],[-122.63392229213727,38.68494629055909],[-122.63403541840582,38.685325892037966],[-122.63419630909884,38.68552449148718],[-122.63577253510714,38.68626358310829],[-122.63597741934905,38.686439557303814],[-122.63633439557422,38.68659667712123],[-122.63671651097016,38.686890805419424],[-122.63771956388454,38.68751928468908],[-122.63801369218274,38.68773296764077],[-122.63829525089551,38.68791648358751],[-122.63853910085214,38.68817290312953],[-122.63865474103775,38.6885173097693],[-122.63931841514653,38.68906282977537],[-122.63966282178627,38.68957315494232],[-122.63983628206469,38.689902478079624],[-122.6398413098988,38.6901287306167],[-122.63976086455229,38.69028207955849],[-122.63947930583949,38.69053598518344],[-122.63929327597563,38.69074212638389],[-122.63890738970404,38.69139197394871],[-122.63841089108101,38.69197143183534],[-122.63842597458348,38.692187628704104],[-122.63889356316008,38.69245787479006],[-122.63895138325289,38.69263636290264],[-122.63795838600683,38.693575310931514],[-122.63745308867385,38.6938317304735],[-122.6373651015761,38.69397502374699],[-122.63756118710823,38.69419122061575],[-122.63784023190397,38.69417865103035],[-122.63932344298031,38.69451300200181],[-122.63974829496664,38.69476690762675],[-122.64008264593808,38.69508114726158],[-122.6403315237288,38.69568951519461],[-122.64037991663251,38.6968748270972],[-122.64048738658764,38.69722049069552],[-122.64078905663706,38.697597578257295],[-122.6410046250265,38.69779366378944],[-122.64169595222313,38.698135556512135],[-122.64283978449389,38.698530241493486],[-122.64405903427703,38.69910090067034],[-122.64435064865815,38.69934977846113],[-122.644539192439,38.69960619800314],[-122.64458821382203,38.69995814639415],[-122.6444625179681,38.70127166806776],[-122.6445555329,38.7015255736927],[-122.64461460995133,38.701831014617746],[-122.64456433160976,38.702052239320665],[-122.64417718837966,38.70235139545302],[-122.64400875593539,38.70245195213617],[-122.64388054616433,38.702609071953596],[-122.64388054616434,38.70283658144921],[-122.64406531906965,38.70296856209583],[-122.64447257363639,38.70296604817876],[-122.64485217511523,38.70298113168123],[-122.64504574673029,38.703287829564815],[-122.64525440184782,38.7037252511365],[-122.64553721751912,38.7040508033982],[-122.64592813162487,38.70445177317223],[-122.64612421715701,38.70473584580212],[-122.64671373071195,38.70555161189414],[-122.64679668997553,38.705906074202225],[-122.646907302327,38.706708013750315],[-122.64826733146654,38.70717308840987],[-122.6490944101854,38.70697700287774],[-122.64954188742539,38.706934266287405],[-122.65020556153414,38.7069694611265],[-122.65074605370604,38.70707253172672],[-122.65143738090269,38.7071228100683],[-122.65278986829097,38.70717811624404],[-122.6532800821213,38.70730883993213],[-122.65380549079075,38.707359118273686],[-122.65443899789454,38.70729375642964],[-122.65605796049317,38.70678343126268],[-122.65633449137182,38.7067331529211],[-122.65665878667497,38.706564720476834],[-122.65723195976886,38.70643776766435],[-122.65762664475024,38.70642896895457],[-122.65889742983346,38.70651695605231],[-122.65942535241997,38.706682874579506],[-122.65979992606471,38.70671304158445],[-122.660129249202,38.706682874579506],[-122.66042337750018,38.70659488748176],[-122.66104180110153,38.70624293909074],[-122.66165519686871,38.70618763291501],[-122.66236914931906,38.70623791125657],[-122.66277891780284,38.706373662778816],[-122.66303785126195,38.70680605651635],[-122.6631233244426,38.70710772656577],[-122.66341242490661,38.70740939661521],[-122.66385339862879,38.70757634923266],[-122.6643425742257,38.70765073265476],[-122.66463418860678,38.707590398644875],[-122.66499870658319,38.707449619288475],[-122.66536322455961,38.707409396615226],[-122.66686654697263,38.707685927493884],[-122.66738692780788,38.70797502795792],[-122.66816372818516,38.708314406763535],[-122.6695916330858,38.70873925874982],[-122.66988324746693,38.708663841237474],[-122.67045642056082,38.70839233819297],[-122.67103210757186,38.70793480528465],[-122.67188181154444,38.70717057449274],[-122.67224130168665,38.70682114001882],[-122.67262341708262,38.7065999153159],[-122.67307340823967,38.706506900383985],[-122.67362898391406,38.70652198388646],[-122.67423232401296,38.706651450616015],[-122.67483440715328,38.70685633485792],[-122.67599080900945,38.70760548214735],[-122.67621957546362,38.707972514040826],[-122.67660169085958,38.708256586670714],[-122.67703911243126,38.70834205985139],[-122.67878377088381,38.708259100587775],[-122.67927398471413,38.708098209894736],[-122.67956559909524,38.707949888787084],[-122.6803122324676,38.70772615016708],[-122.68086278030782,38.70773117800126],[-122.68190856981255,38.7080202784653],[-122.68256218825296,38.70810575164598],[-122.6831127360932,38.70827418409025],[-122.68350993499155,38.70860602114463],[-122.68360294992347,38.708787023174295],[-122.68366579785042,38.709056012301716],[-122.68439483380325,38.70984789618149],[-122.68492527030685,38.70975488124958],[-122.68557885638373,38.70984506687867],[-122.68599117114816,38.70993839719632],[-122.6862325071877,38.710081690469785],[-122.6875749389077,38.71062972439293],[-122.68805006923556,38.710712683656524],[-122.68844726813398,38.71088111610079],[-122.68899278814006,38.71092385269113],[-122.68955841948275,38.71106714596462],[-122.69072739092431,38.7110696598817],[-122.69154944180899,38.71115764697945],[-122.69209244789796,38.71137132993114],[-122.69246702154267,38.71167551389766],[-122.69285919260696,38.71210287980101],[-122.69311561214896,38.71276906782684],[-122.69451837787884,38.71333218525246],[-122.69524238599749,38.71342017235021],[-122.69577910729377,38.71342394322583],[-122.69579293383771,38.713609973089646],[-122.69559182047144,38.7146469638846],[-122.69549126378828,38.714963717436504],[-122.69567603669354,38.71544764647414],[-122.69596765107464,38.715651273757494],[-122.69637490564135,38.716073611826715],[-122.69654836591975,38.71635014270536],[-122.69675702103727,38.716971080223786],[-122.69687768905705,38.717443696634575],[-122.69733773588244,38.71804452281637],[-122.69755393275123,38.718451777383116],[-122.69755896058538,38.718725794344685],[-122.69669165919322,38.72002800339143],[-122.69660367209546,38.7202090054211],[-122.6965760190076,38.72052073113885],[-122.69660367209546,38.72077966459795],[-122.69744332039976,38.72167210516085],[-122.69796118731793,38.722112040649606],[-122.69830559395766,38.722519295216344],[-122.69844385939697,38.72312012139814],[-122.69849288078001,38.72344818757693],[-122.69845014418965,38.72402136067086],[-122.69850042253123,38.72442107348636],[-122.69869148022923,38.72488363422883],[-122.6989830946103,38.72524061045398],[-122.69937777959163,38.725442980778816],[-122.69978880503399,38.72562021193287],[-122.70026016448624,38.725864061889496],[-122.70054675103319,38.726151905395],[-122.70080819840935,38.72702926245541],[-122.7006246824626,38.72726808457788],[-122.70053669536485,38.72763763038844],[-122.70057063324538,38.7279242169354],[-122.70074535048234,38.728240970487306],[-122.70162270754281,38.72902405565731],[-122.70254028727648,38.72951678340473],[-122.70284195732592,38.72977320294675],[-122.70325423972679,38.73018799926474],[-122.70394808084046,38.73070335226585],[-122.7047940139374,38.73093086176145],[-122.70596927017165,38.73116842692538],[-122.70641800437019,38.731355713747725],[-122.70675989709287,38.73155682711402],[-122.70700123313242,38.73173782914368],[-122.70821294116432,38.732240612559416],[-122.70851209729668,38.7323135161547],[-122.7095201780452,38.73235876666211],[-122.71081987317488,38.732466865096484],[-122.71102852829236,38.73272328463851],[-122.71112908497548,38.73309785828323],[-122.71121958599028,38.73387465866054],[-122.71125980866357,38.734520735349754],[-122.7112170720732,38.73502854659965],[-122.71105869529727,38.73529502180999],[-122.71103355612648,38.735594177942346],[-122.71116176589747,38.7358003191428],[-122.71147851944922,38.73604919693359],[-122.72453077692148,38.73603159951404],[-122.74326197307441,38.73608941960685],[-122.75110539435978,38.73563188669855],[-122.75110790827686,38.7353239318564],[-122.75764937410541,38.73525887160052],[-122.77607705043852,38.7350723939612],[-122.79683491408895,38.735017221388084],[-122.80684286241312,38.73501817652727],[-122.81649263354494,38.73799534535017],[-122.83469376570307,38.74992790464541],[-122.87610300782248,38.749932304000275],[-122.97076897265221,38.82191893766858],[-122.95209176361365,38.83628344543725],[-122.95211788967774,38.850817354540006],[-122.97008808213734,38.85129462295212],[-122.98814383813043,38.85140528317763],[-123.0011072081273,38.85130779076887],[-123.006604727728,38.851345897627404],[-123.0251120526044,38.852766516766096],[-123.04377957396034,38.85253101946351],[-123.06225229617442,38.85226311293547],[-123.08080205418149,38.85235480629669],[-123.08121244577002,38.8383823786841],[-123.04377466770492,38.82288266217906],[-123.02671061216212,38.77955218774886],[-123.00112482138736,38.749913741436586],[-123.10889850165051,38.74986577159946],[-123.10996394084174,38.742449685012346],[-123.11007940715797,38.735212046368595],[-123.11033658213515,38.72130360372469],[-123.1095872945355,38.70690224407019],[-123.10947583323194,38.69254461826532],[-123.10963131912384,38.67845707161941],[-123.10957227384841,38.66435443562538],[-123.1136903537765,38.64510108344278],[-123.10605055120146,38.63106995783783],[-123.1057021840769,38.61793500830133],[-123.1325690964897,38.54603098406677],[-123.11981531700877,38.50540783460868]]]}},{"type":"Feature","properties":{"ava_id":"alexander_valley","name":"Alexander Valley","created":"1984-11-23","within":"North Coast|Northern Sonoma","cfr_index":"9.53","valid_end":null},"geometry":{"type":"Polygon","coordinates":[[[-123.02671061216212,38.77955218774886],[-123.02686343443087,38.76929590323826],[-123.02727605455644,38.76929208268155],[-123.02763900744468,38.769326467692025],[-123.02789020904892,38.769330288248746],[-123.02810607050354,38.76928730698566],[-123.02831142542716,38.76921185099047],[-123.02844323463391,38.76912493332513],[-123.02855785133546,38.76901509231947],[-123.02869634651653,38.768763890715235],[-123.028767981955,38.76853943300802],[-123.02888737435245,38.768121559616944],[-123.02905070315217,38.76758381625884],[-123.02915863387946,38.7673287940979],[-123.0293429757411,38.76702601497797],[-123.0295626577524,38.76682161519355],[-123.02970497349014,38.76671177418789],[-123.0299399377283,38.766565637893414],[-123.03066775378313,38.76616065888127],[-123.03137264649766,38.765816808776634],[-123.03208040462971,38.76550256798653],[-123.03236026040932,38.76536598308385],[-123.03275664316884,38.76516444871696],[-123.032970594345,38.76504839930666],[-123.03296772892743,38.74992568067632],[-123.00112482138736,38.749913741436586],[-122.96579413987499,38.73687759372437],[-122.96579461744456,38.72499279691228],[-122.95612096783327,38.72304431298585],[-122.94942550182469,38.72653687869504],[-122.94769090943392,38.72193826181585],[-122.92502693099605,38.709704154441404],[-122.92266530778845,38.70798940923654],[-122.92223605598535,38.70086221068969],[-122.92216290457998,38.70052499654778],[-122.92210368595083,38.70031964162416],[-122.92207025607954,38.700129568927416],[-122.92200817203286,38.69997006068442],[-122.92198238327498,38.69987454676645],[-122.92196519076977,38.69974846839474],[-122.92196232535224,38.69957940875996],[-122.92197617487027,38.69947482101978],[-122.92213472797411,38.69908989993038],[-122.92230522031767,38.698671071400106],[-122.92235154456786,38.69854451545882],[-122.92244490942261,38.69818466677293],[-122.92253731913824,38.69784726385771],[-122.92255379528909,38.69771903642286],[-122.9225953438434,38.69763975987095],[-122.92274912125127,38.69749839927237],[-122.92281932398097,38.697461626413954],[-122.92310252274775,38.697235735997964],[-122.92331169822809,38.69707383990701],[-122.92340386915889,38.696991697937584],[-122.92351800829087,38.69687087283136],[-122.92380216219678,38.696676024438716],[-122.9238905125709,38.69659818059558],[-122.92396883398362,38.696470191945494],[-122.92401038253793,38.69637563316671],[-122.92406387033199,38.6962915809189],[-122.92415222070608,38.69620609596233],[-122.92425967386379,38.696070466198826],[-122.92433895041567,38.695958714914816],[-122.9244358970424,38.69581257862033],[-122.92451708387269,38.69570464789303],[-122.92459492771582,38.69556758542075],[-122.92466465287593,38.695459654693444],[-122.92473915373192,38.695275790401375],[-122.9247816574254,38.69519412600151],[-122.92481031160078,38.69509383638767],[-122.9248986619749,38.69491140480436],[-122.92493018156783,38.69485743944071],[-122.92496886470461,38.694813503038446],[-122.92506581133132,38.69465447236504],[-122.92520430651238,38.69448827814777],[-122.92529838772154,38.694305846564475],[-122.92541539227108,38.694123414981156],[-122.92552618841592,38.69400497772288],[-122.92560546496779,38.69390516567859],[-122.92565131164842,38.693866004972236],[-122.92569381534193,38.693811562038995],[-122.92581081989142,38.69368930422401],[-122.92587147122931,38.69361146038088],[-122.92602572620683,38.69346436894721],[-122.92620338209424,38.693337813005925],[-122.92639632020853,38.693205048659955],[-122.92653577052873,38.693035033885984],[-122.9264899238481,38.69282633597525],[-122.92632755018755,38.69270169031229],[-122.9262124559164,38.692616682925305],[-122.92609306351892,38.692502543793346],[-122.92602524863717,38.6924289980765],[-122.92599325147465,38.69237121215614],[-122.92593594312387,38.692308172970286],[-122.92578789655107,38.692185437585714],[-122.92564796866125,38.69205506108769],[-122.92549848937965,38.69196241258726],[-122.92531128210044,38.691896030414284],[-122.925229140131,38.69188313603536],[-122.92518269648838,38.69186785380849],[-122.92518293527318,38.69075487787942],[-122.88275445899012,38.66394316596807],[-122.88264509555403,38.6638146997484],[-122.88255483490154,38.66362988031717],[-122.88243735278245,38.66341497400173],[-122.88234709212996,38.66329271618675],[-122.88223104271965,38.663152310727355],[-122.88212884282743,38.66301047255918],[-122.88204956627555,38.66294743337332],[-122.88195452992719,38.66283902507644],[-122.88188098421035,38.66271485698308],[-122.88176684507837,38.66253147026059],[-122.88169568720949,38.66232898075452],[-122.88169162786797,38.662128640311586],[-122.88173532548544,38.6619306877166],[-122.88174821986435,38.66181607101505],[-122.88174201145966,38.66170909542693],[-122.88171670027141,38.66162647588789],[-122.88171622270181,38.661521410578146],[-122.88169473207026,38.66145932653147],[-122.88169186665274,38.66129169960545],[-122.88102231408784,38.66112837080573],[-122.88037472972404,38.66094928220954],[-122.87892769386694,38.66051660416117],[-122.87861440821604,38.660426343508696],[-122.87835461035914,38.660353752931044],[-122.87815594140979,38.66030026513698],[-122.87799261261009,38.660270655822416],[-122.8776907886293,38.66019519982722],[-122.87717692375068,38.66008535882156],[-122.876280048061,38.65991725432595],[-122.87611671926128,38.65989910668155],[-122.87526282483464,38.659787355397526],[-122.874939987792,38.65917797660093],[-122.87456652837277,38.65859725197972],[-122.87417587644835,38.65801843763686],[-122.8735865555745,38.65716931890618],[-122.87318348684076,38.65655707469206],[-122.87303830568543,38.65625238529372],[-122.87249292121385,38.65515302009797],[-122.87221593085174,38.6544920637857],[-122.87188927325232,38.653457648054165],[-122.87175650890634,38.65302592514499],[-122.87168296318953,38.65272983199931],[-122.87163616136974,38.6524528416372],[-122.87162660997794,38.65176514142785],[-122.87167723235447,38.650984792718106],[-122.87172976500932,38.6506801033198],[-122.87184629198929,38.65018820664229],[-122.87199051800539,38.64976985568161],[-122.8725406781729,38.648493789737614],[-122.87317393544897,38.6470080707437],[-122.87362619385054,38.6459488213935],[-122.87403929154573,38.64495929720341],[-122.8745378741975,38.64372716766168],[-122.87503550171006,38.642504589511795],[-122.8754414358614,38.64151219990417],[-122.87609570619942,38.63996105387645],[-122.87617020705548,38.63988750815962],[-122.87660766079976,38.63865728889626],[-122.87725142460681,38.63691415989344],[-122.87734598338561,38.636581771458935],[-122.87744913841705,38.63604498323999],[-122.87703556315226,38.63582148067195],[-122.8767891372439,38.63570877424876],[-122.87609331835158,38.63546043806206],[-122.87609331835162,38.63543512687381],[-122.87580295604101,38.635331971842405],[-122.8754992217819,38.63523645792445],[-122.87520026321869,38.635178194434495],[-122.8748430411655,38.635154315955],[-122.874351144488,38.63515240567664],[-122.84069697512624,38.6184723947909],[-122.81661270882799,38.614578641490425],[-122.81080074875067,38.61374521369733],[-122.7977543309661,38.59616228890464],[-122.78590382374571,38.605537360273075],[-122.77761226052736,38.603804260231634],[-122.77737636109613,38.60024330551286],[-122.77715761427788,38.59981273359997],[-122.77706687605586,38.59959687214536],[-122.77704490785472,38.5995109096192],[-122.77704204243717,38.59937241443816],[-122.77708788911781,38.59923582953549],[-122.77721683290707,38.599007551271555],[-122.7773104365467,38.598807927183024],[-122.77733240474782,38.59869522075983],[-122.77734673183554,38.59855768071796],[-122.77734386641801,38.598357101490244],[-122.77732094307768,38.598268273546545],[-122.77724166652581,38.59807915598898],[-122.77716047969555,38.59792537858105],[-122.77695607991112,38.5974688220532],[-122.77686534168909,38.597318387632406],[-122.77655157846858,38.596900991810905],[-122.77637631042914,38.596682742508364],[-122.77609358923195,38.596360860604825],[-122.7754546011208,38.59570945568431],[-122.77494933249476,38.595209440323785],[-122.77459784127663,38.59489328925532],[-122.77423154540125,38.594612955906115],[-122.77385999626036,38.59435745617556],[-122.77346122565288,38.594082853661405],[-122.7724081847074,38.59340900297019],[-122.7720886906518,38.593197439641884],[-122.77037087283722,38.59190656904063],[-122.76962538670755,38.59136978082169],[-122.76901123221506,38.590911314015464],[-122.76868266433728,38.59068399089072],[-122.76839230202668,38.590496783611506],[-122.76806659956644,38.590239851172186],[-122.7677781475342,38.58998960470713],[-122.76703552682207,38.5894007614029],[-122.7667499402074,38.58913141215423],[-122.7665837459901,38.58891459556045],[-122.7665016040207,38.58874935648237],[-122.76645384706173,38.588580296847574],[-122.76634782661283,38.58844275680572],[-122.76606864999329,38.58812303587423],[-122.76577999637054,38.587864897602046],[-122.76447563567504,38.58678665689668],[-122.76423458117803,38.5864646635647],[-122.76409131030108,38.586346226306425],[-122.76371689574268,38.586099800398095],[-122.76354974638626,38.58602147898537],[-122.76343608482388,38.58599951078424],[-122.7633902381433,38.58603389579469],[-122.76331000645214,38.5861561536097],[-122.76320589628158,38.58625262266684],[-122.76301534601532,38.586345748736846],[-122.76271686502167,38.58651958406753],[-122.7626309024955,38.586544417686206],[-122.76253831412312,38.58651027584756],[-122.76238781957429,38.58643553181972],[-122.76215715346238,38.58631566185269],[-122.76166286893691,38.58621871522596],[-122.76152437375588,38.586198657303186],[-122.76138492343566,38.58622253578268],[-122.76129323007441,38.586254055375605],[-122.76111366390865,38.58635434498947],[-122.76089684731487,38.586449858907436],[-122.76071537087074,38.58651862892837],[-122.76049568885944,38.58660363631535],[-122.7603505077041,38.5866485278568],[-122.76024639753352,38.586670496057934],[-122.76008020331628,38.586683868006446],[-122.75963224304104,38.5867096567643],[-122.7592874377972,38.586781292202765],[-122.75911169218814,38.58681472207405],[-122.75889057746804,38.58685913604591],[-122.75871721970692,38.58692599578849],[-122.75848750873428,38.58706114798241],[-122.75816467169153,38.58728274027209],[-122.7579879709433,38.587377299050864],[-122.75787430938094,38.58739162613855],[-122.75774823100923,38.58737538877249],[-122.75750849107514,38.587313304725825],[-122.75731841837842,38.587247400122436],[-122.75719234000671,38.58721683566869],[-122.75702232523274,38.587183405797404],[-122.75684848990205,38.58716239273545],[-122.75649556597517,38.58714520023023],[-122.75624006624462,38.58714758807818],[-122.75614073176995,38.58716812357054],[-122.75601942909414,38.58720632913772],[-122.75587042738213,38.58723928143943],[-122.75560776410771,38.587253130957535],[-122.75545685211733,38.587298977638156],[-122.75534128027667,38.58739162613858],[-122.75501844323394,38.587391148569004],[-122.75476151079462,38.58739401398653],[-122.75410819559579,38.58734530188838],[-122.7538226089811,38.587325243965616],[-122.75318075545238,38.58724405713533],[-122.75294388093586,38.587225909490925],[-122.75282926423431,38.58719630017636],[-122.75273184003798,38.587139946964776],[-122.75259621027446,38.587048253603534],[-122.75237079742807,38.58685436035007],[-122.7522351676646,38.58673592309179],[-122.75192665770959,38.586381566456154],[-122.75166781499195,38.586102665815716],[-122.75158424031378,38.58603914906026],[-122.75141947880523,38.58594315757271],[-122.75135214149314,38.58587964081727],[-122.75120170707228,38.58563178220015],[-122.75114678656948,38.58558163739321],[-122.7510904333579,38.58551477765064],[-122.7508277700835,38.58546797583084],[-122.75048965081392,38.58545364874314],[-122.75027283422014,38.58542977026364],[-122.75003978026032,38.585402071227435],[-122.74985734867701,38.585402071227435],[-122.74977425156838,38.58542785998529],[-122.74960757978158,38.585521941194486],[-122.74937834637845,38.58566473450185],[-122.74914672512739,38.585807527809195],[-122.74908225323276,38.585867224007934],[-122.74902446731238,38.586077354627456],[-122.74899963369374,38.586294171221226],[-122.74892990853364,38.58645367946422],[-122.74884776656421,38.58657593727921],[-122.74869112373875,38.58672207357369],[-122.74847526228415,38.586870120146536],[-122.74826608680381,38.586999063935785],[-122.74789740308049,38.58724740012251],[-122.74773025372404,38.58737729905094],[-122.74740646154213,38.587657154830566],[-122.7472440878816,38.5877908743157],[-122.74707311796844,38.58792172838331],[-122.74673404355968,38.5882092252764],[-122.74653250919279,38.58841935589592],[-122.74642553360468,38.588514869813885],[-122.74627653189266,38.58861515942775],[-122.74613708157243,38.588691570562126],[-122.74578081465843,38.58881382837711],[-122.74564422975574,38.58887018158871],[-122.74536055341937,38.58898193287273],[-122.745284142285,38.588997215099596],[-122.74513227515547,38.58900294593468],[-122.74470914849888,38.58898193287274],[-122.74442356188418,38.58897333662012],[-122.7441599434706,38.588985753429455],[-122.7436422580353,38.589049747754494],[-122.74347033298295,38.58907744679071],[-122.74314176510516,38.58911087666199],[-122.74268711885567,38.58916914015196],[-122.74221336982262,38.5892570129565],[-122.74202043170834,38.58929092039739],[-122.74180218240582,38.58933437923007],[-122.74157390414189,38.58936398854463],[-122.74146119771869,38.589363033405455],[-122.74137428005335,38.589339154925966],[-122.74122814375886,38.589279936296826],[-122.74097025618038,38.58920448030164],[-122.74071236860188,38.589109921522855],[-122.74046116699762,38.589032555249304],[-122.74029879333709,38.589004856213094],[-122.74013164398065,38.58898384315115],[-122.7397830181801,38.58896521793713],[-122.7393852027118,38.58896808335468],[-122.73908099088308,38.58898670856868],[-122.73854515780334,38.588985753429505],[-122.7382237534694,38.58899434968212],[-122.73814113393036,38.58900963190899],[-122.73805612654337,38.58904258421069],[-122.73790760240095,38.58917105043035],[-122.73783739967122,38.589207345719174],[-122.73776480909356,38.589213554123845],[-122.73768362226329,38.589200182175325],[-122.7375422616647,38.58913236729357],[-122.73739039453518,38.58908270005623],[-122.73730634228737,38.58907887949951],[-122.73721226107818,38.58909559443516],[-122.73686506798637,38.58910657853572],[-122.73670030647791,38.589107056105306],[-122.73658568977636,38.5890932065872],[-122.7364419413298,38.58905165803289],[-122.73620602195244,38.58895041327985],[-122.73604269315275,38.588865405892854],[-122.73582396628062,38.58869157056217],[-122.73565872720255,38.588629486515494],[-122.73516969594257,38.58850913897888],[-122.73465869648147,38.58841171478256],[-122.73439698834625,38.58835631671014],[-122.73414530917245,38.58827512987988],[-122.73398198037273,38.5882034944414],[-122.73376564134857,38.58814523095145],[-122.73366344145634,38.58813185900293],[-122.73366439659551,38.588258414944235],[-122.73353831822381,38.58820444958059],[-122.73341797068719,38.58819394304961],[-122.733268013836,38.58819251034083],[-122.73304069071126,38.58821065798526],[-122.73268203594931,38.58827130932318],[-122.73259559585355,38.58830235134652],[-122.73235108022357,38.588348675596734],[-122.73214285988239,38.58839499984695],[-122.73190837321378,38.588427474579056],[-122.73143080362395,38.58849385675204],[-122.73107023858368,38.588494811891245],[-122.73087968831734,38.588478574525176],[-122.7306475894967,38.58847952966436],[-122.73055350828749,38.58851725766197],[-122.73033287113695,38.58858220712619],[-122.73013659003557,38.588624233250094],[-122.72990210336698,38.588642380894505],[-122.7294909159503,38.588686317296784],[-122.7293132600629,38.58868918271432],[-122.72913082847958,38.58869968924532],[-122.7289006399373,38.58873216397745],[-122.72868859903937,38.588790427467394],[-122.72857350476826,38.58881215688375],[-122.72836313536395,38.588845586755035],[-122.72813437953043,38.58886755495617],[-122.72789511716591,38.588847019463806],[-122.7275660717185,38.58880833632703],[-122.72720693938697,38.58881072417498],[-122.72708945726791,38.5888427213375],[-122.72695334993479,38.588847974602984],[-122.72689078831851,38.58886325682986],[-122.72668352311653,38.58886421196903],[-122.72658084565472,38.58884606432461],[-122.72649488312855,38.588810246605384],[-122.72622266846236,38.58877442888614],[-122.72600632943819,38.58873168640785],[-122.72579739274265,38.58863306828756],[-122.72543969311991,38.58843678718613],[-122.72529546710378,38.58840765544115],[-122.72496594408679,38.58840717787157],[-122.72467510420657,38.588351302229555],[-122.72458627626287,38.58831118638401],[-122.72433650736737,38.58821853788359],[-122.724145957101,38.58813735105331],[-122.72420326545182,38.59087048181584],[-122.72449171748407,38.59760230275388],[-122.72512497476019,38.597555500934085],[-122.72525200827106,38.59756218690835],[-122.72554810141679,38.59766152138303],[-122.72561209574182,38.597662954091795],[-122.7257486806445,38.597651969991226],[-122.7260576681691,38.5977154867467],[-122.7261283484684,38.59771644188585],[-122.72621383342498,38.597692085836776],[-122.72630075109033,38.597680624166614],[-122.72653905831564,38.597685877432134],[-122.72672483288605,38.597714054037944],[-122.72697412421196,38.597767541832],[-122.72719094080574,38.59781720906935],[-122.72741253309543,38.59791845382239],[-122.72750518159587,38.59801014718362],[-122.7275835030086,38.59819162362776],[-122.72768188234407,38.59838933743795],[-122.72773345985978,38.598429453283494],[-122.72779936446317,38.59843040842267],[-122.72787195504087,38.598393635564264],[-122.72799612313422,38.59820213015875],[-122.72805343148497,38.598130017150694],[-122.72811169497493,38.59810709381038],[-122.72819765750111,38.59811760034137],[-122.72840492270309,38.59819878717163],[-122.72856729636365,38.59824893197856],[-122.72870626911427,38.598280929141076],[-122.72887103062273,38.598289047824096],[-122.7291547069591,38.59828236184985],[-122.72942883190365,38.59823938058676],[-122.72968958489973,38.59811425735424],[-122.72987010620467,38.59805885928182],[-122.72997994721032,38.59806076956018],[-122.73016237879362,38.59812237603727],[-122.73035197392076,38.59822075537278],[-122.73055541856603,38.59842228973968],[-122.73070489784764,38.59856365033827],[-122.73092266958058,38.59871360718948],[-122.73134531866758,38.59897197233755],[-122.73179232380366,38.59920980199329],[-122.73222022615617,38.59940560552512],[-122.73249721651828,38.59951067083488],[-122.73269110977175,38.59960140905695],[-122.73289359927783,38.59967973046968],[-122.73317249991828,38.59983064246005],[-122.73334729038815,38.59994334888325],[-122.73352208085802,38.60010094684789],[-122.73385160387501,38.60039990541112],[-122.73399344204321,38.60053410246587],[-122.73420452780191,38.60071510134041],[-122.73443853690092,38.600908039454694],[-122.73464675724206,38.60118216439926],[-122.73476519450034,38.60130919791015],[-122.73502690263555,38.60148207810168],[-122.73536406676595,38.601790588056716],[-122.73556369085449,38.60199116728444],[-122.73594001569126,38.602322600579754],[-122.73612817810967,38.60248401910112],[-122.73650068238973,38.602803990726294],[-122.73668502425141,38.60294153076817],[-122.73689802028846,38.60301985218089],[-122.73722372274875,38.60312873804737],[-122.73771466428708,38.603336003249346],[-122.73788467906108,38.60342960688895],[-122.73803654619064,38.60356714693082],[-122.7381225087168,38.60361776930734],[-122.73834553371529,38.60367746550606],[-122.73851029522378,38.6037037318335],[-122.73927392899786,38.60370707482064],[-122.73980594152093,38.60372999816096],[-122.7402997484768,38.60379876818189],[-122.74060539301429,38.60384270458415],[-122.74085659461853,38.60386801577242],[-122.74109776726138,38.603889028834374],[-122.74161163214002,38.60389953536536],[-122.74184182068232,38.60392627926239],[-122.74196694391485,38.603932010097466],[-122.74215510633323,38.60391386245305],[-122.74253525172675,38.60379638033396],[-122.74269380483058,38.60374480281827],[-122.74268616371717,38.604809783003546],[-122.742681793594,38.605125723539246],[-122.74290680086766,38.61492088635911],[-122.74299658395057,38.61969658225725],[-122.74274538234634,38.62488298800261],[-122.74283230001173,38.62492023843066],[-122.74238625001485,38.63332928376811],[-122.7423700126488,38.63404181759612],[-122.74262025911388,38.648021234629155],[-122.75107801654953,38.64799926642798],[-122.75113341462199,38.6480919149284],[-122.76103922604209,38.64805717414649],[-122.76110239837334,38.66385385394887],[-122.76099995592276,38.67844281303534],[-122.75946795910347,38.69256510541025],[-122.75908972398825,38.70735734588519],[-122.7578881589003,38.72067007577086],[-122.75764937410541,38.73525887160052],[-122.77607705043852,38.7350723939612],[-122.79683491408895,38.735017221388084],[-122.80684286241312,38.73501817652727],[-122.81649263354494,38.73799534535017],[-122.83469472089112,38.74992598884291],[-122.87610191460641,38.749931719677996],[-122.97076897265221,38.82191893766858],[-122.95209176361367,38.83628344543725],[-122.95211788967774,38.850817354540006],[-122.97008808213735,38.85129462295212],[-122.98814383813043,38.85140528317763],[-123.0011072081273,38.85130779076887],[-123.006604727728,38.851345897627404],[-123.0251120526044,38.852766516766096],[-123.04377957396034,38.85253101946351],[-123.06225229617442,38.85226311293547],[-123.08080205418149,38.85235480629669],[-123.08121244577002,38.8383823786841],[-123.04377466770492,38.82288266217906],[-123.02671061216212,38.77955218774886]]]}},{"type":"Feature","properties":{"ava_id":"chalk_hill","name":"Chalk Hill","created":"1983-11-21","within":"North Coast|Northern Sonoma|Russian River Valley|Sonoma Coast","cfr_index":"9.52","valid_end":null},"geometry":{"type":"Polygon","coordinates":[[[-122.82361589558293,38.56151948571116],[-122.82339196590237,38.5613233575389],[-122.82309083677202,38.56099983485497],[-122.82286148130582,38.560733432254004],[-122.82267307300421,38.56050950435453],[-122.82243679046199,38.560223031076234],[-122.82214954501858,38.559860113446035],[-122.82196885836865,38.55962691956451],[-122.81537302348109,38.55119178724062],[-122.81520623580423,38.55097558099284],[-122.81503944812738,38.5507717293878],[-122.81484795116505,38.55055552314002],[-122.8146502768814,38.550364026177704],[-122.81445877991904,38.5501956941705],[-122.81411284992262,38.549960955958625],[-122.81395223956714,38.54985285283474],[-122.8136742601057,38.54966753319379],[-122.81347967448274,38.54955634140923],[-122.81316771975378,38.54939881971441],[-122.81276310520438,38.54920114543073],[-122.81249748038569,38.54907759900342],[-122.81209904315763,38.548879924719735],[-122.81157397084161,38.548632831865135],[-122.81100874593672,38.54836411838576],[-122.81061030870868,38.548178798744814],[-122.8101790595285,38.547970677818256],[-122.80981652291327,38.54779580482018],[-122.80970224246802,38.54774947490995],[-122.8097578383603,38.54763210580401],[-122.80989682809101,38.547520914019444],[-122.81010685701742,38.54744369750238],[-122.81034777255067,38.54741898821692],[-122.8168395769862,38.54730145802757],[-122.82594864290182,38.54735541609949],[-122.82596005284881,38.53272831580501],[-122.82220680585388,38.532698958113706],[-122.81674861602986,38.53264976814274],[-122.79812315489451,38.533107095027276],[-122.78552185530576,38.533034703838325],[-122.78300463169354,38.53076724631239],[-122.78253515526978,38.5303224791741],[-122.78228806241522,38.53001361310585],[-122.78197919634695,38.52953178203938],[-122.78148501063775,38.52880285811831],[-122.78094140635761,38.528012160983586],[-122.77947120387276,38.52586245314856],[-122.77923646566089,38.52551652315212],[-122.77851989638253,38.52451579709099],[-122.77809983852971,38.52405867530998],[-122.7777539085333,38.52371274531354],[-122.77683966497125,38.52278614710879],[-122.7764072524757,38.52232902532778],[-122.77497411391904,38.520821758914714],[-122.7743440271398,38.52019167213548],[-122.77381277750243,38.5196233585699],[-122.77340507429231,38.51916623678889],[-122.77271321429946,38.51858556858058],[-122.77197193573564,38.51791841787316],[-122.77047702396533,38.516633535029236],[-122.76953807111784,38.51576871003814],[-122.76813503809736,38.51470158133451],[-122.7661034804389,38.513124816493914],[-122.76480624295226,38.512161154360975],[-122.76312601154095,38.5108639168743],[-122.76182877405431,38.5098755454559],[-122.76156932655698,38.50969022581494],[-122.76049447263948,38.50902307510753],[-122.75993233639524,38.508640081182904],[-122.7597149656659,38.50849530466614],[-122.75949190300686,38.50818135716608],[-122.75941484690304,38.50800773113749],[-122.75897485870804,38.50829995222125],[-122.758152160709,38.50903154039901],[-122.7580799103698,38.50896440836549],[-122.75584912697296,38.51089943647216],[-122.75587846212511,38.51464832865413],[-122.75696778518605,38.51839134781994],[-122.75837718861729,38.52302012562311],[-122.76059176545107,38.529108635525866],[-122.76151192888608,38.53172238164028],[-122.76191026545537,38.532789591566136],[-122.74203858090749,38.53278440196732],[-122.72543936110047,38.53284366712712],[-122.72518172597161,38.53383155930712],[-122.72525546813627,38.53451207043174],[-122.72556659201385,38.535558891490936],[-122.72566066440982,38.53613021319978],[-122.72552395602398,38.53643823968786],[-122.72543666278318,38.536534157298064],[-122.72526211668571,38.536760139530884],[-122.72473443675013,38.53718659351513],[-122.7239464318562,38.537633780659185],[-122.7225936950093,38.53828888969191],[-122.7217377933379,38.53882321924578],[-122.72090262893688,38.53990151872354],[-122.72033540977404,38.541021107561676],[-122.72025872655703,38.542430227305104],[-122.72025071963328,38.54269971656943],[-122.72034358833777,38.54319196625515],[-122.72058799034865,38.54375860561636],[-122.72056802204244,38.54476964671898],[-122.72047537054317,38.545665072424185],[-122.72048798286096,38.54651673901408],[-122.72049861683831,38.54731252665973],[-122.72057439086787,38.54820425635702],[-122.72061243082636,38.5485698783483],[-122.72041238876297,38.54914591520677],[-122.72019494558963,38.549370954437016],[-122.71967691574741,38.54971289364594],[-122.71873398098704,38.54977308097107],[-122.71678792414114,38.54955239411226],[-122.71605482982673,38.54955973549673],[-122.71514931152308,38.54969163761083],[-122.71411961939367,38.54985333073791],[-122.71353578788832,38.54983813631308],[-122.71261334062476,38.54958090953212],[-122.71078925406977,38.54889033353582],[-122.71027589021708,38.54864715986328],[-122.70987033164289,38.548520472751335],[-122.70963596191315,38.54851849973362],[-122.70907494836068,38.548704426041894],[-122.7084592607416,38.54896065858992],[-122.70800874305374,38.54919280642128],[-122.70757402062,38.54946243796374],[-122.70602099162907,38.55013982029589],[-122.7052823938915,38.550535467581525],[-122.7029248389178,38.55108774004095],[-122.70195698007666,38.55142085371783],[-122.70137788439473,38.55181792280666],[-122.70008799765088,38.55263798448652],[-122.69946917350889,38.553007107658956],[-122.69875757509355,38.55344531805618],[-122.69747946143507,38.554232912418776],[-122.69733418809594,38.55434891195184],[-122.697128103549,38.55457736158236],[-122.69683892416526,38.55483890607619],[-122.69654382301938,38.55513499418243],[-122.69629806989123,38.555420225724774],[-122.69618358249015,38.555584061143556],[-122.69589539006675,38.55590087541724],[-122.69575425473609,38.556029180263266],[-122.69566049350244,38.55614070678328],[-122.69549369720261,38.55629664651923],[-122.69528544856792,38.55644666449305],[-122.69481036057655,38.55671376761534],[-122.69488488493602,38.55696626059441],[-122.69483816817336,38.55716869989921],[-122.69441660500567,38.557533535569384],[-122.69418302119244,38.55769259502314],[-122.69383598238421,38.55788279898535],[-122.69330652574087,38.55823317470519],[-122.69286939031895,38.55862025645285],[-122.69261244812442,38.55901067511212],[-122.69243225489704,38.55921311441691],[-122.69230767686335,38.559274291129896],[-122.6921675265754,38.55928875108024],[-122.69185496918719,38.559297649511215],[-122.69176376026965,38.55934659088161],[-122.69168701130243,38.55942667676044],[-122.69152413886752,38.55978415677831],[-122.69131550180897,38.56003844389033],[-122.69116700924197,38.560208070230885],[-122.69108136184384,38.56036379277305],[-122.69098236679916,38.56077645750975],[-122.69098792831855,38.56115352852255],[-122.69105244194313,38.56129812802599],[-122.69122818595498,38.56149389350754],[-122.69172093657049,38.561958836526266],[-122.69178989941054,38.56206116848253],[-122.69187443450485,38.56222467715179],[-122.69219589032402,38.562622881938154],[-122.69222759098439,38.562691288626304],[-122.69221980485729,38.56276080761834],[-122.69214861740942,38.56283255121813],[-122.69137222930637,38.563327526441405],[-122.69122540519521,38.563372018596304],[-122.69107079495693,38.5633703501405],[-122.6908817032986,38.56334921636692],[-122.6907682483036,38.56334921636692],[-122.69068302164902,38.56338229184559],[-122.69045457861151,38.563690693655786],[-122.69023323014083,38.56392983898839],[-122.6901264489691,38.564003251043985],[-122.68997183873081,38.56406109084536],[-122.68986950677451,38.564078887707325],[-122.68974270413305,38.564077775403454],[-122.68964678800494,38.56405475467624],[-122.68929778258405,38.56391371058225],[-122.6890397280856,38.56381805244922],[-122.68891848696352,38.56380248019501],[-122.68878834741044,38.56381805244922],[-122.68850026070741,38.563905924455156],[-122.68810984204815,38.564074994643796],[-122.68791296426271,38.56412004295063],[-122.68754034246535,38.56415341206681],[-122.687194415961,38.56415452437068],[-122.68691967690447,38.564137839812595],[-122.68675060671583,38.56409112304993],[-122.68626675453127,38.56383863007087],[-122.686085449,38.5637718918385],[-122.68577845313118,38.56371738894875],[-122.68551928632886,38.56369847978294],[-122.68509911354097,38.56369959208682],[-122.68473205326303,38.563679570617126],[-122.68441504665937,38.56370626591006],[-122.68412139843706,38.5638019240431],[-122.6839334190826,38.56391649134195],[-122.6837587873746,38.564064427756996],[-122.68372430595451,38.564161198193894],[-122.68372764286617,38.564449284896874],[-122.68379326879462,38.56471568167435],[-122.68390783609352,38.56497484847664],[-122.6839656758949,38.56515281709624],[-122.68399348349169,38.56528406895321],[-122.68401128035362,38.56547649752316],[-122.68401517341718,38.565943665149625],[-122.68406522709142,38.56632963459339],[-122.68418090669418,38.56680013913147],[-122.68418090669418,38.56707265358025],[-122.68412640380441,38.56725507141533],[-122.6839509378685,38.56750200287502],[-122.68369662001588,38.56771999705425],[-122.6833551427271,38.567896853369916],[-122.68274226329349,38.5681293248792],[-122.6824986687455,38.56821385997349],[-122.68239578063731,38.56826891901516],[-122.68228232564235,38.568446887634686],[-122.68220891358673,38.568653776154896],[-122.68214217535441,38.569016387217225],[-122.68204540491756,38.56924107259941],[-122.68191137230092,38.56941069893988],[-122.68140158084397,38.56976234338034],[-122.68126921668355,38.56981406551026],[-122.68083319356674,38.569952547342],[-122.6806730218096,38.57002484709353],[-122.68056401603037,38.570122173682094],[-122.68046112792244,38.570238409436456],[-122.68029845348156,38.57034101946842],[-122.68013438866083,38.57039830311769],[-122.67970726397503,38.570394966206095],[-122.67943363722314,38.57036048478614],[-122.67892420205095,38.57032266645459],[-122.67861178370163,38.570311056782955],[-122.67843307418472,38.57028289781645],[-122.67825695876725,38.57017535571087],[-122.67818773771702,38.57003194309697],[-122.67810902235264,38.56985723680422],[-122.67804005951274,38.56976380327919],[-122.67794551368387,38.5696948404393],[-122.67784095712013,38.56965257289227],[-122.67775308511445,38.569634776030355],[-122.67763963011974,38.56966091517129],[-122.67754953350634,38.569739888746014],[-122.67738658098949,38.5700507776775],[-122.67723641996712,38.57021206173858],[-122.67714826988546,38.57026795500802],[-122.67692636526351,38.5703396986076],[-122.67682737021914,38.570411998359106],[-122.67638801019072,38.57098928406734],[-122.67621560309098,38.57124956317278],[-122.67610882191948,38.57135634434424],[-122.67592306717331,38.571448665565406],[-122.67577179384708,38.57149427002404],[-122.67550817783004,38.5714953823279],[-122.67533298997061,38.57147563893422],[-122.67511831532384,38.57136997006662],[-122.67499151268272,38.57135106090079],[-122.67470565058827,38.57136774545886],[-122.6745521526543,38.57139777766332],[-122.67425071830569,38.57151234496187],[-122.67403270674728,38.57163080532396],[-122.67388032111717,38.57174426031863],[-122.67375351847603,38.571881073694584],[-122.67373460931022,38.57196004726931],[-122.67373460931022,38.57209018682203],[-122.67379078065562,38.57220920333607],[-122.67403159444342,38.57244723636411],[-122.67415061095743,38.57263966493355],[-122.67463112622904,38.57384429002414],[-122.6747367950966,38.57396775575368],[-122.67490586528476,38.57408009844449],[-122.67525067948432,38.5742469440249],[-122.67539082977184,38.57433815294219],[-122.6754953863356,38.57448942626843],[-122.67551429550136,38.57459509513604],[-122.67548871251238,38.574720785473275],[-122.67535301144031,38.57488206953435],[-122.67512276453935,38.57510564261211],[-122.67492588675444,38.57533144029759],[-122.67483022862169,38.57550829661282],[-122.67473790740056,38.57580639404984],[-122.67461221706334,38.575973239630265],[-122.67441978849394,38.576160106680334],[-122.67403826826671,38.576405925835495],[-122.67391980790462,38.57652049313405],[-122.67391758329686,38.576640621951945],[-122.67396207545166,38.576777435327884],[-122.67402770137994,38.57687754267613],[-122.67412224720886,38.57693427017346],[-122.67423792681127,38.57695206703537],[-122.67437029097175,38.57694205630054],[-122.67451433432286,38.57687198115676],[-122.67480909484826,38.57666731724479],[-122.67502154488731,38.57655942376945],[-122.67516280747873,38.5765327284766],[-122.67534967452879,38.57656276068108],[-122.67549316172793,38.57662393739388],[-122.67558325834135,38.57671292170344],[-122.67562886280002,38.57688087958772],[-122.67559994289941,38.577007682228846],[-122.67553765388271,38.57709054886713],[-122.67522064727994,38.577285202044266],[-122.67510496767753,38.577412004685385],[-122.67491810062747,38.577710102122374],[-122.67476905190895,38.5782440079797],[-122.67475236735092,38.578394169002074],[-122.67476237808576,38.57853209468189],[-122.67482967246987,38.57865444810756],[-122.67515001598429,38.579044866765756],[-122.67544032729421,38.579449745374234],[-122.67578514149376,38.58001702034767],[-122.67589859648844,38.58025282876798],[-122.67600648996378,38.58038296832073],[-122.67660046023006,38.58091798648194],[-122.67677620424143,38.58103366608435],[-122.67690050419884,38.58113975206593],[-122.67702508223222,38.581287688480565],[-122.67717969247006,38.581522384597],[-122.67725532913319,38.58185162654237],[-122.67720972467454,38.582088547266565],[-122.67721806695357,38.58218309309547],[-122.6772747944509,38.58229043041887],[-122.67747222838771,38.58249064511535],[-122.67763907396814,38.58263969383385],[-122.67793828370901,38.58281432554134],[-122.67836318378714,38.58302121406106],[-122.67875582705304,38.583283717774236],[-122.6790083200314,38.58347280943206],[-122.67922410698206,38.58365189035504],[-122.67948104917595,38.58375311000716],[-122.67968960615141,38.58387810515449],[-122.67988092241698,38.584040501519425],[-122.68011228162185,38.58442313405052],[-122.6803247316609,38.5848647186867],[-122.680434849744,38.58514613156566],[-122.68053050787678,38.585636657572074],[-122.6806350644405,38.58596923642904],[-122.68066732125271,38.586187247987446],[-122.6806784442914,38.58645420091611],[-122.680665096645,38.58679234129241],[-122.68063061522503,38.587235038232464],[-122.68063617674437,38.58738075003936],[-122.68071959953461,38.58753091106172],[-122.68074927658613,38.58766052535765],[-122.68088404179655,38.587926524812254],[-122.68112650147641,38.58843733792419],[-122.68138543899859,38.588819859263786],[-122.6816792448121,38.58920936897396],[-122.68190404966091,38.589469483484855],[-122.68216181019432,38.58974019089439],[-122.68227127014688,38.58989555340769],[-122.68244781845743,38.59024394207388],[-122.68264025611592,38.5906570651206],[-122.68272735328246,38.59092777253013],[-122.6827956186292,38.59119259499597],[-122.68295451210871,38.59196940756245],[-122.68302160046672,38.59240253941771],[-122.68304337475838,38.59262793276086],[-122.6831179105385,38.59290037950233],[-122.68315518868839,38.59312462200791],[-122.68316225062084,38.593454178854294],[-122.68314812675597,38.59376961183584],[-122.68309869322897,38.59401560248189],[-122.68295745458055,38.5944981678641],[-122.6829409767382,38.594638229523824],[-122.682959808558,38.594722972712894],[-122.68314812675594,38.59493600767432],[-122.68322463102385,38.59504546762687],[-122.68330702023542,38.59512314888351],[-122.68349004198406,38.59523672829664],[-122.6836954265187,38.59530999584553],[-122.68416151405859,38.59539003107966],[-122.6847723712131,38.59546418137009],[-122.68500541498302,38.59549949103221],[-122.6853314408632,38.59562778280455],[-122.68566923663077,38.59584317174345],[-122.68580694431299,38.59597146351579],[-122.68594082678186,38.59618832369059],[-122.68612914497977,38.59675092430692],[-122.68623978192106,38.597162870364905],[-122.68632687908763,38.597787851384304],[-122.68645870182613,38.59868353981322],[-122.68661641831692,38.59893188443675],[-122.68676015806645,38.59926085278877],[-122.68705087428448,38.599751657092135],[-122.68735453737857,38.6001883199136],[-122.68764878456287,38.600673239273284],[-122.68773588172935,38.60099573418725],[-122.68785358060306,38.601544210938734],[-122.68789830617509,38.601812564370796],[-122.68793243884842,38.60211151951002],[-122.68793126185969,38.60261409370076],[-122.68787476640034,38.603028393736224],[-122.68793008487098,38.60329910114575],[-122.68807956244056,38.60354744576928],[-122.68833026104156,38.60375812675323],[-122.68843148207291,38.6038746486382],[-122.68865864089918,38.60428659469618],[-122.6887889924018,38.604581724621994],[-122.68899702516106,38.605134762204855],[-122.68921829904365,38.60555965513894],[-122.68936895360197,38.605722079584666],[-122.68954903287869,38.605878619086695],[-122.69034185989919,38.606479580951145],[-122.69094729549838,38.606976749578415],[-122.69116268443724,38.60712975811425],[-122.69140749809458,38.60726864278522],[-122.69176883363684,38.60745578399443],[-122.69225846095145,38.607678234865745],[-122.6925009206313,38.607766509021026],[-122.69279045986062,38.607817119536726],[-122.69301761868688,38.607845367266414],[-122.69391213012706,38.607910101646965],[-122.6941145721898,38.60796777409508],[-122.69438763357681,38.60809135791248],[-122.69443589011505,38.6081713931466],[-122.69453652265199,38.60838737057985],[-122.69464245163832,38.608384428107996],[-122.69481664597141,38.60834794145714],[-122.6949290483958,38.608299096424545],[-122.69503791985402,38.60826915677354],[-122.69510629956521,38.60823281092513],[-122.69532992742192,38.608223983509724],[-122.69553707743657,38.60821986404921],[-122.69574540443995,38.60822457200408],[-122.69602052555315,38.60826047016004],[-122.69633036783362,38.6083152001355],[-122.69643275219275,38.6083459939722],[-122.69656532420677,38.60837022435815],[-122.69682838118561,38.60848498075832],[-122.69700904895407,38.60853617976762],[-122.6971932476887,38.60862563091031],[-122.69740334017516,38.608718024524805],[-122.6976149038975,38.608861028654246],[-122.6977537885664,38.60895342226875],[-122.69793857579538,38.60906464770276],[-122.69834345991492,38.60927532868359],[-122.69854590197473,38.60937596121912],[-122.69873363167551,38.60946776633926],[-122.69895372856607,38.60952367330344],[-122.69918736082693,38.609656673028766],[-122.69938686041488,38.60972670385759],[-122.6995022053094,38.60978055109151],[-122.69979939496105,38.60989104090757],[-122.69984235504931,38.609934000995835],[-122.6999100319007,38.61007112018168],[-122.70006215769267,38.61023825257989],[-122.70020339633906,38.61038419918113],[-122.700321095211,38.61052838029928],[-122.70045850864399,38.610722583438026],[-122.70050352846253,38.61076819175091],[-122.70055001951695,38.61083469161358],[-122.70064359012017,38.610982403697896],[-122.70071597492644,38.61109598310934],[-122.700854271101,38.61119543865614],[-122.70105377068897,38.611306075595785],[-122.70127563306261,38.611354332133295],[-122.70150985381783,38.61135374363893],[-122.70174348607866,38.611351978155845],[-122.7019682909241,38.61132726139274],[-122.70240149019496,38.61119717424095],[-122.70270390887387,38.6111360007258],[-122.70333006687274,38.611118934389374],[-122.70353780538179,38.6111683679156],[-122.70419191686267,38.61124251820493],[-122.70439435892247,38.611267529215226],[-122.704553840894,38.61127812211372],[-122.70474098210042,38.611279299102435],[-122.70493695072221,38.61128224157425],[-122.70512879988354,38.61131872822456],[-122.70533771538123,38.611424657209334],[-122.705540157441,38.6115776657429],[-122.70570611285048,38.61168065225587],[-122.70589972749482,38.61176774942113],[-122.70601801486116,38.61182012541916],[-122.70619632865215,38.61186367400178],[-122.70639054328494,38.611895362469056],[-122.70661829060217,38.61199334677996],[-122.70682897158295,38.61204631127235],[-122.70705451204635,38.61210471933757],[-122.70732933891237,38.61217357317767],[-122.70767772757338,38.61222359519825],[-122.70783250159003,38.61229921672349],[-122.70799080657284,38.61236395110307],[-122.70813263371355,38.61243280494317],[-122.70832271739177,38.61252284458023],[-122.70851280107,38.61262230012704],[-122.7086961170631,38.61272793486462],[-122.70887619633716,38.61290065795923],[-122.70890562105514,38.612988932113204],[-122.7089338687844,38.6131148699062],[-122.70901861197224,38.6133155464829],[-122.7090498021733,38.61342441793947],[-122.70916632405651,38.61361920957256],[-122.7093034432423,38.61376751015124],[-122.70951206449287,38.6138984501463],[-122.70972333396804,38.61398966677208],[-122.7099569662289,38.61405999184807],[-122.71019854316361,38.61412796294664],[-122.71023914927444,38.61415326820411],[-122.71032065574326,38.614167097821564],[-122.7105060314666,38.61414708901333],[-122.7108394531158,38.614081536928055],[-122.71113277795979,38.6140070273557],[-122.71136641022063,38.61396995221103],[-122.71165889191747,38.61398819553619],[-122.71186898440394,38.61407176173528],[-122.71210408790067,38.614133259395885],[-122.7123589059585,38.61423889413348],[-122.71266198055378,38.61429833206382],[-122.71288031196126,38.61435188505056],[-122.71338877108813,38.61449900864052],[-122.7135970980915,38.614591990749375],[-122.71380925030819,38.61464672072484],[-122.71403052418749,38.614707924138266],[-122.7142573887632,38.61477236427066],[-122.71430270282892,38.614804142966086],[-122.7143789128485,38.61482621150458],[-122.71476643638448,38.61492007635497],[-122.7148856064923,38.614939496668846],[-122.71513409823572,38.61494799305618],[-122.71526327274772,38.614890320608914],[-122.71548278114392,38.61481087387034],[-122.7156737691375,38.61475510033499],[-122.71590710715465,38.61468212703329],[-122.71629257096608,38.61459267588926],[-122.71649751412994,38.61456766487861],[-122.71692490816508,38.61446100027431],[-122.71726888312345,38.614364928568634],[-122.71751487376949,38.61431696627759],[-122.71772967421397,38.61429401499721],[-122.71798272679246,38.61429872295216],[-122.71820517766376,38.61427753715489],[-122.71833431539676,38.61424285276806],[-122.71841243802425,38.614233289734564],[-122.718469521978,38.61420974995981],[-122.71854455501001,38.61418974115128],[-122.71869844628745,38.614165318634974],[-122.71893678650677,38.61409646479384],[-122.71905154290867,38.61407763297404],[-122.71915931093993,38.6140689526821],[-122.719406772822,38.614040999199595],[-122.71959435540204,38.61400407117795],[-122.71982533944183,38.61398597497612],[-122.7200819229866,38.61395125380835],[-122.72022316163509,38.61395713875204],[-122.72040853736122,38.61394654585341],[-122.7207030787928,38.6139653776732],[-122.72150607935892,38.6139653776732],[-122.72171470061265,38.6139486055837],[-122.72192538159668,38.61392918526953],[-122.72219314653444,38.61388151722566],[-122.72227141628547,38.61383679165363],[-122.72232084981245,38.61374851749833],[-122.72234733205903,38.61346250923513],[-122.72238793817046,38.61334951831633],[-122.72243737169742,38.61327066007092],[-122.72257213690789,38.6131432510401],[-122.72271161007328,38.61306762951371],[-122.72287933096835,38.612941691718795],[-122.72311472871586,38.61290285109046],[-122.7233944106646,38.61290476369715],[-122.72420242881148,38.61291260368386],[-122.7249879062916,38.61286607019242],[-122.72528597868937,38.612835909856024],[-122.72553079234677,38.612859449630776],[-122.72575088924067,38.61284826823777],[-122.72600776703264,38.612830907653894],[-122.72630289695857,38.61280265992422],[-122.72678369685782,38.61274204500423],[-122.72697642876359,38.61272909812811],[-122.72711443069306,38.612744398981725],[-122.72720329334274,38.6127938325087],[-122.72745399194383,38.612868571293525],[-122.72759817306418,38.61301451789697],[-122.72771057548863,38.61314222117499],[-122.7278070885651,38.61336055258579],[-122.72791184056273,38.61344353029178],[-122.72800541116736,38.61348178242576],[-122.72820148303947,38.6135065377959],[-122.72844501646078,38.61350473370613],[-122.72861097187275,38.61346765856091],[-122.72887344036123,38.61339291977607],[-122.72908412134521,38.61330523411512],[-122.72932069608144,38.61321387036437],[-122.72953078857108,38.61314030856827],[-122.72971792978035,38.61308440160324],[-122.73001041148159,38.61302849463821],[-122.73016959920834,38.61303290834597],[-122.7303679218106,38.613085284344784],[-122.73046266940399,38.61310235068148],[-122.73116327195002,38.61312059400692],[-122.73141985549476,38.61312059400692],[-122.73162935949003,38.61312235949003],[-122.7318406289684,38.61315354969155],[-122.73211839831042,38.61317532398321],[-122.7327516182512,38.61317532398321],[-122.7328928568997,38.613210045150964],[-122.7329322860224,38.61322946546513],[-122.73299643190859,38.61324417782435],[-122.73326449109356,38.61324623755464],[-122.73347340659446,38.6132509455096],[-122.73368379333128,38.613265952115995],[-122.73412634109663,38.6132865494189],[-122.73433643358625,38.613263598138516],[-122.7344882651334,38.61322887697076],[-122.7346353887256,38.61317120452262],[-122.73475897254302,38.613091169288474],[-122.73493905181985,38.61293521828077],[-122.73508205595142,38.6127895659245],[-122.73524683437469,38.61269658381424],[-122.73542985612339,38.61252945141352],[-122.73559404605227,38.61236761546212],[-122.73573587319515,38.61219754058955],[-122.73582826681105,38.612056301941045],[-122.73587593485495,38.611965673808264],[-122.73599069125682,38.61171026725224],[-122.73606425305293,38.611509590672505],[-122.73625198275658,38.61150841368377],[-122.73657506616502,38.61143485188768],[-122.73682723600201,38.6113930687875],[-122.73687755227054,38.61136070159722],[-122.7371612065563,38.61135864186692],[-122.7372468324869,38.61134481224923],[-122.73776529602578,38.61130479463216],[-122.73787151925933,38.611288316789825],[-122.73802246806493,38.611288316789846],[-122.73826154390224,38.61132509768787],[-122.73846339747072,38.61144103107851],[-122.73860640160228,38.61156152530051],[-122.73881546422683,38.6116709852531],[-122.73893551707806,38.611707471903955],[-122.7391885696566,38.61172512673502],[-122.73942632138159,38.61176514435209],[-122.73965987047423,38.61183168372726],[-122.73981943561989,38.611914621921755],[-122.73993654599929,38.61203820573919],[-122.7401431075227,38.6124219040676],[-122.74054034122159,38.61293095169656],[-122.74054446068219,38.61301275241382],[-122.7406362658037,38.61322461038656],[-122.74071688953221,38.61329817218265],[-122.74080987164247,38.61335819860827],[-122.74097906377347,38.61349767177365],[-122.74112611380387,38.61363206917511],[-122.74126264449743,38.613759772453136],[-122.74142918840379,38.613886298742415],[-122.74163928089342,38.614011648042954],[-122.74186702821413,38.61412640444486],[-122.74191881571855,38.61416936453378],[-122.74208624236643,38.614270291318014],[-122.7421721625443,38.61433031774362],[-122.7423604807423,38.61449980412183],[-122.74244228145956,38.614625153422374],[-122.74257216614689,38.61475282300772],[-122.74290680086766,38.61492088635911],[-122.742681793594,38.605125723539246],[-122.74269380483058,38.60374480281827],[-122.74253525172675,38.60379638033396],[-122.74215510633323,38.60391386245305],[-122.74196694391485,38.603932010097466],[-122.74184182068232,38.60392627926239],[-122.74161163214002,38.60389953536536],[-122.74109776726138,38.603889028834374],[-122.74085659461853,38.60386801577242],[-122.74060539301429,38.60384270458415],[-122.7402997484768,38.60379876818189],[-122.73980594152093,38.60372999816096],[-122.73927392899786,38.60370707482064],[-122.73851029522378,38.6037037318335],[-122.73834553371529,38.60367746550606],[-122.7381225087168,38.60361776930734],[-122.73803654619064,38.60356714693082],[-122.73788467906108,38.60342960688895],[-122.73771466428708,38.603336003249346],[-122.73722372274875,38.60312873804737],[-122.73689802028846,38.60301985218089],[-122.73668502425141,38.60294153076817],[-122.73650068238973,38.602803990726294],[-122.73612817810967,38.60248401910112],[-122.73594001569126,38.602322600579754],[-122.73556369085449,38.60199116728444],[-122.73536406676595,38.601790588056716],[-122.73502690263555,38.60148207810168],[-122.73476519450034,38.60130919791015],[-122.73464675724206,38.60118216439926],[-122.73443853690092,38.600908039454694],[-122.73420452780191,38.60071510134041],[-122.73399344204321,38.60053410246587],[-122.73385160387501,38.60039990541112],[-122.73352208085802,38.60010094684789],[-122.73334729038815,38.59994334888325],[-122.73317249991828,38.59983064246005],[-122.73289359927783,38.59967973046968],[-122.73269110977175,38.59960140905695],[-122.73249721651828,38.59951067083488],[-122.73222022615617,38.59940560552512],[-122.73179232380366,38.59920980199329],[-122.73134531866758,38.59897197233755],[-122.73092266958058,38.59871360718948],[-122.73070489784764,38.59856365033827],[-122.73055541856603,38.59842228973968],[-122.73035197392076,38.59822075537278],[-122.73016237879362,38.59812237603727],[-122.72997994721032,38.59806076956018],[-122.72987010620467,38.59805885928182],[-122.72968958489973,38.59811425735424],[-122.72942883190365,38.59823938058676],[-122.7291547069591,38.59828236184985],[-122.72887103062273,38.598289047824096],[-122.72870626911427,38.598280929141076],[-122.72856729636365,38.59824893197856],[-122.72840492270309,38.59819878717163],[-122.72819765750111,38.59811760034137],[-122.72811169497493,38.59810709381038],[-122.72805343148497,38.598130017150694],[-122.72799612313422,38.59820213015875],[-122.72787195504087,38.598393635564264],[-122.72779936446317,38.59843040842267],[-122.72773345985978,38.598429453283494],[-122.72768188234407,38.59838933743795],[-122.7275835030086,38.59819162362776],[-122.72750518159587,38.59801014718362],[-122.72741253309543,38.59791845382239],[-122.72719094080574,38.59781720906935],[-122.72697412421196,38.597767541832],[-122.72672483288605,38.597714054037944],[-122.72653905831564,38.597685877432134],[-122.72630075109033,38.597680624166614],[-122.72621383342498,38.597692085836776],[-122.7261283484684,38.59771644188585],[-122.7260576681691,38.5977154867467],[-122.7257486806445,38.597651969991226],[-122.72561209574182,38.597662954091795],[-122.72554810141679,38.59766152138303],[-122.72525200827106,38.59756218690835],[-122.72512497476019,38.597555500934085],[-122.72449171748407,38.59760230275388],[-122.72420326545182,38.59087048181584],[-122.724145957101,38.58813735105331],[-122.72433650736737,38.58821853788359],[-122.72458627626287,38.58831118638401],[-122.72467510420657,38.588351302229555],[-122.72496594408679,38.58840717787157],[-122.72529546710378,38.58840765544115],[-122.72543969311991,38.58843678718613],[-122.72579739274265,38.58863306828756],[-122.72600632943819,38.58873168640785],[-122.72622266846236,38.58877442888614],[-122.72649488312855,38.588810246605384],[-122.72658084565472,38.58884606432461],[-122.72668352311653,38.58886421196903],[-122.72689078831851,38.58886325682986],[-122.72695334993479,38.588847974602984],[-122.72708945726791,38.5888427213375],[-122.72720693938697,38.58881072417498],[-122.7275660717185,38.58880833632703],[-122.72789511716591,38.588847019463806],[-122.72813437953043,38.58886755495617],[-122.72836313536395,38.588845586755035],[-122.72857350476826,38.58881215688375],[-122.72868859903937,38.588790427467394],[-122.7289006399373,38.58873216397745],[-122.72913082847958,38.58869968924532],[-122.7293132600629,38.58868918271432],[-122.7294909159503,38.588686317296784],[-122.72990210336698,38.588642380894505],[-122.73013659003557,38.588624233250094],[-122.73033287113695,38.58858220712619],[-122.73055350828749,38.58851725766197],[-122.7306475894967,38.58847952966436],[-122.73087968831734,38.588478574525176],[-122.73107023858368,38.588494811891245],[-122.73143080362395,38.58849385675204],[-122.73190837321378,38.588427474579056],[-122.73214285988239,38.58839499984695],[-122.73235108022357,38.588348675596734],[-122.73259559585355,38.58830235134652],[-122.73268203594931,38.58827130932318],[-122.73304069071126,38.58821065798526],[-122.733268013836,38.58819251034083],[-122.73341797068719,38.58819394304961],[-122.73353831822381,38.58820444958059],[-122.73366439659551,38.588258414944235],[-122.73366344145634,38.58813185900293],[-122.73376564134857,38.58814523095145],[-122.73398198037273,38.5882034944414],[-122.73414530917245,38.58827512987988],[-122.73439698834625,38.58835631671014],[-122.73465869648147,38.58841171478256],[-122.73516969594257,38.58850913897888],[-122.73565872720255,38.588629486515494],[-122.73582396628062,38.58869157056217],[-122.73604269315275,38.588865405892854],[-122.73620602195244,38.58895041327985],[-122.7364419413298,38.58905165803289],[-122.73658568977636,38.5890932065872],[-122.73670030647791,38.589107056105306],[-122.73686506798637,38.58910657853572],[-122.73721226107818,38.58909559443516],[-122.73730634228737,38.58907887949951],[-122.73739039453518,38.58908270005623],[-122.7375422616647,38.58913236729357],[-122.73768362226329,38.589200182175325],[-122.73776480909356,38.589213554123845],[-122.73783739967122,38.589207345719174],[-122.73790760240095,38.58917105043035],[-122.73805612654337,38.58904258421069],[-122.73814113393036,38.58900963190899],[-122.7382237534694,38.58899434968212],[-122.73854515780334,38.588985753429505],[-122.73908099088308,38.58898670856868],[-122.7393852027118,38.58896808335468],[-122.7397830181801,38.58896521793713],[-122.74013164398065,38.58898384315115],[-122.74029879333709,38.589004856213094],[-122.74046116699762,38.589032555249304],[-122.74071236860188,38.589109921522855],[-122.74097025618038,38.58920448030164],[-122.74122814375886,38.589279936296826],[-122.74137428005335,38.589339154925966],[-122.74146119771869,38.589363033405455],[-122.74157390414189,38.58936398854463],[-122.74180218240582,38.58933437923007],[-122.74202043170834,38.58929092039739],[-122.74221336982262,38.5892570129565],[-122.74268711885567,38.58916914015196],[-122.74314176510516,38.58911087666199],[-122.74347033298295,38.58907744679071],[-122.7436422580353,38.589049747754494],[-122.7441599434706,38.588985753429455],[-122.74442356188418,38.58897333662012],[-122.74470914849888,38.58898193287274],[-122.74513227515547,38.58900294593468],[-122.745284142285,38.588997215099596],[-122.74536055341937,38.58898193287273],[-122.74564422975574,38.58887018158871],[-122.74578081465843,38.58881382837711],[-122.74613708157243,38.588691570562126],[-122.74627653189266,38.58861515942775],[-122.74642553360468,38.588514869813885],[-122.74653250919279,38.58841935589592],[-122.74673404355968,38.5882092252764],[-122.74707311796844,38.58792172838331],[-122.7472440878816,38.5877908743157],[-122.74740646154213,38.587657154830566],[-122.74773025372404,38.58737729905094],[-122.74789740308049,38.58724740012251],[-122.74826608680381,38.586999063935785],[-122.74847526228415,38.586870120146536],[-122.74869112373875,38.58672207357369],[-122.74884776656421,38.58657593727921],[-122.74892990853364,38.58645367946422],[-122.74899963369374,38.586294171221226],[-122.74902446731238,38.586077354627456],[-122.74908225323276,38.585867224007934],[-122.74914672512739,38.585807527809195],[-122.74937834637845,38.58566473450185],[-122.74960757978158,38.585521941194486],[-122.74977425156838,38.58542785998529],[-122.74985734867701,38.585402071227435],[-122.75003978026032,38.585402071227435],[-122.75027283422014,38.58542977026364],[-122.75048965081392,38.58545364874314],[-122.7508277700835,38.58546797583084],[-122.7510904333579,38.58551477765064],[-122.75114678656948,38.58558163739321],[-122.75120170707228,38.58563178220015],[-122.75135214149314,38.58587964081727],[-122.75141947880523,38.58594315757271],[-122.75158424031378,38.58603914906026],[-122.75166781499195,38.586102665815716],[-122.75192665770959,38.586381566456154],[-122.7522351676646,38.58673592309179],[-122.75237079742807,38.58685436035007],[-122.75259621027446,38.587048253603534],[-122.75273184003798,38.587139946964776],[-122.75282926423431,38.58719630017636],[-122.75294388093586,38.587225909490925],[-122.75318075545238,38.58724405713533],[-122.7538226089811,38.587325243965616],[-122.75410819559579,38.58734530188838],[-122.75476151079462,38.58739401398653],[-122.75501844323394,38.587391148569004],[-122.75534128027667,38.58739162613858],[-122.75545685211733,38.587298977638156],[-122.75560776410771,38.587253130957535],[-122.75587042738213,38.58723928143943],[-122.75601942909414,38.58720632913772],[-122.75614073176995,38.58716812357054],[-122.75624006624462,38.58714758807818],[-122.75649556597517,38.58714520023023],[-122.75684848990205,38.58716239273545],[-122.75702232523274,38.587183405797404],[-122.75719234000671,38.58721683566869],[-122.75731841837842,38.587247400122436],[-122.75750849107514,38.587313304725825],[-122.75774823100923,38.58737538877249],[-122.75787430938094,38.58739162613855],[-122.7579879709433,38.587377299050864],[-122.75816467169153,38.58728274027209],[-122.75848750873428,38.58706114798241],[-122.75871721970692,38.58692599578849],[-122.75889057746804,38.58685913604591],[-122.75911169218814,38.58681472207405],[-122.7592874377972,38.586781292202765],[-122.75963224304104,38.5867096567643],[-122.76008020331628,38.586683868006446],[-122.76024639753352,38.586670496057934],[-122.7603505077041,38.5866485278568],[-122.76049568885944,38.58660363631535],[-122.76071537087074,38.58651862892837],[-122.76089684731487,38.586449858907436],[-122.76111366390865,38.58635434498947],[-122.76129323007441,38.586254055375605],[-122.76138492343566,38.58622253578268],[-122.76152437375588,38.586198657303186],[-122.76166286893691,38.58621871522596],[-122.76215715346238,38.58631566185269],[-122.76238781957429,38.58643553181972],[-122.76253831412312,38.58651027584756],[-122.7626309024955,38.586544417686206],[-122.76271686502167,38.58651958406753],[-122.76301534601532,38.586345748736846],[-122.76320589628158,38.58625262266684],[-122.76331000645214,38.5861561536097],[-122.7633902381433,38.58603389579469],[-122.76343608482388,38.58599951078424],[-122.76354974638626,38.58602147898537],[-122.76371689574268,38.586099800398095],[-122.76409131030108,38.586346226306425],[-122.76423458117803,38.5864646635647],[-122.76447563567504,38.58678665689668],[-122.76577999637054,38.587864897602046],[-122.76606864999329,38.58812303587423],[-122.76634782661283,38.58844275680572],[-122.76645384706173,38.588580296847574],[-122.7665016040207,38.58874935648237],[-122.7665837459901,38.58891459556045],[-122.7667499402074,38.58913141215423],[-122.76703552682207,38.5894007614029],[-122.7677781475342,38.58998960470713],[-122.76806659956644,38.590239851172186],[-122.76839230202668,38.590496783611506],[-122.76868266433728,38.59068399089072],[-122.76901123221506,38.590911314015464],[-122.76962538670755,38.59136978082169],[-122.77037087283722,38.59190656904063],[-122.7720886906518,38.593197439641884],[-122.77346122565288,38.594082853661405],[-122.77385999626036,38.59435745617556],[-122.77423154540125,38.594612955906115],[-122.77459784127663,38.59489328925532],[-122.77494933249476,38.595209440323785],[-122.7754546011208,38.59570945568431],[-122.77609358923195,38.596360860604825],[-122.77637631042914,38.596682742508364],[-122.77655157846858,38.596900991810905],[-122.77686534168909,38.597318387632406],[-122.77695607991112,38.5974688220532],[-122.77716047969555,38.59792537858105],[-122.77724166652581,38.59807915598898],[-122.77732094307768,38.598268273546545],[-122.77734386641801,38.598357101490244],[-122.77734673183554,38.59855768071796],[-122.77733240474782,38.59869522075983],[-122.7773104365467,38.598807927183024],[-122.77721683290707,38.599007551271555],[-122.77708788911781,38.59923582953549],[-122.77704204243717,38.59937241443816],[-122.77704490785472,38.5995109096192],[-122.77706687605586,38.59959687214536],[-122.77715761427788,38.59981273359997],[-122.77737636109613,38.60024330551286],[-122.77761226052736,38.603804260231634],[-122.78590382374571,38.605537360273075],[-122.78651489455947,38.6052858182687],[-122.78694730705503,38.60511285327048],[-122.7874662020497,38.6050387254141],[-122.78819512597079,38.60501248248486],[-122.7885410559672,38.60496459755772],[-122.78876343953637,38.60489046970134],[-122.78920124828265,38.6047198051688],[-122.79003596773754,38.60453218506217],[-122.79035718844854,38.604482766491245],[-122.79106140308413,38.60447041184852],[-122.79181503629069,38.6044209932776],[-122.79277869842362,38.60432215613576],[-122.79301343663548,38.604297446850296],[-122.79401416269661,38.60422331899392],[-122.79474308661767,38.604235673636644],[-122.7950148887577,38.60419784288656],[-122.79525502322034,38.604237235777916],[-122.79577726866428,38.60450976239275],[-122.79606503338978,38.60460631291855],[-122.79660863766988,38.60460631291855],[-122.79674453873993,38.604690494951974],[-122.79708583930751,38.6047622938452],[-122.79737545891643,38.6048456032713],[-122.7977993128008,38.60506036741199],[-122.79798692934527,38.605168445600576],[-122.82419366657645,38.59926347414831],[-122.8266156300831,38.58134198301385],[-122.83532276810749,38.57683595052918],[-122.84580857587808,38.576819002790906],[-122.84567904673561,38.57145988584299],[-122.84145341066312,38.57146795619453],[-122.84070551724682,38.5725841795693],[-122.84053984686744,38.572875425505146],[-122.84052532023465,38.573001322989356],[-122.84055437350021,38.57309655313767],[-122.84063346294542,38.573236977254666],[-122.84023132898378,38.573195139917054],[-122.8397945764588,38.573091353152385],[-122.83881056795468,38.572773340639316],[-122.83752093981909,38.572375078787424],[-122.83654596979781,38.57207543764542],[-122.83590420330721,38.571859605542215],[-122.83556852388206,38.571663049220135],[-122.83527869750422,38.57137999085155],[-122.83508520562124,38.57116328036818],[-122.83272909156176,38.5676646636652],[-122.8322155546725,38.56699651803358],[-122.8320589403353,38.56684145859485],[-122.83178052355109,38.5666468659381],[-122.83000347385658,38.56558693865531],[-122.82387533951811,38.561738013797715],[-122.82361589558293,38.56151948571116]]]}},{"type":"Feature","properties":{"ava_id":"dry_creek_valley","name":"Dry Creek Valley","created":"1983-09-06","within":"North Coast|Northern Sonoma","cfr_index":"9.64","valid_end":null},"geometry":{"type":"Polygon","coordinates":[[[-123.00113036212267,38.75000098072723],[-123.10876860901531,38.74988762259324],[-123.10986392481533,38.7422730945123],[-123.10993252234344,38.7352397988952],[-123.11024337286793,38.72138188196221],[-123.10957031713593,38.70697156705805],[-123.10940960461913,38.69256341580229],[-123.10962920883692,38.6785056543013],[-123.10957464959519,38.66437670820316],[-123.11366608061543,38.64518455881482],[-123.1060698621595,38.63110975482829],[-123.10559877813223,38.61796725443696],[-123.08816515172074,38.616549677586775],[-123.03881169621873,38.62133575905335],[-123.02981046661134,38.621470023033396],[-123.02014249433884,38.62126710921001],[-123.02016676751322,38.592233179890094],[-123.00202643782369,38.59173603561562],[-122.98370798728654,38.59173545279864],[-122.98356695352687,38.57714531882181],[-122.98208389171607,38.55946100391115],[-122.98206577223668,38.54501811768321],[-122.93786458819945,38.567785111100285],[-122.93771283984557,38.568041380254044],[-122.93750583990584,38.56836446461113],[-122.93739240461876,38.56869769523306],[-122.93737317159912,38.56916074044658],[-122.93747942299166,38.569390010333954],[-122.93747094982248,38.569555573910634],[-122.93740370217763,38.56966332711613],[-122.93735207829424,38.56977108032165],[-122.93732769285864,38.570015061289176],[-122.93724553094475,38.57018174651232],[-122.93653999548447,38.570374090368254],[-122.93606000393265,38.570413273352074],[-122.93564994477065,38.57051263022201],[-122.93501166208259,38.570524229901835],[-122.93461023353126,38.57063857550905],[-122.93403228451987,38.57066796274692],[-122.93353270147615,38.570570005287365],[-122.93329422187152,38.57043676662329],[-122.93291934668588,38.57044832219724],[-122.93249056391056,38.570348850096906],[-122.93201189493554,38.570302516520734],[-122.93136726514595,38.57015660059644],[-122.93099428069686,38.57011507477077],[-122.93086825857625,38.57008003875347],[-122.92957840297207,38.5696420545752],[-122.92933626277761,38.56954543727818],[-122.92922593535378,38.56940280970575],[-122.92919204267716,38.56923045400895],[-122.92910105657384,38.56908051419379],[-122.92881680070502,38.56882185706855],[-122.92855784800562,38.56881654983603],[-122.92833116037377,38.56878717952347],[-122.92804443858746,38.568715605675955],[-122.92624378165984,38.567690886903726],[-122.92610488088827,38.567649371179726],[-122.92572715260997,38.567573444908376],[-122.92526487831013,38.567398610720915],[-122.92481448757574,38.56735700061397],[-122.92403082789929,38.56738638785184],[-122.92334097871587,38.5673626493934],[-122.92321778098501,38.56732761337611],[-122.923031462834,38.567333623639044],[-122.92252528664804,38.567636930280166],[-122.92193453826486,38.56784678791175],[-122.92131061414953,38.56806662052541],[-122.92108098578993,38.56819246340991],[-122.92071007002042,38.56834637095548],[-122.92028885294434,38.56841494117717],[-122.91969131244103,38.568405145431214],[-122.91951931521646,38.56843321009228],[-122.91871998778475,38.56875373128827],[-122.91858470762652,38.56900084369454],[-122.91851900578837,38.569081231138256],[-122.91837339217582,38.56913718122427],[-122.91758522706061,38.569159417869784],[-122.91713462274669,38.56913003063192],[-122.9168590192831,38.5690571342076],[-122.91653443708978,38.56889457425676],[-122.91628491220024,38.568806211792285],[-122.91575342256695,38.56872407884511],[-122.91536159272871,38.568651540893015],[-122.9134468828667,38.5685995585374],[-122.91317581880388,38.568508393197966],[-122.91287009057552,38.56836541444781],[-122.91256656883913,38.56816939467077],[-122.91240817532316,38.56817494540125],[-122.91225237353046,38.568256886665075],[-122.91171722026228,38.568783123444284],[-122.91099081421551,38.5693326061595],[-122.90996278016847,38.57067361152637],[-122.9094863978748,38.57139999853999],[-122.90852509219438,38.57244531896751],[-122.90800724023556,38.572865213466784],[-122.9070107193017,38.57321485669536],[-122.90623440627927,38.57339551552602],[-122.90546749687948,38.573476696682555],[-122.90517891480802,38.573528320565934],[-122.90493402115912,38.573528320565934],[-122.90472831049408,38.573577299295714],[-122.90449339182726,38.57373156531351],[-122.90414392716964,38.57373296926701],[-122.90379771462828,38.57379280570674],[-122.90355185687483,38.57390921131751],[-122.90321480402166,38.574202983193764],[-122.90266581977488,38.574374807124585],[-122.90234165358792,38.57459019681092],[-122.90209601129777,38.5748711226303],[-122.9017720347368,38.5752316370215],[-122.90164018460061,38.575277791361565],[-122.90124123030392,38.57529475243496],[-122.90106337892993,38.57532280236094],[-122.9006238929387,38.575379716551524],[-122.8999479864678,38.575467878265115],[-122.89958854749327,38.5755000898927],[-122.89932174695882,38.575354708089385],[-122.8990369823751,38.57523870351522],[-122.89857940642375,38.57515176924093],[-122.89773698945734,38.57513188937694],[-122.89749075604587,38.5749554958496],[-122.8972330630252,38.57494058903254],[-122.89694483942598,38.57489822318678],[-122.89652380158599,38.57443367616035],[-122.89614723703707,38.57412586106921],[-122.89600030084773,38.57411906894909],[-122.89591249760637,38.57417784342482],[-122.89576838580672,38.574345693682865],[-122.89566724548524,38.574379227887256],[-122.8954460292294,38.574361509583035],[-122.89521682040741,38.57440032119208],[-122.8948080442309,38.57454593480461],[-122.89447102113797,38.57476294302856],[-122.89274132107039,38.575577133283545],[-122.89228771313059,38.57572256765996],[-122.89191697659719,38.57582635313507],[-122.8913599416545,38.57599835035964],[-122.89115441022558,38.57611175234459],[-122.89102988991786,38.576246068398234],[-122.89068568587557,38.57665485541474],[-122.89044232439663,38.576997516447086],[-122.89024623024144,38.57732077606362],[-122.88994821089624,38.577576967271376],[-122.88952531277114,38.57774049132679],[-122.88920205315462,38.5778482445323],[-122.8885095588176,38.57811423148601],[-122.88813599789447,38.578196744420175],[-122.88764398808605,38.57823113917936],[-122.88728433024059,38.57832648711109],[-122.88698771880892,38.57851702725947],[-122.88654061388054,38.57883241418465],[-122.88618183461381,38.57928432731188],[-122.88597678681776,38.57946913767177],[-122.88584980059257,38.579508141419474],[-122.88554843062033,38.57943830534559],[-122.8852092448745,38.579422944375374],[-122.8848186849844,38.57951467167137],[-122.88456650558042,38.57967418544936],[-122.88446577602312,38.57982584187462],[-122.88422234875605,38.58034545336452],[-122.8838045971331,38.57975841499361],[-122.88376421625367,38.57949537896599],[-122.8836857646298,38.57944368794436],[-122.88343536071893,38.57952294612945],[-122.88297450206535,38.579622474930204],[-122.88227683226616,38.57981186413563],[-122.88057200096779,38.58051268743218],[-122.87979421540115,38.58073500260359],[-122.87944236462059,38.58077224575807],[-122.8789654986311,38.58074778533512],[-122.87829938790611,38.58074778533512],[-122.87800551552745,38.580767376827026],[-122.87608554932014,38.581041657713776],[-122.87460560681241,38.58136641914322],[-122.87059945821652,38.58135457688594],[-122.87099956460021,38.58365541633209],[-122.86176113748111,38.58500103099756],[-122.85727771708565,38.586076671134926],[-122.85721894260993,38.58609626262684],[-122.85716996388017,38.586213811578304],[-122.85725812559376,38.586370543513596],[-122.85739526603712,38.58652727544888],[-122.85759118095622,38.586644824400345],[-122.85788505333487,38.58681135208159],[-122.85806137676208,38.58698767550879],[-122.8581005597459,38.58710522446026],[-122.85806137676208,38.58724236490363],[-122.8579928065404,38.58752644153634],[-122.8579242363187,38.58788888413669],[-122.85787525758892,38.58803582032602],[-122.85762056819408,38.58855499486166],[-122.85747363200474,38.58892723320797],[-122.85743444902094,38.58897621193775],[-122.85739526603712,38.5890741693973],[-122.85739526603712,38.589162331110906],[-122.85744424476687,38.58919171834877],[-122.85757158946429,38.58926028857046],[-122.85757158946429,38.58932885879214],[-122.85738547029115,38.5894268162517],[-122.85733649156138,38.589397429013836],[-122.85732669581542,38.58932885879214],[-122.85733649156138,38.58926028857046],[-122.85730710432352,38.58918192260281],[-122.85725812559373,38.589152535364946],[-122.85718955537205,38.589211309840685],[-122.85713078089628,38.589289675808324],[-122.85712098515036,38.589397429013836],[-122.85716996388011,38.58959334393295],[-122.85713078089628,38.58964232266272],[-122.8570426191827,38.589681505646546],[-122.85698384470697,38.589681505646546],[-122.85693486597718,38.589681505646546],[-122.85687609150146,38.58971089288441],[-122.85685650000956,38.589769667360144],[-122.85685650000956,38.59008313123072],[-122.85693486597718,38.59021047592814],[-122.85712098515036,38.59042598233916],[-122.85736587879924,38.59058271427445],[-122.85776750438338,38.59084719941525],[-122.85804178527013,38.591092093064134],[-122.85816912996755,38.59127821223729],[-122.85829647466495,38.59135657820494],[-122.85834545339475,38.5916504505836],[-122.85836504488665,38.59215982937328],[-122.85836504488665,38.59245370175195],[-122.85840422787048,38.5927279826387],[-122.85845320660026,38.59296308054163],[-122.85845320660026,38.59311001673097],[-122.85831606615692,38.59340388910963],[-122.85823770018926,38.593756535964026],[-122.85821810869736,38.594363872213265],[-122.85821810869736,38.594755702051486],[-122.8581397427297,38.59491243398678],[-122.85806137676205,38.5951475318897],[-122.85806137676205,38.5953238553169],[-122.85796341930251,38.59591160007423],[-122.8577870958753,38.596969540637424],[-122.85761077244807,38.59765524285432],[-122.85755958412017,38.597950617078816],[-122.85762588717445,38.598240162889645],[-122.8577185546449,38.59853844269327],[-122.85790685280007,38.59879601458507],[-122.85816929375197,38.599160852757855],[-122.8581939794311,38.59926510446546],[-122.85812586502729,38.59934861504645],[-122.85800005755257,38.59939112667625],[-122.85797876588703,38.59946831888085],[-122.85813750123465,38.59966477172745],[-122.85825148108393,38.59967885801236],[-122.8583867763742,38.59952673507193],[-122.85851661828141,38.59940380593577],[-122.85869136298575,38.59922224976555],[-122.85869716831603,38.599329820498106],[-122.85863254731217,38.59962631986134],[-122.8587042180977,38.5997274673497],[-122.85884744026387,38.599808676398595],[-122.85903458673835,38.599850015187805],[-122.85912068783071,38.59991423204714],[-122.85923380093413,38.600061361535325],[-122.85928363486717,38.600055220831024],[-122.85931150836245,38.59992954025747],[-122.85935884144212,38.59992655820941],[-122.85941473355528,38.59996930320781],[-122.85946420285902,38.600099745522954],[-122.85961203410473,38.600501993238346],[-122.85968867638067,38.60072272294626],[-122.85978622374695,38.60121348453761],[-122.85980581687421,38.6013555165544],[-122.86005624626047,38.60185235486729],[-122.86006544274012,38.601920714989866],[-122.85998904146258,38.60194359831803],[-122.8597174034447,38.60194500331308],[-122.85970112502801,38.60200861020023],[-122.85972355490193,38.60209400105404],[-122.85988418917648,38.60220493097126],[-122.86021159886539,38.60237733562269],[-122.86021054171471,38.60253595360843],[-122.86040767346836,38.60327061909459],[-122.86057493221045,38.603715654820675],[-122.86059449512905,38.60395713236463],[-122.86095285354305,38.60391587436157],[-122.86150452725123,38.603899418280754],[-122.86319368084,38.60390040946247],[-122.8661433554823,38.603905687450904],[-122.86683208260042,38.60394415667729],[-122.86719067157468,38.60397745348997],[-122.86753836315492,38.604090047491546],[-122.86782984380982,38.60424622553809],[-122.86806359248295,38.60439824240397],[-122.86848422237496,38.60485183123903],[-122.8685869057911,38.60508286722507],[-122.86869465899662,38.60535714811183],[-122.8688513909319,38.60572938645813],[-122.86987014851131,38.608178322947005],[-122.87049707625245,38.6102256338517],[-122.87103584228,38.61198886812369],[-122.87116318697744,38.61237090221595],[-122.87125134869103,38.612537429897195],[-122.87142767211823,38.61278232354608],[-122.87156481256162,38.61302721719497],[-122.87170195300499,38.613438638525096],[-122.87179011471858,38.613967608806696],[-122.87190766367003,38.614721881245266],[-122.8719370509079,38.615564315397435],[-122.87196643814573,38.62019770323438],[-122.87196643814573,38.620413209645406],[-122.87216235306484,38.620648307548336],[-122.8725052041733,38.62106952462442],[-122.8726129573788,38.62133400976522],[-122.87262275312477,38.621960937506365],[-122.87264234461666,38.6231854057508],[-122.87261295737883,38.62493884427683],[-122.87263254887075,38.6263102487106],[-122.87271091483838,38.62942529592445],[-122.87292642124942,38.631443219591276],[-122.87316151915235,38.63250116015447],[-122.87333784257952,38.63293217297651],[-122.87369048943394,38.6334415517662],[-122.87394517882879,38.633852973096324],[-122.8741606852398,38.634381943377925],[-122.87438346381995,38.63515593707381],[-122.87521514194337,38.635209549228264],[-122.87556890735452,38.63528673440888],[-122.87588408017537,38.63539929613061],[-122.87611081164339,38.63547648131122],[-122.87719140419858,38.63588813561611],[-122.8773264782381,38.63593316029653],[-122.87715924368011,38.636833654070365],[-122.8770691943027,38.63712953059604],[-122.87654176223518,38.6385188638471],[-122.87605292275798,38.64011402424647],[-122.87530679934535,38.64191501179415],[-122.87504951540996,38.642622542616444],[-122.87457354012952,38.64376745612889],[-122.87404610806198,38.645002419018724],[-122.87364731796215,38.64599296216994],[-122.87320993527202,38.64703496210824],[-122.87257958963032,38.64851434473669],[-122.87202642916925,38.64976217182329],[-122.87178200943063,38.65045683844882],[-122.87174341684033,38.650829900155124],[-122.87169196005327,38.65202627045465],[-122.87174341684033,38.6527981222608],[-122.8719235155951,38.6533770111154],[-122.87223225631756,38.65435469006985],[-122.87254099703999,38.655126541876],[-122.87313275009136,38.656348640569064],[-122.87331284884614,38.65665738129152],[-122.87372450314277,38.65727486273644],[-122.87425506848606,38.658052363322014],[-122.87531244812479,38.65975734382679],[-122.87618156472568,38.659902374926524],[-122.8776223547638,38.660198251452215],[-122.87883158926009,38.66051985637144],[-122.87971921883717,38.66079000450359],[-122.88073549038194,38.66108588102928],[-122.88169058534952,38.661329125802034],[-122.88171316933636,38.66165190568714],[-122.88176462612346,38.66180627604836],[-122.88172603353314,38.66193491801605],[-122.88170030513962,38.662166473557896],[-122.88172603353314,38.66242375749328],[-122.88184181130404,38.66266817723189],[-122.88193186068145,38.66284827598666],[-122.88212482363298,38.662989782151115],[-122.88225346560068,38.66316988090588],[-122.88243356435545,38.66338857225096],[-122.8826963315508,38.663924560274026],[-122.92517646735762,38.690749749034964],[-122.92512511128486,38.69184629469198],[-122.92523274700618,38.691882768094494],[-122.92545787044963,38.69195352117672],[-122.92561224081088,38.692037138455724],[-122.92581163586078,38.692204373013716],[-122.92605605559939,38.6924616569491],[-122.92625545064932,38.69266105199902],[-122.92642911730572,38.6927961260651],[-122.9265255987815,38.69290547173764],[-122.92653203087987,38.69302768160694],[-122.92646770989603,38.693156323574634],[-122.92631333953479,38.693272101345556],[-122.92603032720586,38.693465064297094],[-122.92565726549957,38.69385099020017],[-122.92543857415451,38.69410184203716],[-122.92512983343202,38.694571385219234],[-122.92483395690635,38.695008767909385],[-122.92476963592252,38.69521459505769],[-122.92464742605326,38.69549760738662],[-122.92443516680655,38.695815996256655],[-122.92421647546149,38.69614081722508],[-122.92402994460832,38.6963434283242],[-122.923991352018,38.69641418140642],[-122.92392381498496,38.69655568757087],[-122.92384662980433,38.69665216904664],[-122.92362150636087,38.696800107309485],[-122.92349929649157,38.69690302088364],[-122.92317125947396,38.69718603321255],[-122.92299116071919,38.69734683567217],[-122.9228441119513,38.69744273704253],[-122.92269528419348,38.69753979862371],[-122.922585938521,38.69766200849301],[-122.92256021012743,38.69772632947686],[-122.92253448173389,38.69781637885425],[-122.92233508668397,38.69860109485715],[-122.9219914383014,38.69943303106257],[-122.92197284810368,38.69959163800838],[-122.92266382428122,38.70798893552363],[-122.92502693099605,38.709704154441404],[-122.9476880630453,38.72193573283551],[-122.94942550182469,38.72653687869504],[-122.95612380156318,38.72303232362708],[-122.96578893117517,38.725001868789214],[-122.96579628116018,38.73688455716142],[-123.00113036212267,38.75000098072723]]]}},{"type":"Feature","properties":{"ava_id":"green_valley_of_russian_river_valley","name":"Green Valley of Russian River Valley","created":"1983-12-21","within":"North Coast|Northern Sonoma Valley|Russian River Valley|Sonoma Coast","cfr_index":"9.57","valid_end":null},"geometry":{"type":"Polygon","coordinates":[[[-122.91493693258585,38.39784710286768],[-122.91473974074476,38.3969098149808],[-122.91460883364259,38.39647990076681],[-122.91448490327879,38.39608155316889],[-122.91428130339537,38.39537337966147],[-122.9141131121874,38.394833397362056],[-122.9139714774859,38.39458553663446],[-122.91373246892712,38.39413407602348],[-122.9135996863945,38.39412522385464],[-122.91348460819952,38.39410751951695],[-122.91337838217342,38.393965884815465],[-122.91293577373129,38.393372789503],[-122.9124400522761,38.39277084202169],[-122.91233382624996,38.392691172502104],[-122.91203285250931,38.392620355151365],[-122.91181154828827,38.39257609430715],[-122.91151942671647,38.392567242138306],[-122.91143975719687,38.39254953780062],[-122.91116928211328,38.392413515312164],[-122.90959565744062,38.391515636750114],[-122.90945687137614,38.391381051513385],[-122.90937720185657,38.39085877355166],[-122.90935949751888,38.390628617161745],[-122.90929753233698,38.39053124330448],[-122.90915589763551,38.39042501727836],[-122.9086867326868,38.39030108691456],[-122.90794315050402,38.39006207835581],[-122.90716415964584,38.389752252446314],[-122.90655335999571,38.38942472219914],[-122.90611960372242,38.38924767882227],[-122.9053937258773,38.38895555725046],[-122.90458817851261,38.38855720965254],[-122.90433146561618,38.38839787061337],[-122.90409126878161,38.38828642299708],[-122.90388156046876,38.38823854812996],[-122.90346143700324,38.38822870046057],[-122.90330836980102,38.3881801968091],[-122.90324707493293,38.388012801268715],[-122.90325468011761,38.38754940467191],[-122.90337767760839,38.38702616348924],[-122.9035627485894,38.386604300864676],[-122.90356987917043,38.38629321485347],[-122.90349831426143,38.386030396646994],[-122.90329057077876,38.38560728757795],[-122.90288438249898,38.38456277415858],[-122.90280471297936,38.384168852645075],[-122.90280796717407,38.3837068625831],[-122.90294673311448,38.38323610247177],[-122.90317601226144,38.382299881047196],[-122.90318350379405,38.3819096904279],[-122.90305080669985,38.381688342304464],[-122.90292645534048,38.38153589628941],[-122.90252978863455,38.38114900627313],[-122.90113556146207,38.37955805468469],[-122.89971450630384,38.37806102707211],[-122.89851293299854,38.37889061788469],[-122.8979642132849,38.37921429166564],[-122.89777311502523,38.37929009539535],[-122.89749001528091,38.37936371777863],[-122.89714993343665,38.37944447649956],[-122.89683110792517,38.379589024847995],[-122.89670274308405,38.37970169163159],[-122.896300196562,38.38012866608104],[-122.8960875979456,38.380397002521214],[-122.89588113803426,38.38056106724713],[-122.89550146932457,38.380771549414526],[-122.89494607202232,38.38125096040537],[-122.89428516793586,38.38164538799011],[-122.89342802250054,38.3820820495552],[-122.89298678730016,38.38230290438899],[-122.89243650469385,38.38266080599085],[-122.89212347564026,38.38294466220451],[-122.89117053070333,38.38370668565164],[-122.89102229251998,38.38381738856761],[-122.89090383200333,38.3839419101222],[-122.89079529250881,38.38415218643206],[-122.89061578285632,38.38481815852747],[-122.89055886569625,38.38497398964441],[-122.89031185911817,38.385488024328076],[-122.89014927716725,38.38586465945436],[-122.89009855743065,38.386107503896426],[-122.89005630584866,38.386270605003205],[-122.88987303154408,38.38677630997431],[-122.8898159383535,38.38701305679194],[-122.88978197783489,38.38731721387156],[-122.88974694444899,38.387440283366836],[-122.88942880811224,38.38806642654387],[-122.88930881653526,38.38835768144918],[-122.88930158944272,38.38846979448527],[-122.88921399179858,38.388550690102],[-122.88908028522168,38.38859372484906],[-122.88857310680238,38.38871135373595],[-122.8879317791741,38.388804396712686],[-122.88731217711202,38.38893117039166],[-122.88671417511564,38.389068122959216],[-122.88628690354817,38.38920520015293],[-122.88605900351979,38.3892779810893],[-122.88588080460288,38.3893623597482],[-122.8857093419699,38.3894722526933],[-122.88552393938998,38.389624394208525],[-122.88522246238296,38.38991550644791],[-122.88491405832262,38.39017749211992],[-122.88476025762188,38.39027873033495],[-122.88454319416904,38.39037052635473],[-122.88424488924754,38.390431902882305],[-122.88371577339134,38.39045995853706],[-122.88344711401066,38.39051630893511],[-122.88316893503892,38.39052354051771],[-122.88241922812716,38.39051881207768],[-122.88210142524774,38.39055981926123],[-122.88188262022402,38.390639290401005],[-122.88133927181771,38.391017088294326],[-122.88086873568254,38.39123377869668],[-122.88063282116454,38.391261221653444],[-122.88021587715411,38.39123419968389],[-122.87961731672885,38.391163066855675],[-122.87947996686437,38.391180684655254],[-122.878627425435,38.39202400741676],[-122.87826651796126,38.39237929599735],[-122.87813642571228,38.39249327534321],[-122.87805400358678,38.39253445042422],[-122.87743592919328,38.39256749687761],[-122.87725167762343,38.39260400418364],[-122.8769741606815,38.39277119688951],[-122.87672520190787,38.39288964337762],[-122.8765484475772,38.39290881478763],[-122.87617003311317,38.39295737082291],[-122.87609795118237,38.3929845966772],[-122.87591165322134,38.39305933257806],[-122.87579400660167,38.3931671001504],[-122.8750635921464,38.39401770460084],[-122.87472450063633,38.394386508043006],[-122.87436183085097,38.39446053629041],[-122.87420876484786,38.39448244689706],[-122.87398551959289,38.39454080860831],[-122.87352519186425,38.394592915045514],[-122.87310471551937,38.39454614434657],[-122.87280616868792,38.3944961235612],[-122.87261595249818,38.39449236954534],[-122.87233708131656,38.394543896448184],[-122.8700750850871,38.39510692730959],[-122.86942407009022,38.39528635229044],[-122.86863681494933,38.39549122901529],[-122.8681912442369,38.39562701815664],[-122.86767589061385,38.39594532254338],[-122.86742281527616,38.39610042690088],[-122.8672830555888,38.39611118302901],[-122.86714204134988,38.39610491522721],[-122.86698506439588,38.39605066937019],[-122.86683575798313,38.39588664772138],[-122.86623260611942,38.39516102062938],[-122.86608070075101,38.39504453750339],[-122.8659406348222,38.39498205422684],[-122.8653829375387,38.394855453452465],[-122.86487073657025,38.39478312952973],[-122.86409362957656,38.39467487252694],[-122.86403860608665,38.39453574318479],[-122.8639189903524,38.39408759287581],[-122.86509695016724,38.393760969727865],[-122.86661020408033,38.39334681551511],[-122.86776716224016,38.39303266822068],[-122.86793489398906,38.39289278075976],[-122.86813087877954,38.39260427807798],[-122.86842319231096,38.392119292584155],[-122.86851088091707,38.39202485320023],[-122.86861170684061,38.39198823323694],[-122.86895301003392,38.39198334998356],[-122.86907327711599,38.39197082726264],[-122.86922155094412,38.39185796210989],[-122.8692214089205,38.3917293639998],[-122.86920111450867,38.39168282385298],[-122.86912714199579,38.391627405191365],[-122.86894876885864,38.39153420506921],[-122.86879099439409,38.391497768167454],[-122.86855055928802,38.39149673170245],[-122.8683979648187,38.391526952981316],[-122.8680220820659,38.391745096957145],[-122.86783606226146,38.39182821033086],[-122.86773925023566,38.39182866549376],[-122.86762871860101,38.391717719265266],[-122.86702093735077,38.39101903390571],[-122.86334512723808,38.38681054327875],[-122.86128148244258,38.38443061919289],[-122.86077449158319,38.38387267422231],[-122.86057984127187,38.383732371000164],[-122.86038322418355,38.38363666555373],[-122.85848106520773,38.382824757718154],[-122.85535751774547,38.381486840043706],[-122.85511197858068,38.381394414398706],[-122.85491744281906,38.38138183502503],[-122.85472513469175,38.381437597492365],[-122.85445389519525,38.38171597073261],[-122.85380107282018,38.3825410544029],[-122.85175961467912,38.38496862280277],[-122.84964442628372,38.387488586890264],[-122.84958270147477,38.38749404996049],[-122.84740176149991,38.38604199964105],[-122.84591732913945,38.385036520584954],[-122.844880325082,38.384323425899076],[-122.84427332471246,38.38387093851835],[-122.844075256742,38.38368458155798],[-122.84381389523806,38.38333526597248],[-122.84363590876666,38.38317107163781],[-122.84345088015156,38.38301903222451],[-122.8428893332186,38.38254235893166],[-122.84199985500473,38.38179038242212],[-122.84090189606258,38.3808908065013],[-122.83949129958292,38.3798444167065],[-122.83855071009646,38.37915225262838],[-122.8383946583716,38.379151349899274],[-122.83797473699026,38.37914759792821],[-122.83333989037212,38.37911403700028],[-122.83266710808113,38.379110284923726],[-122.83257817396631,38.379209659013924],[-122.83253755244266,38.37930192676247],[-122.83253938390169,38.37942896513277],[-122.83346729992041,38.3823551292776],[-122.83412212895045,38.38445993791101],[-122.83454935912383,38.385837037525235],[-122.83474970492033,38.38633969821023],[-122.83518526527293,38.38726352688723],[-122.83650834529408,38.38985543752529],[-122.8372813450611,38.39143569459351],[-122.83754522476553,38.39200084348274],[-122.83754916782586,38.39213872478997],[-122.83747297081891,38.392249330016355],[-122.83720225532855,38.39231278954317],[-122.83668338429567,38.39238092225469],[-122.83599827814393,38.39247515142579],[-122.83578588895419,38.39253046009859],[-122.83568077262636,38.39268029784127],[-122.83563208680447,38.39282525183234],[-122.83574106455983,38.39307223137178],[-122.8362802504771,38.393854793457415],[-122.8377198564384,38.39587580203206],[-122.83852502635465,38.39699413892202],[-122.83903961095275,38.397726612826865],[-122.83922155073618,38.39796153252706],[-122.8392117835109,38.39809616571552],[-122.83913738798705,38.39819587482392],[-122.83017501858444,38.39819628524707],[-122.82984744221243,38.39825232385406],[-122.82955063576911,38.39837130241542],[-122.82929327075666,38.39850168716831],[-122.82894621456275,38.398854602817806],[-122.82812460992017,38.400036366171165],[-122.82757729294883,38.40082518381358],[-122.82751886524156,38.400904824212965],[-122.82735052431097,38.401001117724334],[-122.82712114652455,38.40105824726505],[-122.82415681914134,38.40210351765067],[-122.82473793042499,38.403032562363634],[-122.82611985031392,38.40523967087013],[-122.8262941273725,38.405290913109575],[-122.82662366806686,38.405291446924316],[-122.83035090583722,38.40533377199107],[-122.83260495728852,38.40537921058821],[-122.83610438474939,38.40534739230863],[-122.83653727996193,38.405507565385626],[-122.83737209803726,38.4061217239636],[-122.83767813048925,38.4064565242571],[-122.83844673544795,38.40747063727512],[-122.83888570506741,38.4080444314428],[-122.83908589323599,38.40823991201029],[-122.83936571169453,38.40849857778888],[-122.839628543941,38.40874589235521],[-122.8400687416783,38.409163418297105],[-122.8407042890177,38.40994294305577],[-122.8413008229125,38.410734279043766],[-122.84156737547985,38.41108044675207],[-122.84285863922118,38.412696417256306],[-122.84402990233419,38.41409693825648],[-122.8448549468083,38.41492173931058],[-122.84522881490093,38.41541222149378],[-122.84547834074479,38.41589573312539],[-122.84554442703168,38.416064374605035],[-122.84560094617459,38.41628892989986],[-122.84573017489211,38.418884657509494],[-122.8459902244684,38.42241968151725],[-122.84600832906439,38.42284932882194],[-122.8461243860752,38.42311676120047],[-122.84640863537085,38.4235050333571],[-122.84667041724074,38.423733646649524],[-122.8473119010324,38.42422484585847],[-122.8476129241096,38.4245094890708],[-122.84797753605777,38.4248703822859],[-122.84816409855269,38.42514487907161],[-122.84823417552694,38.425389489317766],[-122.84833640845876,38.42593714702662],[-122.84837357266403,38.42646959315325],[-122.84845486534572,38.42674873747982],[-122.84859330944619,38.42690625611105],[-122.84880543299919,38.42701319025457],[-122.84922168740793,38.42715769298026],[-122.84966218914445,38.42730407205369],[-122.84991112601418,38.42745417431523],[-122.85017764561186,38.42762770319913],[-122.85132107280558,38.4286665203734],[-122.85268712054547,38.43010710788849],[-122.8531944896308,38.430678903749744],[-122.85325667522798,38.43104640959054],[-122.85336930846928,38.431382622260024],[-122.8534556211416,38.43152866218863],[-122.85355402316603,38.43160731656463],[-122.85374257501176,38.43171637650374],[-122.85412417698346,38.43174140883108],[-122.85473318305101,38.43177430968994],[-122.85502641370132,38.431848045384385],[-122.85517920534842,38.43189867240531],[-122.85544192375033,38.43209205330077],[-122.85621250767026,38.43279505310876],[-122.85649347299432,38.43327193908737],[-122.8565872658743,38.43357599933352],[-122.85698985491071,38.43493096977433],[-122.85702945275786,38.435328898331456],[-122.85721156392725,38.436337535617255],[-122.85742363796173,38.436919778143675],[-122.85750520556242,38.43708605595148],[-122.85805827229639,38.4377062984775],[-122.85811702849958,38.43779349306141],[-122.85845165849177,38.438349023385236],[-122.8589992810661,38.43923551404787],[-122.85947175590888,38.44023160167735],[-122.85964473763386,38.44064814086362],[-122.85973316860594,38.44081115779121],[-122.86108450198222,38.44222795264045],[-122.86122812241405,38.44229911125958],[-122.86160118232819,38.44244007942985],[-122.86226606107253,38.44265135453373],[-122.86318971275867,38.44293557459709],[-122.86365631010548,38.44304392425373],[-122.86438046308866,38.44328579302387],[-122.86499617681574,38.44356398144035],[-122.86559979480214,38.44400514988358],[-122.86618157228088,38.44457402599086],[-122.86634997668521,38.44483920650601],[-122.8665267494007,38.44571604751704],[-122.86672302628918,38.44644043519444],[-122.8669202865723,38.44733350078881],[-122.86791363977139,38.451199381042535],[-122.86813013315057,38.45210692135604],[-122.86819878821909,38.45237676113064],[-122.86824061998122,38.45250389422102],[-122.86831219370276,38.45264159276392],[-122.86849965372066,38.452837116725625],[-122.86906440412245,38.453412992085646],[-122.8703753170102,38.45469587867429],[-122.87107515416895,38.45543904985968],[-122.87205019446154,38.45639208760396],[-122.87611197646946,38.46040828847808],[-122.87656877211884,38.460882604204635],[-122.87853679588166,38.46278562993925],[-122.87982490803593,38.46408893058829],[-122.88135694810632,38.46557822306173],[-122.88223487375527,38.46644082616347],[-122.88354200844086,38.467720827293576],[-122.883849909942,38.467996978262356],[-122.88465900286715,38.46879047139404],[-122.88487324150194,38.46907976360322],[-122.88515844783885,38.469444919389154],[-122.88533647419438,38.469720177837964],[-122.8855406017614,38.46999655032741],[-122.88607546129991,38.470594916929805],[-122.88722972387063,38.47188940776004],[-122.8887325411489,38.47359746592511],[-122.89007903429885,38.47360812325161],[-122.89004057952683,38.49054804808488],[-122.89010002264321,38.49284083254824],[-122.8918249657696,38.49304886310278],[-122.8924087077298,38.4930703692168],[-122.8939010466518,38.49306238413727],[-122.89460674140346,38.493143089789726],[-122.89498275649963,38.4932300456789],[-122.89527351277165,38.49331709700709],[-122.89602223051583,38.493696871543015],[-122.89727703190215,38.49432496776536],[-122.8989592056813,38.49538629561884],[-122.89950639583017,38.495818045209504],[-122.89986016173471,38.49611061795746],[-122.90153974564821,38.497604673319216],[-122.9034462320768,38.49928216850443],[-122.90414884685276,38.49987426211268],[-122.90424430291988,38.49997690172654],[-122.90542275361508,38.50108247120511],[-122.90576346235981,38.50136723245343],[-122.9066784879074,38.50198324350061],[-122.9071318628329,38.50220024246982],[-122.90804312077259,38.502525658117975],[-122.90890428801409,38.50275635540396],[-122.90960155274738,38.50307174500229],[-122.9272081270526,38.502339950009244],[-122.92714670087838,38.48792913375077],[-122.92695705591927,38.4588614112321],[-122.94526334108737,38.458885754696425],[-122.9451221524968,38.44423288533424],[-122.94500939449252,38.42956488181682],[-122.94509832190424,38.41504730260682],[-122.94498007168438,38.410033954413215],[-122.94446259267951,38.41050793372133],[-122.944253342546,38.41067236412443],[-122.94396827964107,38.411083775467574],[-122.94361338402064,38.41130963453759],[-122.94328768937157,38.41144184035567],[-122.94299242862425,38.41142028407234],[-122.94274880721268,38.411308642710935],[-122.94242112021689,38.41111233857583],[-122.94185916676402,38.410482467870445],[-122.9416261970386,38.410296477801516],[-122.94119413635266,38.409861419048376],[-122.94083821274972,38.40930316351956],[-122.94067878235876,38.40913873080171],[-122.9404616909946,38.409026774571416],[-122.939568150279,38.40880451095969],[-122.9358007064612,38.408036431164476],[-122.93527249709804,38.4077951805985],[-122.9344518842657,38.40760986991798],[-122.93393201478689,38.407327814842944],[-122.93367914916676,38.407241439892466],[-122.9319150586093,38.4070133270883],[-122.93068430736689,38.4068902183797],[-122.92917659995443,38.40669480775652],[-122.9282664226937,38.40656997322518],[-122.92791505367389,38.406392190911646],[-122.92768758484092,38.40617613959978],[-122.92684565096484,38.40492893500267],[-122.92622156190392,38.404193056236224],[-122.92555990930441,38.4036006235198],[-122.9245683122029,38.40301688754897],[-122.92401494106393,38.402757189105024],[-122.92350911669774,38.40260452318587],[-122.92285279502312,38.402581573521935],[-122.92241256738423,38.40268711440949],[-122.92053435002256,38.403077114939855],[-122.92014697461983,38.403125658792156],[-122.91987903228073,38.40306801826737],[-122.91943947716908,38.403001384963716],[-122.91858509947325,38.40303214847797],[-122.9179069675879,38.403111751346344],[-122.91716437439888,38.403228683196886],[-122.91642978215211,38.40326463565559],[-122.9162625294354,38.40326647133246],[-122.91626582878145,38.4030308466682],[-122.91647556160534,38.40171850821155],[-122.91659433135368,38.40103624061771],[-122.91663269508877,38.40085598671718],[-122.91664241217985,38.400534248903654],[-122.9166271281387,38.40041911590183],[-122.91651204994378,38.400312889875714],[-122.91611904195926,38.40008556615072],[-122.91587789399247,38.39969393919094],[-122.91538967122398,38.3987599363574],[-122.91517965680221,38.39847388838466],[-122.91500552889569,38.39811341738972],[-122.91493693258585,38.39784710286768]]]}},{"type":"Feature","properties":{"ava_id":"knights_valley","name":"Knights Valley","created":"1983-11-21","within":"North Coast|Northern Sonoma","cfr_index":"9.76","valid_end":null},"geometry":{"type":"Polygon","coordinates":[[[-122.71114225908251,38.73581696552851],[-122.72482298166621,38.73579817336446],[-122.74340833835464,38.73605594708614],[-122.75764974065665,38.73526668872744],[-122.75790412180652,38.7207248696057],[-122.75912875915165,38.70745298196519],[-122.75946872258629,38.69248761029464],[-122.76099995592277,38.67844281303534],[-122.76110239837332,38.66385385394887],[-122.76103922604209,38.64805717414649],[-122.7425730918278,38.64808385885286],[-122.74233303884338,38.63369592953786],[-122.74291453298953,38.61965361013591],[-122.74283372015478,38.61503551586602],[-122.74253705272531,38.61475282300772],[-122.74222863464014,38.61439746918965],[-122.74155899536868,38.61397825341162],[-122.74122026535606,38.61375274934869],[-122.74089074159163,38.61347581511251],[-122.74058268375418,38.61323537152881],[-122.74047653768079,38.61294112949096],[-122.73988780614467,38.61204771779585],[-122.73980023450005,38.611919980878724],[-122.73965987047423,38.61183168372726],[-122.73925551479782,38.611719749995984],[-122.73876199317633,38.61169096040927],[-122.73821185686467,38.61132693285703],[-122.73798995757282,38.6112599349718],[-122.73686169018755,38.611354313170146],[-122.73622283565237,38.611486467593735],[-122.73600486993394,38.611482865332654],[-122.73580923366058,38.611921096027686],[-122.73561098380942,38.612264776878945],[-122.73501164514332,38.61278832129497],[-122.73470981719602,38.61306691126569],[-122.73435832537687,38.61324133870042],[-122.73391174589207,38.613278645658774],[-122.73313487890456,38.61326174482592],[-122.7326733461464,38.61316703385206],[-122.73199478887396,38.61317440481593],[-122.73111704604244,38.61310488315185],[-122.73035899967785,38.61310733020461],[-122.73013791584158,38.613049758579635],[-122.72995760526577,38.6130357993619],[-122.7296615511087,38.61308450533565],[-122.72844479866096,38.61350361831008],[-122.72820148303947,38.6135065377959],[-122.7278843580224,38.61347382490609],[-122.72773939126101,38.61334613233971],[-122.72764959254481,38.613142681558685],[-122.72739885559426,38.61287020647152],[-122.72721639338916,38.61281379467407],[-122.72699352712715,38.6127161636227],[-122.72592916286436,38.61282080968672],[-122.72448490610847,38.6128967143359],[-122.72302628612015,38.61290299723292],[-122.72244538668232,38.61318109101808],[-122.72229467333715,38.613397196481074],[-122.72224605491623,38.61380385958887],[-122.72210930870392,38.61389135956841],[-122.72184847907029,38.613942169054],[-122.71999074294666,38.61394146779258],[-122.71897205443041,38.61407430842969],[-122.71810653892297,38.61428239117317],[-122.7176717922458,38.61427905947777],[-122.71675561155638,38.614477675271665],[-122.71521635862868,38.614880182684736],[-122.71504958807206,38.614963841294006],[-122.71455952040142,38.61489144665374],[-122.71276654619118,38.61433162440761],[-122.71129770055225,38.613969888486345],[-122.71036497362637,38.61417473672416],[-122.70976582108761,38.61406685431493],[-122.70922212770441,38.61373844066695],[-122.70893736310123,38.613305749478776],[-122.70884156711415,38.61288218594497],[-122.70837856855323,38.612568813409794],[-122.70766321846519,38.61222908840487],[-122.70678958326745,38.61206806284477],[-122.70634582576484,38.611890813120716],[-122.70575766621668,38.61176268966511],[-122.70532635717028,38.611436256043866],[-122.70469020831119,38.61126681805186],[-122.70425198070673,38.611251807230616],[-122.70335617786962,38.61116273059692],[-122.7028905805984,38.6111253189993],[-122.70240149019494,38.61119717424095],[-122.70172715966571,38.61138797655019],[-122.70101534688284,38.61132828482972],[-122.70065258229933,38.61105444728304],[-122.70034802139247,38.61057105305349],[-122.6999063540688,38.61011618236759],[-122.69979546493998,38.60990390631229],[-122.6986853474565,38.60946572181655],[-122.69678956372407,38.60847504289808],[-122.69643275219275,38.6083459939722],[-122.69587215647012,38.608244794206215],[-122.6951883896713,38.60820593550491],[-122.6946749993549,38.608377550272],[-122.69458538638447,38.608363857808776],[-122.69443822327887,38.60807184703165],[-122.6939631490022,38.60785444611331],[-122.69348543215109,38.60784834910571],[-122.69290325830887,38.60778663143955],[-122.69220093364295,38.60760728992176],[-122.69129980808792,38.60718500216192],[-122.69034185989919,38.606479580951145],[-122.68922794853273,38.605542071283764],[-122.68858970487354,38.604134785255056],[-122.6881956695752,38.60369119148828],[-122.68770037632669,38.60332916279803],[-122.68768004445678,38.60313015851857],[-122.68779589308576,38.60293464199962],[-122.68788127237971,38.60263645035392],[-122.68783427733523,38.602236764800864],[-122.6876790042525,38.60184505554428],[-122.68766803758423,38.600656242189416],[-122.68639951109148,38.59874948524973],[-122.68623496517327,38.59773503320199],[-122.68601122683022,38.59673909793106],[-122.68588417137806,38.59622432065394],[-122.68542837568512,38.5958559026903],[-122.68486695853659,38.59557522585204],[-122.68419741034937,38.595435473445136],[-122.68373460601035,38.59540690596181],[-122.68346490337478,38.595314998738836],[-122.6830498029542,38.5950905732844],[-122.68286648334171,38.594894287762166],[-122.68280041990393,38.59458688702377],[-122.682970203065,38.59406752187189],[-122.68310139276696,38.593622946346755],[-122.68316648145709,38.59315890403645],[-122.68311791053848,38.59290037950233],[-122.68288762820144,38.59205862092441],[-122.68266679519198,38.59089647593146],[-122.68257377162395,38.59047479890867],[-122.68240562831247,38.590091778064156],[-122.68187804228394,38.589552900346284],[-122.68100128643358,38.588363331254186],[-122.68090195256111,38.58810581822161],[-122.68082677521222,38.58793923031778],[-122.6806439889566,38.5877171307113],[-122.6805945590753,38.58741110498805],[-122.6807348229997,38.58680763273861],[-122.68076876574324,38.58637637186638],[-122.68071575414469,38.58615862262919],[-122.68036038291014,38.58547772260327],[-122.68021251691667,38.585041430555734],[-122.67997140565372,38.584301144944334],[-122.67981367488537,38.58397927535138],[-122.67967362839006,38.58384503118927],[-122.67841891924273,38.58317519086781],[-122.67703534840624,38.58226780779283],[-122.67718683981619,38.581717304673845],[-122.67725345357914,38.581248305691155],[-122.6771077719778,38.58105928110196],[-122.67622346989164,38.58027707827726],[-122.67622283582634,38.58027662758575],[-122.67586193848223,38.580055834704694],[-122.67568450090508,38.579792976703345],[-122.67527306871374,38.57915859102193],[-122.67491690594632,38.57874648882403],[-122.67483013452504,38.57846905439382],[-122.67509947147052,38.577800275223815],[-122.67538523986741,38.57733664699751],[-122.67555942876822,38.57694839290879],[-122.67547233534803,38.576776261931066],[-122.67484040088983,38.57653090787807],[-122.67471387205832,38.57630232093594],[-122.67471541312953,38.576038411315444],[-122.67499853534999,38.5756159958742],[-122.67557909841337,38.57496189878384],[-122.67569716674294,38.574657353647034],[-122.67556702316935,38.574413363193855],[-122.67518509776588,38.57430455424447],[-122.67469301279019,38.57418953431113],[-122.67453551811032,38.573995571007984],[-122.6744805012603,38.57372503440118],[-122.6743906055367,38.57340827921582],[-122.67424712872227,38.57302478561018],[-122.67391746922267,38.57238513526971],[-122.6737129607684,38.57212053559843],[-122.67385901267262,38.571763640951104],[-122.67431039388909,38.571628502790624],[-122.67452945802827,38.571574742067426],[-122.67470607441557,38.571447668784614],[-122.67507662860838,38.571370809780355],[-122.6754399614664,38.57147561835951],[-122.67573094474734,38.57146898071648],[-122.67623952517972,38.57125729788947],[-122.67644543806838,38.57101557532144],[-122.6768014587086,38.570468861264274],[-122.67706603001521,38.57030935142293],[-122.67722035449398,38.570235276548644],[-122.67735510166834,38.570058885779396],[-122.67766048935508,38.5696150516431],[-122.67785636391253,38.56960215177122],[-122.67803780676897,38.569661681146755],[-122.67823022639341,38.5700087674553],[-122.67844852461249,38.570259722174775],[-122.67881112291644,38.570389935783474],[-122.67950133722032,38.57030028347984],[-122.6799778188327,38.57030417700182],[-122.68037832325084,38.57024109915819],[-122.68124123059499,38.56988306798518],[-122.68149828586736,38.56970377350544],[-122.68172714025968,38.569430409530774],[-122.68196269358923,38.56897585550756],[-122.68227458056376,38.56853914193081],[-122.68237570136019,38.568301202362],[-122.68263409890511,38.568065150172934],[-122.68320295591523,38.56785003175036],[-122.68363617587916,38.56761230977596],[-122.68394971912146,38.56738465270882],[-122.68410262310155,38.567170554650666],[-122.68405620836633,38.56598711065394],[-122.68396156436015,38.56558995831848],[-122.68394314872737,38.56510238489389],[-122.68380015256619,38.564643189593625],[-122.68370852806324,38.5642859613252],[-122.68380259654305,38.56398221239916],[-122.68406692892358,38.56382016496096],[-122.68454684231463,38.56366712920152],[-122.68485261285254,38.563682709192285],[-122.68514309256584,38.56375017973647],[-122.68581902556343,38.56377492591414],[-122.68617341522953,38.56385181743373],[-122.68656969748051,38.56401628089983],[-122.68674138324754,38.56411803200707],[-122.68668996624832,38.5614752569367],[-122.66571601302165,38.561279959057735],[-122.64731415415034,38.562406977990655],[-122.63142414480208,38.56735062738094],[-122.63154830063056,38.569313968370416],[-122.63190989799679,38.569648428285475],[-122.63198649055182,38.56987058800013],[-122.63201017649352,38.570071918504496],[-122.63195096163929,38.570344306833924],[-122.63192727569759,38.57068775298843],[-122.63191528264757,38.57116331300788],[-122.63218038183867,38.57138571475734],[-122.63235214154246,38.57159818063794],[-122.6324009945314,38.571848364131235],[-122.63224703591041,38.57227471108165],[-122.63186806084339,38.572902388536434],[-122.63178516004743,38.57338795034107],[-122.63179700301828,38.573849826204025],[-122.63186806084333,38.57420511532937],[-122.6317259451932,38.574453817717114],[-122.63140618498039,38.57483279278415],[-122.63129959824279,38.57523545379288],[-122.63141802795124,38.57555521400569],[-122.63167857330984,38.575851288276816],[-122.63182068895998,38.576159205518785],[-122.63180884598913,38.57639606493568],[-122.63166673033899,38.57673951109018],[-122.6313418000554,38.57713999774463],[-122.6313112947576,38.57718506645594],[-122.63092950540387,38.57774912435472],[-122.63080515421,38.57808072753838],[-122.63067488153071,38.578287979528156],[-122.63050907993888,38.578696562022316],[-122.63123742264584,38.579596627806524],[-122.63182364970265,38.57996968138814],[-122.63210788100295,38.58004073921321],[-122.63278293034108,38.57999928881525],[-122.63308492609764,38.58008218961117],[-122.63353340749256,38.58051962724776],[-122.6341489119616,38.581306934956025],[-122.63457409793882,38.58171761207293],[-122.63492785780343,38.58276470828888],[-122.63503436221265,38.58317309849022],[-122.63518587286644,38.58333905195701],[-122.63528514416598,38.58357273960757],[-122.63525861642853,38.58376626096027],[-122.63532581303518,38.58413140944076],[-122.63531154020049,38.58436102037348],[-122.63507812779339,38.584870005750524],[-122.63541974189151,38.58558126239633],[-122.63544145769535,38.585855431738636],[-122.63501533598918,38.586066991273334],[-122.63488997510717,38.58620152671439],[-122.6353708491843,38.58664919049993],[-122.63571844647446,38.58698628134602],[-122.63585811517372,38.587121728431896],[-122.63628667462076,38.587482618486554],[-122.63694148139405,38.5878341853947],[-122.63723608535354,38.587974279637606],[-122.63747296508646,38.58818474437444],[-122.63764501740113,38.588473739993105],[-122.63794940435044,38.58913851893463],[-122.63829426216229,38.58948803165463],[-122.6387032533729,38.5896582682566],[-122.63951857331547,38.590064959328025],[-122.6399654299845,38.59051634769965],[-122.6402772847359,38.59089247672173],[-122.64074912190335,38.591365151047505],[-122.64099383279795,38.591610296121054],[-122.64127335275435,38.59190720365192],[-122.64140830631864,38.59260192742168],[-122.64156801064522,38.59304592361235],[-122.64168373654837,38.59319397476965],[-122.6419436004318,38.593526425393264],[-122.64296665508681,38.59430039964917],[-122.64346423555507,38.59464726511383],[-122.64369351455777,38.595182266661894],[-122.643982761209,38.59573959649593],[-122.64422211476936,38.59633225570397],[-122.64445352660213,38.5968450909943],[-122.64480140821843,38.59738887824967],[-122.6451808091331,38.59765172745602],[-122.64531065619826,38.59774168558924],[-122.64559024569839,38.597935385381135],[-122.64614988186727,38.59816699659899],[-122.64651824308433,38.59816315569672],[-122.64671053396559,38.5982633815417],[-122.64675342264408,38.5985559638765],[-122.64660484971522,38.59903343319817],[-122.64642075202792,38.59946745218301],[-122.64611802862596,38.599837954706416],[-122.64582073725516,38.6001863843661],[-122.64542162848075,38.60075900914809],[-122.64499291880472,38.601558259894134],[-122.64462184802842,38.60230282715104],[-122.64466907385469,38.60274962051535],[-122.64488828860213,38.603089946343616],[-122.6447715089105,38.60337382785695],[-122.64438866125491,38.60371189089753],[-122.64408952893508,38.60397603142471],[-122.64350152451357,38.604327871309124],[-122.64295712291688,38.60488161881325],[-122.64259005375312,38.60509932050746],[-122.64197436416094,38.605375467611665],[-122.64166196715883,38.60560460454021],[-122.6401309233229,38.60763329230199],[-122.63977964517933,38.60793896147641],[-122.63960778178044,38.608422935272436],[-122.6395539703188,38.608760191074275],[-122.63924435186453,38.609049580878846],[-122.63896678690138,38.6095494054902],[-122.63996494217072,38.61031155644617],[-122.63993882099446,38.61092228915941],[-122.63979036076954,38.6114093936386],[-122.63961564612526,38.611810702383],[-122.63944157802206,38.61199766143693],[-122.63848755119916,38.6123697099708],[-122.6372345642775,38.61286467795125],[-122.63675941319552,38.613269181675534],[-122.63654507430982,38.61360776342399],[-122.63639362316523,38.61394586759887],[-122.63614511733876,38.61417404237523],[-122.63564516512507,38.6144630062422],[-122.63535443853605,38.6145246872974],[-122.63472758313809,38.61458913969164],[-122.63461330304196,38.61476284543778],[-122.63441217007272,38.615480524441594],[-122.6341104706189,38.61578222389542],[-122.63334160411665,38.61637092263858],[-122.63325162745109,38.6167342143662],[-122.6333482198739,38.61706637157672],[-122.63345399983055,38.61731429834806],[-122.63365252950655,38.61887290492511],[-122.63363293562584,38.6192327019585],[-122.6337139228015,38.61974166485378],[-122.6337086272079,38.6199348139745],[-122.63337869452009,38.620189987028624],[-122.63278442973983,38.620450546622244],[-122.63191831008278,38.620817259819844],[-122.6313692291669,38.62095842312234],[-122.63049232383804,38.62163475728589],[-122.62957158692566,38.62227131454712],[-122.62833268605719,38.62279112394002],[-122.62826083730094,38.62293696742905],[-122.62847201788131,38.623848762643654],[-122.62847843124759,38.62416269219234],[-122.6290426515865,38.624837287215186],[-122.62924337366994,38.625900953411815],[-122.62932013457663,38.626874150110005],[-122.62944650942491,38.62721297604895],[-122.62981789496673,38.627478118450746],[-122.6306311438183,38.62751832475179],[-122.63095071013643,38.62772948758119],[-122.63150722133112,38.627883335763826],[-122.63176559605293,38.62795157662772],[-122.63248010963918,38.62788784771964],[-122.63255939453106,38.628044670970546],[-122.63247407220172,38.628380777499004],[-122.63219438351898,38.6288398212612],[-122.6317630780553,38.629769892825415],[-122.63173768286435,38.630133132719784],[-122.63197770979082,38.632179186947205],[-122.63239501306963,38.63254881137987],[-122.63261807863618,38.63405697993392],[-122.63284964870972,38.634437795053024],[-122.63327109058245,38.63492026697576],[-122.633409579001,38.635265414421525],[-122.63331295030818,38.63583471495898],[-122.63338147799244,38.636210345348296],[-122.6335097821711,38.63648613058496],[-122.6338718474492,38.63700483997967],[-122.6340509174889,38.63732933840167],[-122.63370159782383,38.638254065323764],[-122.63367003839976,38.638693443128965],[-122.6329060654795,38.640244869510965],[-122.63275068738518,38.640514771538236],[-122.63249556015936,38.640775762353435],[-122.6320904168508,38.64088477445892],[-122.63152415191468,38.641482091843024],[-122.63078871258544,38.64213939702651],[-122.6302403658206,38.64251471041251],[-122.62875036321577,38.643473890250064],[-122.62800933712566,38.64411362930692],[-122.62756297431615,38.6447159981062],[-122.62755217865053,38.645088599748085],[-122.62763720102406,38.645338528202494],[-122.62759989365468,38.645582956763015],[-122.62733716802343,38.646319155308746],[-122.62716279857477,38.64741488038688],[-122.62702064530865,38.64775850104601],[-122.6264622208428,38.6480804355685],[-122.62612564183232,38.6483768413871],[-122.62513528158395,38.649064038743234],[-122.62438248478783,38.64968407954723],[-122.62405154700224,38.6500489815808],[-122.62371359833354,38.651093856235846],[-122.62355789571228,38.65176005709132],[-122.62311029102979,38.6530496535771],[-122.62318021174663,38.654470591764046],[-122.62354949597132,38.65499629103532],[-122.62400475528811,38.65530860189091],[-122.62417122406514,38.65573289526331],[-122.62396329519713,38.65640875909904],[-122.62395173877897,38.657068041631646],[-122.62431395911618,38.65776876592998],[-122.62423861205313,38.658261450562264],[-122.62401273949611,38.658881191132565],[-122.62396119738517,38.65996852618249],[-122.62380845972301,38.66067668133582],[-122.62371044117826,38.661404917081],[-122.62312375761519,38.66250989129351],[-122.6232318105485,38.66315585179571],[-122.62354768283872,38.66384977454842],[-122.62337288104662,38.66427483974365],[-122.6234894155747,38.6646743180899],[-122.62452009500156,38.66585959943078],[-122.6260661141418,38.666684142972265],[-122.62722562849699,38.6678178903418],[-122.62740211188496,38.66791768933388],[-122.62750375439607,38.668553839870114],[-122.62719986151124,38.66914489010385],[-122.62682928056697,38.67008551193579],[-122.62675690259476,38.670912388702405],[-122.6262766034911,38.67144994312699],[-122.62616426192429,38.67210194325592],[-122.62558942490678,38.67235287981992],[-122.62553789093545,38.6729970544617],[-122.62533984716707,38.67340938016408],[-122.62520099967482,38.67396863851682],[-122.62545363950251,38.67467861507405],[-122.62608699135367,38.67565697840803],[-122.62634080608521,38.67632099561331],[-122.62655123342631,38.67654233184295],[-122.6279117262897,38.67739171062175],[-122.62892935349669,38.67828906607171],[-122.62941459223896,38.6789541483119],[-122.63044431139642,38.67958397075851],[-122.63100049189775,38.67977377169327],[-122.63184277523726,38.68023447040781],[-122.6324244094024,38.681706295618625],[-122.6330004764599,38.6822185283045],[-122.63298454979447,38.683175013801886],[-122.63349988950789,38.684038143966944],[-122.63350726974805,38.68510753772724],[-122.63383486032161,38.68539097456963],[-122.6343120734107,38.685622452565816],[-122.63505264194086,38.68580324634037],[-122.63574833914703,38.686289355011944],[-122.63597939161568,38.686507477093265],[-122.63695266558784,38.68706582863826],[-122.63714702760815,38.68733892867964],[-122.63772567515798,38.687667662681456],[-122.63836000947951,38.6879296057508],[-122.63826678185707,38.68831002419066],[-122.63865328664214,38.68843147887885],[-122.63903979142721,38.68907565352063],[-122.63949690712806,38.689541673352565],[-122.63971646634738,38.690016731590184],[-122.6393202687054,38.690150848405054],[-122.6391179696694,38.690480868054415],[-122.63888518951319,38.69121431333135],[-122.63819779210452,38.69174720916838],[-122.63803241890598,38.692080550523954],[-122.63856551937074,38.69221741710912],[-122.63885029539313,38.69236204399842],[-122.63857235941998,38.692486089002],[-122.63834408281411,38.6928891674],[-122.63813518328446,38.69318860921658],[-122.6375453062583,38.69355237573476],[-122.63722030878439,38.693658275561866],[-122.63714714802045,38.693844359002405],[-122.6373275169201,38.69404376159509],[-122.63799681160006,38.69396710758555],[-122.63859074616552,38.69409529556643],[-122.63963851844291,38.69470696992985],[-122.64007047085407,38.695285497067424],[-122.64013646921867,38.69658201533839],[-122.64037967468214,38.69734685592113],[-122.64077719369162,38.6977154708238],[-122.64116615083768,38.697927843138764],[-122.64233304543305,38.69831862113648],[-122.64313441079037,38.69853931617442],[-122.64392632533209,38.69896525585831],[-122.6443569838483,38.69948059557175],[-122.6443735574612,38.700359780112116],[-122.64417234173598,38.7009800009008],[-122.64439259115419,38.70156098811843],[-122.64435025055563,38.70188857869199],[-122.64383245076215,38.7022425831987],[-122.64369542952257,38.70263815231076],[-122.64383672397477,38.70284195716182],[-122.64450585076237,38.7028368026295],[-122.64488229633818,38.70301035521556],[-122.64512326012574,38.703919250399906],[-122.64561464598609,38.70420087410972],[-122.64596446467937,38.70476076366526],[-122.64625158839318,38.70499715331856],[-122.64659379144159,38.70532478115903],[-122.64658524501634,38.70642784138278],[-122.64687295507136,38.70673341894569],[-122.64751466963308,38.707126657023444],[-122.64852204215433,38.70693217459088],[-122.64944965363848,38.70672603870551],[-122.65027419717998,38.70695794157654],[-122.65141830410732,38.70706774281191],[-122.65207788617698,38.70693217459087],[-122.65277359479009,38.70711254349057],[-122.65328558641191,38.707220229895746],[-122.65422509241297,38.70718492428747],[-122.65720764005174,38.70624747966161],[-122.65794352721804,38.70625892728786],[-122.65863797186948,38.70636174540158],[-122.65952454503599,38.706597203777136],[-122.65980798187837,38.706597203777136],[-122.66003490240107,38.70658626991416],[-122.66060675843418,38.70621069899207],[-122.66107187411002,38.70608957584033],[-122.66213193074891,38.70604690370529],[-122.66281533896178,38.706313766934755],[-122.66286505980051,38.70709169666501],[-122.66385339862879,38.70757634923266],[-122.66429143738517,38.70757634923266],[-122.66514855356483,38.70722374197084],[-122.66592395085522,38.70703770261362],[-122.66674538736915,38.70769042368066],[-122.66751049746148,38.70791132004638],[-122.6692263982338,38.708616222032255],[-122.66962760272634,38.7086479134401],[-122.6703585278623,38.708212813624016],[-122.67083197853304,38.707850592702286],[-122.67160926131582,38.70703524253355],[-122.6726988549542,38.70637268114627],[-122.67322740667133,38.70634524165241],[-122.6741322952051,38.70664460789914],[-122.6746669512445,38.70682368317979],[-122.67539700820954,38.70695794157654],[-122.67570621203758,38.70713831047624],[-122.67581785200832,38.707533142971805],[-122.67614425079401,38.70793708703205],[-122.67648266267167,38.70814163059505],[-122.67742426006927,38.70817366951664],[-122.67867006233729,38.70819721696883],[-122.67982928597931,38.70764628282245],[-122.68035945034181,38.707536352904505],[-122.68186370385409,38.70800339889256],[-122.68251875968876,38.70801950042547],[-122.68290317030021,38.70805447320035],[-122.68327472533053,38.70828788619408],[-122.68339350367127,38.70853740543354],[-122.6834159865606,38.70900931699443],[-122.68390905463795,38.70964977243136],[-122.6844634629616,38.70953892230032],[-122.68506346173093,38.709698669248816],[-122.68557885638374,38.70984506687867],[-122.68626880160632,38.71002480840966],[-122.6872595268049,38.71048831302045],[-122.68906298026076,38.71090449458718],[-122.69048067400942,38.710885655318265],[-122.69181541112094,38.711072927969745],[-122.692090802789,38.71145310383426],[-122.69270680736304,38.711824663715255],[-122.69281769846702,38.712247596833386],[-122.69285881097576,38.71253442511217],[-122.69333823369905,38.712937873486766],[-122.6938941106227,38.713174460516306],[-122.69471018229864,38.713218039524236],[-122.69521218801114,38.71314548193636],[-122.6955894263212,38.71325424230817],[-122.69556787369402,38.71374108819652],[-122.69536422553618,38.71449362084083],[-122.69523469869448,38.714827464965104],[-122.69536158219184,38.71512972944828],[-122.69637595386561,38.71601179955109],[-122.69648393925671,38.716581897541005],[-122.69648938366689,38.71726157902668],[-122.69701941337674,38.717506022696234],[-122.69720916357429,38.71789066427799],[-122.69750433995186,38.718321764025106],[-122.69744026341156,38.718632577582895],[-122.69721923061432,38.718849251147724],[-122.69705738882568,38.71932342214221],[-122.69658211184627,38.719679104105786],[-122.69640008208582,38.720034820076286],[-122.6964905019176,38.720601298061446],[-122.6967778273351,38.721044862438895],[-122.69750146684089,38.721919586346175],[-122.69804162262125,38.722168405806364],[-122.69813879073324,38.72258394103758],[-122.69833207809691,38.72314762199644],[-122.69824985336196,38.72355652899435],[-122.69830250111588,38.7241305719891],[-122.69895970017052,38.72530577026464],[-122.699467632048,38.725414256882765],[-122.70011475731869,38.72575136687266],[-122.70057092740892,38.72620317365146],[-122.70082561793994,38.72639230677704],[-122.70046183725336,38.726912150650286],[-122.70034938302803,38.72728521861699],[-122.70030405579743,38.72782147478778],[-122.70075134783058,38.72873289531769],[-122.70111158281517,38.72900283167841],[-122.70142566739453,38.72907558071973],[-122.70212128079575,38.72934541678877],[-122.702769003912,38.72986671398146],[-122.7034504344869,38.730386576253544],[-122.70425426425798,38.73091400273271],[-122.70486213564385,38.73097741487023],[-122.70528405003881,38.731008256037555],[-122.70554042176455,38.7310431772257],[-122.70582476309859,38.73120903883823],[-122.70634246620129,38.731339369326044],[-122.70664729930387,38.731510050752235],[-122.7070743946054,38.73177219344178],[-122.7073477871716,38.732013327198835],[-122.70758101173503,38.732159213155676],[-122.70820470683027,38.73228406846621],[-122.70999432690485,38.73239177528502],[-122.71024581445631,38.73229323977028],[-122.71048971016923,38.7322408659978],[-122.71073399844207,38.73235319682303],[-122.71078734610622,38.7326859146013],[-122.71088356870068,38.732857628136195],[-122.71085260419439,38.73311195631459],[-122.71086152377936,38.733438892859645],[-122.7109166178434,38.73368159001919],[-122.71090706035992,38.733927134724745],[-122.71099674967897,38.73428931729406],[-122.71104644765799,38.73470881608565],[-122.7110485442727,38.73496230298578],[-122.71068643896845,38.73544235186231],[-122.71084510912596,38.735640793627844],[-122.71114225908251,38.73581696552851]]]}},{"type":"Feature","properties":{"ava_id":"pine_mountain_cloverdale_peak","name":"Pine Mountain-Cloverdale Peak","created":"2011-11-28","within":"North Coast|Northern Sonoma","cfr_index":"9.220","valid_end":null},"geometry":{"type":"Polygon","coordinates":[[[-122.93990258030927,38.850491228987494],[-122.9473909444638,38.86903088329661],[-122.98333512029951,38.878898914500446],[-122.98943233647078,38.87106328868706],[-123.0025263318905,38.85744201828336],[-123.00258703776447,38.857392421990504],[-123.00271806824809,38.857371714952244],[-123.0029161958176,38.85733975889265],[-123.00309514975133,38.85728223798537],[-123.00326771247315,38.85721193465426],[-123.00340831913537,38.857071327992024],[-123.0035744906453,38.85686041799868],[-123.00372148851945,38.85674537618413],[-123.00403465790352,38.85663033436958],[-123.00406022275116,38.856528074978876],[-123.00398352820815,38.85644498922392],[-123.00382374791016,38.8563427298332],[-123.00345305761883,38.856163775899454],[-123.00334440701619,38.85609986378026],[-123.00329983214641,38.8559280124435],[-123.00317184429437,38.8557547383366],[-123.0031718442944,38.855658870157804],[-123.00322297398976,38.855486307435974],[-123.00342749277117,38.85545435137638],[-123.00361922912876,38.855390439257185],[-123.0037662270029,38.85530096229031],[-123.00384931275786,38.85515396441616],[-123.00383653033401,38.85503253138969],[-123.00381735669828,38.85492388078706],[-123.00390683366514,38.85486635987978],[-123.00409857002273,38.85480244776059],[-123.00425195910879,38.85471936200563],[-123.0043542184995,38.85461710261492],[-123.00446286910216,38.85448288716461],[-123.00453317243326,38.854502060800364],[-123.00478242969811,38.854489278376526],[-123.00489108030075,38.854399801409656],[-123.00498055726761,38.85426558595935],[-123.00501890453911,38.854144152932875],[-123.00503168696297,38.85390767809185],[-123.005108381506,38.85390128687993],[-123.00534485634704,38.85381820112498],[-123.00549185422118,38.85386293960841],[-123.00576667633372,38.853939634151445],[-123.00619488753233,38.854016328694485],[-123.00636745025417,38.854061067177916],[-123.006623098731,38.85406106717792],[-123.00660451600275,38.851314605380324],[-123.0066758262297,38.84965934115485],[-123.00639855939258,38.849421143363756],[-123.00604604156129,38.84918000026076],[-123.00585191869459,38.84907924263359],[-123.0056596235341,38.84903278120021],[-123.00561488505065,38.84899443392869],[-123.0052633683951,38.84877713272343],[-123.00512915294476,38.84870682939231],[-123.00508320026533,38.84867592086999],[-123.00506524082559,38.848617352425435],[-123.00510803517268,38.848436896728145],[-123.00510753458484,38.84825844338225],[-123.00505568311517,38.84811366904589],[-123.00494380779912,38.84799101365732],[-123.00496298143486,38.847543628822955],[-123.00495659022295,38.84739663094881],[-123.00480320113687,38.84710263520051],[-123.00470094174618,38.846942854902515],[-123.00468815932233,38.846808639452206],[-123.00473928901768,38.84673833612109],[-123.00482876598456,38.8466424679423],[-123.00482876598456,38.846546599763506],[-123.00472650659383,38.846463514008555],[-123.00456033508392,38.84643794916087],[-123.00430468660716,38.846463514008555],[-123.00415768873299,38.84656577339926],[-123.00390204025622,38.84673833612109],[-123.00367834783904,38.846949246114434],[-123.00364639177945,38.84703872308131],[-123.00362721814369,38.8471345912601],[-123.003601653296,38.847147373683946],[-123.00351217632914,38.847153764895864],[-123.00337796087882,38.847204894591215],[-123.0032693102762,38.84726880671042],[-123.00321818058083,38.84731354519385],[-123.00315426846166,38.84729437155809],[-123.00307462860656,38.84724568658692],[-123.00302622303687,38.84719700161576],[-123.0029817057398,38.84703233186939],[-123.00293696725639,38.8469364636906],[-123.0028374319913,38.846783295790935],[-123.0026505850821,38.84659155943334],[-123.00241288787896,38.846405993101286],[-123.00238193299509,38.84631946144645],[-123.00236814939555,38.84592665220732],[-123.0023553669717,38.84583078402852],[-123.00231062848827,38.84576048069741],[-123.00205498001148,38.84575408948549],[-123.00151344994828,38.8458024950552],[-123.00130081700496,38.84583717524044],[-123.00111613541856,38.84594388170673],[-123.00106434216394,38.84606725886954],[-123.00098125640899,38.84615034462449],[-123.00090456186595,38.8463165161344],[-123.00085343217059,38.846342080982076],[-123.0008190313868,38.84633224387027],[-123.00077773880324,38.84621153261804],[-123.00072983382135,38.84604858582163],[-123.00067447823683,38.845958608266905],[-123.00053487275032,38.845789712631365],[-123.00048029715504,38.845659385453736],[-123.00030378794551,38.84551122343254],[-123.00028589488689,38.84545097839962],[-123.0002973967336,38.84538979040607],[-123.0002973967336,38.845223618896156],[-123.0002973967336,38.845083012233935],[-123.00025416001367,38.84499008936718],[-123.00023498637796,38.84491878486037],[-123.00030378794551,38.84482736375715],[-123.00034213521702,38.84356829500901],[-123.00021531215434,38.843061887503815],[-123.00011132981368,38.8429200584795],[-122.99995227128994,38.84282785738698],[-122.99955896146294,38.84275855523156],[-122.99892705801346,38.84275021988331],[-122.99864968642044,38.84280968492693],[-122.99842966108955,38.84287409763397],[-122.99820352394815,38.84300414541014],[-122.99814455949236,38.84314352971028],[-122.99810965812074,38.843577130945114],[-122.99804646777581,38.84360930819111],[-122.99794881843195,38.843575850367976],[-122.9977639738742,38.84349498815081],[-122.99746780112935,38.843494766964405],[-122.9973499886479,38.84346597740325],[-122.99712068500811,38.84344758375678],[-122.99700247669512,38.84352039002713],[-122.996899996118,38.84369661983525],[-122.99685920412232,38.8438231634965],[-122.99683241691248,38.844008229240714],[-122.99686042648437,38.84414867293159],[-122.99688138128514,38.84428132840331],[-122.9968201350765,38.844347522275335],[-122.99664234528984,38.84430228320406],[-122.99647967789488,38.84421869686126],[-122.99644205239758,38.84415478474206],[-122.99648212261904,38.84395671538761],[-122.99651041159235,38.843800602175904],[-122.99650057448058,38.84361642117728],[-122.99641059692584,38.84350855056394],[-122.9962756597013,38.84338561577393],[-122.99613232891343,38.84324478792529],[-122.99595587791895,38.84297419170195],[-122.99583144136538,38.84286426052218],[-122.9955111589951,38.842687029538375],[-122.99514535815216,38.84252330275265],[-122.99496073478075,38.842462615346946],[-122.99477488904725,38.84245744649712],[-122.99467563318359,38.84249357023084],[-122.99465179128588,38.8425778783479],[-122.99467096492164,38.84263712220511],[-122.99472604110476,38.84269636606233],[-122.9947162039929,38.842749439894035],[-122.99468647147111,38.8428180202752],[-122.99464540007394,38.842888603007765],[-122.99463606355002,38.842945122739344],[-122.99462895056384,38.843165427471696],[-122.99460016100264,38.843267686862404],[-122.99453252358214,38.843293472896484],[-122.99447183617646,38.843262459797536],[-122.99436635207223,38.8432056606645],[-122.99410403298208,38.84311668428548],[-122.9937655781518,38.84310812775082],[-122.99352271209885,38.84317843108193],[-122.9932095427148,38.84333821137992],[-122.99310432202637,38.84343401786103],[-122.99302720109621,38.84356585028483],[-122.99298540792479,38.8436885056734],[-122.99292810820393,38.843861289581625],[-122.99290404511977,38.84392375815233],[-122.99280956227443,38.844013514520654],[-122.99260309935671,38.84413661228201],[-122.99239146758909,38.84421625213708],[-122.99228093106517,38.844207136799525],[-122.99225680976599,38.84416734597952],[-122.99250406467947,38.84380993869988],[-122.99262455474528,38.84360830701544],[-122.99262160943329,38.84345275260663],[-122.9925795368604,38.8430808399532],[-122.99253263305418,38.84274727457128],[-122.99250434408088,38.84246045002421],[-122.99255569496269,38.8420191770003],[-122.99259554399768,38.84168138572922],[-122.99257120151216,38.84161402771014],[-122.99245788264754,38.8415580085664],[-122.99237429630476,38.84147414282214],[-122.99228754346348,38.841373385194984],[-122.99217789870168,38.84131258884843],[-122.99205339691657,38.84131169661357],[-122.99200088188776,38.841353990372816],[-122.99185438460148,38.84149337467296],[-122.99170149610326,38.841667660344726],[-122.99158617488727,38.841791538095386],[-122.99133052641048,38.841829885366906],[-122.99124254113148,38.841859095980666],[-122.99116435490058,38.84190657990994],[-122.99099079100304,38.841914414670356],[-122.99083006774443,38.841871399136856],[-122.99058915750163,38.84176725382485],[-122.99037150609139,38.84170269853508],[-122.99024065598279,38.841662425761896],[-122.99007095707448,38.84167082684316],[-122.98988733487874,38.841702782902765],[-122.98950263980153,38.84184905900266],[-122.98915184492016,38.84192130647011],[-122.98870357534024,38.84193458948181],[-122.98859486652259,38.841846276661975],[-122.98836839176465,38.841742073134924],[-122.98817631779059,38.84173151424888],[-122.9880582259077,38.84176597324771],[-122.98787288076201,38.84185545021458],[-122.98763640592101,38.84202801293641],[-122.98748518746234,38.842120921162],[-122.98734535548475,38.84224487176888],[-122.9872387072335,38.84237880781774],[-122.98716696035392,38.84247712072072],[-122.98711777479488,38.842472894831545],[-122.98707503866282,38.84239375556431],[-122.98693237143415,38.842368190716634],[-122.98674630451426,38.84240287090187],[-122.98662392852712,38.84239986737479],[-122.98654406748568,38.842397923238444],[-122.9865295621119,38.84235813241843],[-122.98655318282322,38.84230872567303],[-122.98663348623751,38.84223920233121],[-122.98680554837146,38.84211748990328],[-122.98711160476937,38.84200222690233],[-122.987294004603,38.84190018869803],[-122.98741271350382,38.841777253908006],[-122.9875661025899,38.84173401718811],[-122.98766713961851,38.84167899922007],[-122.98774583651293,38.84158118690494],[-122.98776423015941,38.841382500532546],[-122.98794318409314,38.84125467629415],[-122.98801178945945,38.841180371468035],[-122.98810502495755,38.84098590777703],[-122.9881133603058,38.84081234387951],[-122.98805183469578,38.84075488118727],[-122.98790550038082,38.84076622006263],[-122.98778506853007,38.84080039966002],[-122.98769904965107,38.840831647723654],[-122.98756860552915,38.84083724516798],[-122.98609656622119,38.84062166691266],[-122.98556465208338,38.84065340178587],[-122.9853419608419,38.84071781449291],[-122.98514361208596,38.84083752456943],[-122.98500400659947,38.840970296471255],[-122.98485773049951,38.841129576181395],[-122.98477658888095,38.84113396504193],[-122.98471395733885,38.841031426249764],[-122.98467416651886,38.84087192535322],[-122.98458907841254,38.840713588603734],[-122.98440740035315,38.84058059551552],[-122.98407405615762,38.84045671776485],[-122.98391110936122,38.84043804471695],[-122.9838956610268,38.840396030359145],[-122.98393372889687,38.840284713845925],[-122.98400920107782,38.84013360651269],[-122.98401781582751,38.839955316138145],[-122.98395051602351,38.83974668789763],[-122.98386476435795,38.83947514871362],[-122.98373099128044,38.83920754434355],[-122.98354192083347,38.839055598805984],[-122.9832896600415,38.83895872945149],[-122.98313210328128,38.838961954164965],[-122.98308131120244,38.838991628471724],[-122.98306296976604,38.83909046105798],[-122.98302717797999,38.83911951092517],[-122.98276630243836,38.8391136203011],[-122.98242202687281,38.83906299119359],[-122.98182679428618,38.83902414333422],[-122.9813694093687,38.83903692575806],[-122.98122865290078,38.83906748621712],[-122.98114716049997,38.839101839052944],[-122.98094642503878,38.83927438579638],[-122.98086172128632,38.83927340059908],[-122.98080792568038,38.839212375576885],[-122.9803847540371,38.83893657156536],[-122.9799078707317,38.838668121388025],[-122.97982201430989,38.838651508906544],[-122.97978266586267,38.83858415088747],[-122.97973814856563,38.838508399305084],[-122.97934700406138,38.83827637153964],[-122.97920639739917,38.83823802426812],[-122.97899548740584,38.83814215608933],[-122.97889322801512,38.838097417605894],[-122.97887405437935,38.83804628791054],[-122.97890601043895,38.83799515821518],[-122.9790274434654,38.83780342185759],[-122.97912331164422,38.83761807671193],[-122.97909774679653,38.837541382168894],[-122.97906579073694,38.83750303489738],[-122.97893157528662,38.837490252473536],[-122.97877818620054,38.83756694701657],[-122.978663144386,38.83776507458608],[-122.97859923226682,38.83786094276487],[-122.97852892893569,38.837969593367504],[-122.97843306075691,38.838059070334374],[-122.97819019470397,38.838353066082675],[-122.97818380349206,38.83841058698995],[-122.97812628258478,38.83850645516874],[-122.97806876167748,38.83859593213562],[-122.97802402319407,38.838653453042895],[-122.97790259016757,38.83888353667199],[-122.9778057790281,38.83888742494467],[-122.97769915006974,38.838955579919876],[-122.97757419363548,38.83899391022457],[-122.97753515670834,38.83895586858657],[-122.97754740642569,38.838814956290825],[-122.97755746472394,38.838749321221684],[-122.97760859441928,38.838615105771375],[-122.97762776805504,38.838480890321065],[-122.97759581199544,38.83842976062571],[-122.97753189987624,38.83837863093035],[-122.97741685806172,38.838346674870756],[-122.97719115636464,38.838306518834486],[-122.9772008374336,38.83824335608929],[-122.97728091966142,38.83814610257706],[-122.97729642621091,38.838084134594204],[-122.97726030247715,38.837958533893605],[-122.97732098988288,38.83788650761255],[-122.97730820745903,38.83782259549336],[-122.97720594806835,38.83763085913577],[-122.97714203594913,38.837477470049706],[-122.97723151291602,38.837272951268275],[-122.97743503052175,38.83709988795861],[-122.97760881560556,38.8368966497543],[-122.97762504392932,38.836754203712026],[-122.97752550866424,38.836608265228634],[-122.97730820745899,38.83641652887105],[-122.97688638747228,38.83637818159953],[-122.97661795657169,38.8363014870565],[-122.9763367432472,38.836084185851234],[-122.9760677535437,38.83604539620692],[-122.97582544629367,38.83586688464597],[-122.97559464089031,38.83564080571965],[-122.9754419735785,38.83556010647383],[-122.97505344844356,38.83556227179657],[-122.97478217698722,38.83567386771124],[-122.9745556494004,38.835836224898024],[-122.97431856382914,38.83604656035396],[-122.97411988828887,38.83617842394631],[-122.9739312028413,38.83624446673707],[-122.97378614910347,38.836237132564506],[-122.97370557431942,38.83614525385609],[-122.97367799908871,38.8360074913082],[-122.97376130603,38.835641690465245],[-122.97377653317807,38.83519214030814],[-122.9736352047416,38.83488880803588],[-122.97334565606887,38.834703684076615],[-122.97307722516825,38.834703684076615],[-122.97254036336703,38.834831508315],[-122.97238152602965,38.83483078654074],[-122.97195237187042,38.834754813771966],[-122.97126212098313,38.83467811922893],[-122.9706604855877,38.834609317661354],[-122.97004779071841,38.834550294990535],[-122.9697921422416,38.834626989533575],[-122.96957484103635,38.83467811922893],[-122.96917858589735,38.83465255438125],[-122.96870563621529,38.8345375125667],[-122.96819433926171,38.8345375125667],[-122.96777251927504,38.83465255438125],[-122.9674931921507,38.83487573344813],[-122.96724843989765,38.83516385133481],[-122.9670618723899,38.83527472547524],[-122.9669419638699,38.835296438441176],[-122.96680105506327,38.83526611072553],[-122.9666093187057,38.83513828648714],[-122.9662258459905,38.83488263801038],[-122.96598937114946,38.834761204983906],[-122.96587432933492,38.83474842256007],[-122.96562507207005,38.834850681950776],[-122.96552281267934,38.83496572376533],[-122.96543333571248,38.83516385133483],[-122.96535024995752,38.83535558769242],[-122.96522242571912,38.8354450646593],[-122.96496677724232,38.83556649768577],[-122.96466639028212,38.83559206253344],[-122.96453856604377,38.83551536799042],[-122.96431487362659,38.83533641405666],[-122.9639889218187,38.835189416182516],[-122.96364379637502,38.83509354800373],[-122.96342649516977,38.83502963588453],[-122.96332423577904,38.83495933255341],[-122.96315167305723,38.83477398740774],[-122.96285767730893,38.834588642262084],[-122.96253172550102,38.834499165295206],[-122.9622249473289,38.83444164438793],[-122.961898995521,38.834409688328336],[-122.9618095185541,38.83444164438793],[-122.96171731746162,38.834509223593415],[-122.96165118180465,38.83460976003418],[-122.96142109817553,38.83504386185686],[-122.96128321563896,38.83524665768833],[-122.96116639265941,38.83535486591816],[-122.96101306178836,38.83540888271051],[-122.96085867152664,38.835415110951075],[-122.96081365364174,38.83531357333461],[-122.96086678568845,38.835082104372056],[-122.96082916019121,38.834952941341484],[-122.96072940373973,38.834863464374614],[-122.96055211454089,38.83486713146089],[-122.96047397644936,38.83498856448737],[-122.96026478940594,38.83529017380968],[-122.96008116721023,38.8354737960054],[-122.95998802315707,38.83556010647384],[-122.95978989558758,38.835636801016875],[-122.95951507347503,38.835636801016875],[-122.95899271704758,38.83564808167717],[-122.9588351020723,38.83575284400712],[-122.95871933848352,38.835924906141095],[-122.95865865107781,38.83625035736115],[-122.95857234060938,38.836520732398114],[-122.95843245572136,38.83670263164389],[-122.95823705227755,38.836916265762895],[-122.9579450472068,38.83722355619666],[-122.95777065677875,38.83746919291649],[-122.95772697768608,38.837656645169844],[-122.95771758294704,38.83782526140394],[-122.95784963307463,38.83805612502234],[-122.95804453593065,38.83829921226169],[-122.95808266201577,38.83840419577803],[-122.95807799375376,38.83849044803143],[-122.95800402333639,38.838580926174],[-122.95779166979455,38.83869202150081],[-122.95759893226128,38.83871980988628],[-122.9571439338529,38.83871736516209],[-122.95680988746705,38.83871423574263],[-122.95669348727637,38.838753768297266],[-122.9566168509484,38.83882968285099],[-122.95648658198584,38.839231607427685],[-122.95632313460156,38.83956906108228],[-122.95620759219915,38.83967159987444],[-122.956040698915,38.83972150720771],[-122.95527425407252,38.839859168557894],[-122.95455154653779,38.83996559562273],[-122.95438781975204,38.84002261594216],[-122.95416240438492,38.840196901613936],[-122.95369929181469,38.840535135257824],[-122.95332120913571,38.840812180908145],[-122.95293406933426,38.841080611808785],[-122.95261084165202,38.84133770383405],[-122.95250802345839,38.841461360398306],[-122.9523934822317,38.841654598519426],[-122.95226593739476,38.8419241935671],[-122.95217595984002,38.84200361223577],[-122.95208253638545,38.8420501318842],[-122.95185201038352,38.84204079536024],[-122.95171162490772,38.84198477621652],[-122.95146308941709,38.841615308287274],[-122.95134015462709,38.84156217624052],[-122.95125829123424,38.84159190876233],[-122.95123372756221,38.84173179365032],[-122.95124995588596,38.84207491674258],[-122.951272796608,38.84221802634405],[-122.95131386800514,38.84236674716814],[-122.95130625443115,38.84250340734264],[-122.95123889641205,38.84257493303585],[-122.95112980343663,38.84259043958532],[-122.95102948818229,38.84252652746613],[-122.95091889344329,38.84238125254192],[-122.95061967063012,38.841841946016515],[-122.95041270712454,38.841550173806006],[-122.95020434661164,38.84143212846436],[-122.95003795391534,38.84144396792757],[-122.94994636984077,38.84148475992326],[-122.94983204980046,38.841583852815546],[-122.94981143261619,38.84173085068969],[-122.94977925537023,38.84196576555212],[-122.94968266541719,38.84208230913021],[-122.94949609790945,38.842185569696625],[-122.94893122653632,38.842379529592],[-122.94871392533108,38.84240509443968],[-122.94849662412578,38.842389366703806],[-122.94831961432835,38.84234685175815],[-122.94801089201992,38.84220746745802],[-122.94770828152191,38.84213638413761],[-122.94745485658294,38.84218140202249],[-122.94720115224247,38.84222930700436],[-122.94673337141026,38.842328621083034],[-122.94629009603497,38.84242843574956],[-122.94610458791792,38.84243949522346],[-122.94595364355607,38.842431159875204],[-122.94577913669794,38.84232917988593],[-122.94563875122208,38.842227083466575],[-122.94546718967594,38.842214801630575],[-122.94523905018318,38.84225731657622],[-122.94507676694596,38.8423664677667],[-122.9449255431826,38.84256687708905],[-122.94466456288467,38.84300336542087],[-122.94454801930655,38.843235451401355],[-122.94435533998835,38.84334260024045],[-122.94426436125792,38.843417851234996],[-122.94425007707056,38.84352794538612],[-122.94432943752423,38.843617142951544],[-122.94450456140034,38.843690170408294],[-122.94480889484826,38.84377281379045],[-122.94489097942753,38.84383205764767],[-122.94491331956173,38.84390163920454],[-122.94489781301223,38.84399083676996],[-122.94463282801149,38.844483903048406],[-122.94452101091044,38.844623287348554],[-122.94437990366033,38.844712764315425],[-122.94387083024458,38.8449263984344],[-122.94372172526273,38.84496207979533],[-122.94345345733346,38.84488638642799],[-122.94318502643289,38.844784127037286],[-122.94294510569196,38.844688980632746],[-122.94277593065492,38.84467002818337],[-122.94267906130047,38.84472977262844],[-122.9425521800227,38.84491739952694],[-122.94268406717894,38.84499675998057],[-122.9428659664247,38.845089403445876],[-122.94303258030743,38.84516782093885],[-122.94309254593891,38.8452629673434],[-122.94310582895058,38.845356833170804],[-122.9430512533553,38.8455023292814],[-122.9429839535513,38.84567855908952],[-122.94284112335133,38.84586418363663],[-122.94252250571598,38.8461630688333],[-122.94241413451478,38.84626682998756],[-122.94222339933292,38.846346970430474],[-122.94204150008713,38.8463740370417],[-122.94175978617481,38.846395655401636],[-122.94167541984271,38.84649374711823],[-122.94170098469037,38.84662968551848],[-122.94184976372954,38.846731944909195],[-122.94200976521398,38.84674667146937],[-122.94225363244256,38.84672749783361],[-122.94237406429333,38.84677496044269],[-122.94241629983755,38.8468462649495],[-122.9424308052113,38.846963972674644],[-122.94237723079182,38.84707506800145],[-122.94224401651714,38.847315209928766],[-122.94200876403822,38.847614374526884],[-122.94196546910328,38.8477164127312],[-122.94201515525013,38.84779360786208],[-122.94215498192311,38.847964226447566],[-122.94217171083469,38.84804264394054],[-122.94213364296456,38.848147068654],[-122.94186671382745,38.848453125051876],[-122.94172460540175,38.84848263638729],[-122.94143088905483,38.84846374215298],[-122.94113761508083,38.84846813101352],[-122.94105280637596,38.84851481363329],[-122.9409659696957,38.848641844124955],[-122.9408969143506,38.84882431593107],[-122.94082021980759,38.84893096418231],[-122.94062309341379,38.849071070256684],[-122.9401408072078,38.849370514256265],[-122.94003745741918,38.84944230715141],[-122.93999472007515,38.8495613838821],[-122.93990258030927,38.850491228987494]]]}},{"type":"Feature","properties":{"ava_id":"rockpile","name":"Rockpile","created":"2002-04-29","within":"North Coast|Northern Sonoma","cfr_index":"9.173","valid_end":null},"geometry":{"type":"Polygon","coordinates":[[[-123.05553370000001,38.7186043],[-123.0556741,38.7289626],[-123.0557593,38.7291933],[-123.0559097,38.7293537],[-123.05636089999999,38.7294038],[-123.0566217,38.7295542],[-123.0566116,38.7299553],[-123.0569526,38.7305269],[-123.05718320000001,38.7308578],[-123.0573837,38.7309481],[-123.0577673,38.7309004],[-123.0579152,38.7308979],[-123.05818590000001,38.7313291],[-123.058577,38.7316199],[-123.05883569999999,38.7316556],[-123.0592388,38.73166],[-123.061144,38.7309681],[-123.0612944,38.7308177],[-123.0613747,38.7307876],[-123.0618259,38.7307876],[-123.0622571,38.7306272],[-123.0625479,38.7306172],[-123.062959,38.7305068],[-123.0630192,38.730547],[-123.06307930000001,38.7308678],[-123.0632999,38.7310182],[-123.06328990000002,38.7311085],[-123.0631917,38.7313192],[-123.0634102,38.7317101],[-123.0641623,38.7325224],[-123.0646536,38.7325825],[-123.065135,38.7325625],[-123.0652118,38.7326672],[-123.0648943,38.7331641],[-123.0649668,38.7334309],[-123.065155,38.7336655],[-123.06557619999998,38.7338961],[-123.0661057,38.7340118],[-123.0671505,38.7341067],[-123.0679222,38.734055],[-123.0684741,38.7339864],[-123.0688852,38.7341869],[-123.0693064,38.7343474],[-123.0696472,38.7343382],[-123.0700083,38.7342872],[-123.070269,38.7338861],[-123.07040939999999,38.7333446],[-123.07055980000001,38.7332945],[-123.0712517,38.7339061],[-123.07153249999999,38.7340064],[-123.0717028,38.7340331],[-123.07192520000001,38.7339985],[-123.0727759,38.7337858],[-123.0729062,38.7337958],[-123.0730382,38.7341352],[-123.0733775,38.7345078],[-123.07363819999998,38.7347284],[-123.07403929999998,38.7347109],[-123.0745808,38.734588],[-123.0749017,38.7343273],[-123.0750019,38.7343273],[-123.07509320000001,38.7345699],[-123.07510850000001,38.7348036],[-123.07519250000001,38.7350092],[-123.0750975,38.735145],[-123.07497490000002,38.7354036],[-123.075022,38.7356108],[-123.0752928,38.7357971],[-123.07600469999998,38.736032],[-123.0760539,38.7362208],[-123.0761852,38.7363729],[-123.0763757,38.7364456],[-123.0766765,38.7364331],[-123.0770731,38.7361994],[-123.0774888,38.7357713],[-123.07759750000001,38.7356639],[-123.0777119,38.7356569],[-123.07775470000001,38.7357414],[-123.0778573,38.7360896],[-123.07807240000001,38.7362963],[-123.0784915,38.7363829],[-123.0790496,38.7363285],[-123.07964469999997,38.7360921],[-123.0797951,38.7361373],[-123.07978179999998,38.7363461],[-123.0798953,38.7364782],[-123.0798619,38.7365829],[-123.079758,38.7367128],[-123.07967489999999,38.7370626],[-123.0796697,38.7372954],[-123.07983519999998,38.7374158],[-123.08079780000001,38.7374759],[-123.0811464,38.7374759],[-123.0817937,38.7376488],[-123.0820011,38.7376364],[-123.0822229,38.7376231],[-123.0823621,38.7376564],[-123.0826255,38.7377486],[-123.083064,38.7378018],[-123.083435,38.7377567],[-123.0837313,38.7376721],[-123.08397509999999,38.7375506],[-123.08406679999999,38.7375561],[-123.0843626,38.7375812],[-123.0846248,38.737797],[-123.0849469,38.7379795],[-123.0852905,38.7381011],[-123.08564159999997,38.7381822],[-123.085982,38.7381879],[-123.086095,38.7383655],[-123.08626779999999,38.7385138],[-123.0864506,38.7385673],[-123.086714,38.7385589],[-123.0867736,38.7386979],[-123.08699480000001,38.7388798],[-123.0873758,38.7390402],[-123.087682,38.7390662],[-123.08789220000001,38.7390252],[-123.0883084,38.73896],[-123.0883535,38.7394714],[-123.0884885,38.7398188],[-123.08859559999998,38.7399377],[-123.0887847,38.7399978],[-123.088754,38.7402546],[-123.0887997,38.7404841],[-123.08891,38.7406446],[-123.0895518,38.7409554],[-123.09034889999998,38.7413064],[-123.0907651,38.7413415],[-123.0913667,38.7412763],[-123.092199,38.7410958],[-123.09263019999999,38.7407248],[-123.0928301,38.7408331],[-123.093074,38.7408652],[-123.0931165,38.7409228],[-123.09324949999998,38.7415628],[-123.09328769999998,38.7416347],[-123.09336220000002,38.7416824],[-123.0938196,38.7416846],[-123.09451530000001,38.7415771],[-123.094771,38.7414518],[-123.09488130000001,38.741166],[-123.09588409999998,38.741171],[-123.0960162,38.7412551],[-123.0959946,38.7413476],[-123.09579889999998,38.7413916],[-123.09564359999999,38.7415013],[-123.09556819999997,38.7416925],[-123.0955451,38.7420695],[-123.0956033,38.7423066],[-123.0956986,38.7424495],[-123.0961641,38.7430162],[-123.0971927,38.7440589],[-123.09786449999999,38.7446505],[-123.09823049999999,38.7447358],[-123.098772,38.7447659],[-123.09921820000001,38.7447007],[-123.0993135,38.7447659],[-123.09918270000001,38.7449648],[-123.0990162,38.7451917],[-123.0989926,38.7454477],[-123.0991993,38.7455809],[-123.099509,38.7456282],[-123.099832,38.7456282],[-123.10003039999998,38.745548],[-123.10017579999999,38.7455931],[-123.10016389999998,38.7457112],[-123.0998963,38.7459199],[-123.0993135,38.7464254],[-123.0993085,38.74649559999999],[-123.0993169,38.7465474],[-123.099508,38.7466218],[-123.0999786,38.7467358],[-123.10011569999999,38.746781],[-123.100226,38.7469719],[-123.1004955,38.7471053],[-123.1020982,38.7477351],[-123.10322919999999,38.7481351],[-123.10352,38.7481351],[-123.104252,38.7487518],[-123.10449650000001,38.7487918],[-123.1047162,38.7488501],[-123.1048486,38.7488972],[-123.1048897,38.7490326],[-123.1050028,38.7492308],[-123.1051444,38.7493484],[-123.10537509999997,38.7495038],[-123.10603419999998,38.7497343],[-123.1066886,38.7499275],[-123.106829,38.750123],[-123.1070322,38.7502857],[-123.107226,38.75033519999999],[-123.1075626,38.7503268],[-123.10779949999998,38.7502865],[-123.1079872,38.7502421],[-123.10836680000001,38.7500891],[-123.1084483,38.750029],[-123.108556,38.74994609999999],[-123.1087262,38.7500612],[-123.1089061,38.7502183],[-123.10899749999999,38.7502897],[-123.108947,38.7503977],[-123.1089394,38.7506262],[-123.10908889999999,38.750954],[-123.1091785,38.7510881],[-123.109376,38.7513388],[-123.10937,38.7514025],[-123.10920510000001,38.7515655],[-123.10911030000001,38.7517199],[-123.1091155,38.7518569],[-123.10912649999999,38.7518969],[-123.1091621,38.751927],[-123.1092181,38.751958],[-123.1093359,38.7519768],[-123.1094791,38.7519772],[-123.1096543,38.7519016],[-123.10977709999999,38.7518152],[-123.11041379999999,38.7518252],[-123.110606,38.7517328],[-123.1107854,38.7517364],[-123.1110999,38.7518375],[-123.1113213,38.7518941],[-123.1116221,38.7519054],[-123.1124439,38.75185],[-123.1128655,38.751755],[-123.1128619,38.7519397],[-123.1129057,38.7520959],[-123.1127081,38.7522373],[-123.11261489999998,38.7524218],[-123.1126485,38.75265729999999],[-123.1127552,38.7528279],[-123.1126092,38.7529718],[-123.11261129999998,38.7530978],[-123.1127376,38.7532904],[-123.11400870000001,38.7541415],[-123.11398860000001,38.7544824],[-123.1141691,38.7547231],[-123.1142859,38.7547699],[-123.1144098,38.7547833],[-123.1145514,38.7547557],[-123.114688,38.7546404],[-123.11497120000001,38.7547466],[-123.1155787,38.7548922],[-123.1158073,38.7549097],[-123.1161157,38.7553855],[-123.11629490000001,38.7555754],[-123.11667249999998,38.75576859999999],[-123.117485,38.7560386],[-123.1175759,38.7560568],[-123.11777919999999,38.75608],[-123.1178653,38.7560687],[-123.1180786,38.7559314],[-123.118318,38.7557434],[-123.1183734,38.7557551],[-123.11848420000001,38.7560703],[-123.1186742,38.7563899],[-123.1188885,38.7566087],[-123.1191559,38.7567841],[-123.119674,38.7569651],[-123.120245,38.7578011],[-123.12042470000002,38.757992],[-123.1205606,38.7581158],[-123.1206067,38.7584333],[-123.12069229999999,38.75854179999999],[-123.1213086,38.759055],[-123.121563,38.759233],[-123.1217865,38.7593189],[-123.1220912,38.7593463],[-123.12223360000002,38.759476],[-123.12251680000001,38.7596857],[-123.1229331,38.7598973],[-123.1233069,38.7600168],[-123.1236504,38.7600765],[-123.1238919,38.760063],[-123.12410109999998,38.7600097],[-123.12421169999999,38.7600433],[-123.1243881,38.7602282],[-123.12469189999997,38.7603941],[-123.1249776,38.7604704],[-123.12610420000001,38.7605922],[-123.12648770000001,38.7606289],[-123.1268389,38.7606368],[-123.127075,38.7606928],[-123.12728720000001,38.7607285],[-123.1276865,38.760735],[-123.1284145,38.7605931],[-123.128778,38.7605196],[-123.12900970000001,38.7603986],[-123.1291251,38.7604134],[-123.12928060000002,38.7605759],[-123.129465,38.7607051],[-123.12969880000001,38.7607676],[-123.1300378,38.7607399],[-123.1300927,38.7607596],[-123.1301409,38.760989],[-123.1302834,38.761146],[-123.1306522,38.7613452],[-123.1309747,38.7614316],[-123.131322,38.7614425],[-123.1328603,38.7613412],[-123.13315579999998,38.7613666],[-123.1331921,38.7614466],[-123.133166,38.76151749999999],[-123.13216959999998,38.7616787],[-123.1318243,38.7617318],[-123.13135109999999,38.7617812],[-123.13088049999999,38.761787],[-123.13043769999999,38.7616578],[-123.1300484,38.7615119],[-123.12975220000001,38.7614913],[-123.1295982,38.761389],[-123.1292909,38.7613057],[-123.1290131,38.7612328],[-123.1286587,38.7612135],[-123.12814739999999,38.7612209],[-123.12674349999999,38.7612811],[-123.1266225,38.7613637],[-123.1266151,38.7615312],[-123.1261677,38.7616402],[-123.12610180000001,38.7616466],[-123.1258793,38.7617352],[-123.12549759999999,38.7616339],[-123.1249787,38.7616364],[-123.1247876,38.7614362],[-123.1247552,38.7614174],[-123.1244817,38.7613165],[-123.124282,38.7612722],[-123.12416909999999,38.7612462],[-123.1240158,38.7612297],[-123.1235696,38.7612224],[-123.1233461,38.76106569999999],[-123.1230714,38.7610583],[-123.1229507,38.7610464],[-123.1228324,38.7608984],[-123.1226761,38.7607985],[-123.12240430000001,38.7607249],[-123.12190229999999,38.7607101],[-123.1216932,38.7607961],[-123.121537,38.7609],[-123.1214532,38.7608985],[-123.121343,38.7606957],[-123.1212172,38.760599],[-123.1211141,38.7605837],[-123.12110159999999,38.7603402],[-123.1210479,38.7602181],[-123.12087339999998,38.7600666],[-123.12063630000002,38.7598973],[-123.1204084,38.7597765],[-123.1201455,38.7597569],[-123.1199949,38.7595507],[-123.1198336,38.7594559],[-123.1197539,38.7594239],[-123.119694,38.7594128],[-123.1196862,38.7593618],[-123.1196364,38.75926229999999],[-123.1194918,38.7590733],[-123.1193108,38.7589398],[-123.11906,38.7588442],[-123.1187583,38.7588242],[-123.1184007,38.7588431],[-123.1184204,38.7586205],[-123.1184114,38.7585124],[-123.118293,38.7583805],[-123.1181199,38.7583731],[-123.1180256,38.7583885],[-123.1179486,38.7584212],[-123.1178669,38.758397],[-123.1178379,38.7583153],[-123.1179175,38.7581951],[-123.11794990000001,38.7580762],[-123.11796039999999,38.7579726],[-123.11781040000001,38.7577788],[-123.1175534,38.7575308],[-123.1172628,38.7573941],[-123.1170754,38.7573286],[-123.1168364,38.7573102],[-123.1165148,38.7573879],[-123.1164336,38.7573738],[-123.116322,38.7572522],[-123.11616089999998,38.7571327],[-123.1159081,38.7570794],[-123.1156447,38.7570646],[-123.115388,38.7567153],[-123.1151317,38.7564777],[-123.11495319999999,38.7563994],[-123.11472040000001,38.7564316],[-123.1143789,38.7567649],[-123.1140885,38.7571497],[-123.1140931,38.7574562],[-123.1137215,38.7574154],[-123.1135283,38.7574057],[-123.11332650000001,38.7574512],[-123.11308620000001,38.7575645],[-123.1130419,38.7575081],[-123.113092,38.757315],[-123.11311319999999,38.7571486],[-123.11308620000001,38.7570294],[-123.11309220000001,38.7568545],[-123.1129905,38.7566384],[-123.11280539999998,38.7564679],[-123.1125721,38.7563782],[-123.1123695,38.7563877],[-123.1122864,38.756364],[-123.1122322,38.7562579],[-123.1121128,38.7561476],[-123.1119975,38.7561012],[-123.11177509999999,38.7560597],[-123.1114564,38.7560918],[-123.11123089999998,38.7561712],[-123.11115969999999,38.7561319],[-123.1111145,38.7560053],[-123.1110317,38.7559137],[-123.1109542,38.7558468],[-123.1107257,38.7557605],[-123.1104241,38.7557368],[-123.1102489,38.7555949],[-123.110057,38.755575],[-123.10983729999998,38.7556752],[-123.109636,38.7558772],[-123.10916960000002,38.7559312],[-123.108634,38.7560914],[-123.10823060000001,38.7563099],[-123.107926,38.7565682],[-123.1077578,38.756569],[-123.1076553,38.7564842],[-123.10722559999998,38.756362],[-123.10719580000001,38.7562844],[-123.10725869999999,38.7561975],[-123.10725629999999,38.7560849],[-123.107187,38.7559977],[-123.10697049999999,38.7558715],[-123.1066921,38.755628],[-123.1065888,38.7555651],[-123.1064138,38.7555536],[-123.1060469,38.7555654],[-123.1059108,38.7553418],[-123.1057162,38.7551836],[-123.1054167,38.7550406],[-123.1050718,38.7549741],[-123.1045833,38.7549437],[-123.1045755,38.754856],[-123.1046531,38.7547358],[-123.10468370000001,38.7545788],[-123.104657,38.754409],[-123.104585,38.7543067],[-123.1044606,38.7542111],[-123.1042018,38.7540412],[-123.1032881,38.7535145],[-123.1031072,38.75344],[-123.1030097,38.753375],[-123.1028645,38.7532298],[-123.10270170000001,38.7531505],[-123.1025412,38.75311819999999],[-123.10229539999999,38.7531119],[-123.10203949999999,38.7531645],[-123.1018044,38.7531742],[-123.10174950000001,38.7531282],[-123.1017453,38.7528675],[-123.1016301,38.7527454],[-123.101353,38.7526317],[-123.10102579999999,38.75258729999999],[-123.100716,38.7525945],[-123.10048150000001,38.7526518],[-123.10030009999998,38.752775],[-123.1002051,38.75284879999999],[-123.1001585,38.7528517],[-123.1000368,38.7527734],[-123.09983170000001,38.7526616],[-123.09961689999999,38.7525716],[-123.099352,38.7524803],[-123.0990146,38.7525381],[-123.0988472,38.7525772],[-123.09859,38.7529115],[-123.09851460000002,38.7533171],[-123.098544,38.7535756],[-123.09866670000001,38.7537605],[-123.0988184,38.7539614],[-123.0991484,38.7542225],[-123.0991382,38.7546746],[-123.09920739999998,38.75500369999999],[-123.09943829999999,38.7552294],[-123.0994689,38.7555052],[-123.0995689,38.7556559],[-123.099769,38.7557716],[-123.0997455,38.756126],[-123.0998049,38.7562462],[-123.1000249,38.756396],[-123.100174,38.756445],[-123.1001909,38.7565239],[-123.1000362,38.7566665],[-123.0998973,38.7568416],[-123.09982989999999,38.7570294],[-123.09978889999998,38.7571733],[-123.0997743,38.7574305],[-123.0995126,38.757724],[-123.0992627,38.7580772],[-123.0991617,38.758365],[-123.0991406,38.7586496],[-123.0992683,38.7589547],[-123.0995385,38.7591314],[-123.0997304,38.7591943],[-123.09996419999999,38.7592302],[-123.1001051,38.7594031],[-123.10035130000001,38.759562],[-123.10043149999998,38.7595964],[-123.100421,38.7598409],[-123.1003828,38.7601688],[-123.1004184,38.7604432],[-123.100491,38.7606242],[-123.1008727,38.7612409],[-123.101348,38.7616315],[-123.10162430000001,38.7617635],[-123.1018721,38.7617878],[-123.10228569999998,38.7617525],[-123.1023346,38.7620171],[-123.10241970000001,38.7622586],[-123.1025384,38.7624298],[-123.1026111,38.762504],[-123.1028762,38.7626693],[-123.103095,38.7627564],[-123.1033395,38.7627908],[-123.10344389999999,38.7629814],[-123.1036445,38.763232],[-123.1036245,38.7633018],[-123.1034576,38.7633179],[-123.1033474,38.76347],[-123.1033387,38.7637879],[-123.10344029999999,38.7639765],[-123.10366039999998,38.7642492],[-123.1041726,38.7646602],[-123.10432709999998,38.7647544],[-123.1043275,38.7650521],[-123.1044542,38.7651563],[-123.105085,38.7655527],[-123.1054033,38.7657197],[-123.1057116,38.7658286],[-123.1059426,38.7658414],[-123.10612179999998,38.7658335],[-123.1063462,38.7660035],[-123.1065408,38.7661185],[-123.1068381,38.7661748],[-123.1070992,38.7661797],[-123.1071098,38.766381],[-123.10754989999998,38.7666308],[-123.1074932,38.766655],[-123.1068983,38.7666512],[-123.10673070000001,38.7667341],[-123.10662249999999,38.7668578],[-123.10660879999998,38.7670341],[-123.1066698,38.7671446],[-123.10672930000001,38.7676796],[-123.1067548,38.7679192],[-123.106854,38.7681043],[-123.1070011,38.7681504],[-123.1071788,38.7681266],[-123.1075612,38.7679537],[-123.10772510000001,38.7679047],[-123.1078568,38.7679143],[-123.108064,38.7680166],[-123.1082553,38.7680618],[-123.10847810000001,38.7680596],[-123.1086442,38.7679635],[-123.1087368,38.7679666],[-123.1089019,38.768053],[-123.1091512,38.7681251],[-123.10933170000001,38.7681398],[-123.1096828,38.7685575],[-123.1100003,38.7687626],[-123.11036859999999,38.7689492],[-123.1106546,38.7690332],[-123.11040829999997,38.769373],[-123.1103988,38.7695437],[-123.110479,38.7697041],[-123.1106796,38.7698645],[-123.11079989999999,38.7699194],[-123.11075629999998,38.7700494],[-123.1107513,38.7701706],[-123.11089709999999,38.7703531],[-123.11203580000002,38.7707814],[-123.112267,38.7707943],[-123.112473,38.7708768],[-123.1127164,38.7710821],[-123.1128325,38.7711472],[-123.1129257,38.7711681],[-123.1130419,38.771173],[-123.1131315,38.7710981],[-123.1131848,38.7709496],[-123.11319239999999,38.7707912],[-123.1132541,38.7707679],[-123.1133282,38.7706914],[-123.1135368,38.7707466],[-123.11375430000001,38.7707909],[-123.1140054,38.7708127],[-123.1143197,38.7708071],[-123.11448790000001,38.7707735],[-123.114605,38.7708029],[-123.11474039999999,38.7708996],[-123.1149123,38.7709654],[-123.1152681,38.770982],[-123.11549659999999,38.7709464],[-123.11563880000001,38.7708578],[-123.1157981,38.7708155],[-123.1159238,38.7708978],[-123.1161772,38.7710019],[-123.1163759,38.7710489],[-123.1164425,38.771085],[-123.11609360000001,38.7714198],[-123.11600809999999,38.7715162],[-123.11601419999998,38.7716093],[-123.1161007,38.7716831],[-123.1161795,38.7717194],[-123.1161686,38.7717751],[-123.1160573,38.7718334],[-123.115873,38.7720164],[-123.115827,38.7722352],[-123.11589239999998,38.7724899],[-123.1165061,38.7732042],[-123.1166878,38.7732657],[-123.117082,38.7733038],[-123.1175383,38.7736349],[-123.117786,38.773673],[-123.11793940000001,38.7736806],[-123.11800339999998,38.773736],[-123.11794649999999,38.7738764],[-123.1179842,38.774031],[-123.1181108,38.7741625],[-123.11834049999999,38.7742365],[-123.1185626,38.7742316],[-123.1186614,38.7741563],[-123.118634,38.7740351],[-123.1185506,38.7739308],[-123.1185318,38.77383],[-123.11868070000001,38.7738308],[-123.1188671,38.7738854],[-123.119028,38.7738804],[-123.11918639999998,38.7738498],[-123.1194683,38.7740771],[-123.1197595,38.7742312],[-123.11981459999998,38.7742454],[-123.1198054,38.7744023],[-123.11991539999998,38.7745525],[-123.12010610000002,38.7746736],[-123.120326,38.7747178],[-123.1203411,38.7748801],[-123.12047639999999,38.7749849],[-123.12112320000001,38.7752903],[-123.1211798,38.7753121],[-123.12117389999999,38.7755151],[-123.1212053,38.7755718],[-123.1212212,38.7755903],[-123.1213262,38.7756681],[-123.121422,38.7756804],[-123.12146170000001,38.7756002],[-123.12149249999999,38.7753967],[-123.12167140000001,38.7751279],[-123.121787,38.7750628],[-123.12190570000001,38.7751393],[-123.1231329,38.775444],[-123.123285,38.7754183],[-123.123412,38.7753412],[-123.1234813,38.7752397],[-123.12351470000002,38.775026],[-123.1239023,38.7750442],[-123.1241801,38.7750098],[-123.12435989999999,38.774919],[-123.1245359,38.774779],[-123.1246103,38.7746499],[-123.1247564,38.7746524],[-123.1247825,38.7748135],[-123.12475059999998,38.7749801],[-123.12464759999999,38.7751731],[-123.1245254,38.7753743],[-123.1245026,38.7755709],[-123.1245371,38.7760312],[-123.1245014,38.7760918],[-123.12441240000001,38.7762007],[-123.1243169,38.7763022],[-123.124308,38.7764284],[-123.124329,38.776474],[-123.1244035,38.7764834],[-123.12453519999998,38.7764451],[-123.124603,38.7763761],[-123.1246353,38.7763071],[-123.12464169999998,38.7761561],[-123.12485829999999,38.7758603],[-123.1250188,38.7755601],[-123.1251113,38.7755062],[-123.1253615,38.7754973],[-123.1255397,38.7754351],[-123.1256668,38.7753711],[-123.1258437,38.7752009],[-123.1260043,38.7749526],[-123.1260617,38.7749367],[-123.126563,38.7748181],[-123.1268839,38.775139],[-123.12706439999998,38.775139],[-123.1272449,38.7750788],[-123.1273962,38.7749306],[-123.1274855,38.7747178],[-123.1276456,38.7742573],[-123.1282677,38.7742967],[-123.1284214,38.7743742],[-123.1285886,38.7743969],[-123.1288088,38.7743576],[-123.12895759999998,38.774035],[-123.1289291,38.7738048],[-123.1290039,38.773706],[-123.12913,38.7736908],[-123.1298921,38.7741362],[-123.1300688,38.7741816],[-123.130187,38.7741416],[-123.130213,38.7740359],[-123.1301982,38.7739523],[-123.13065419999998,38.7739455],[-123.1313224,38.77358],[-123.1314621,38.7734203],[-123.1316143,38.7734453],[-123.1316971,38.7735747],[-123.1318234,38.7736708],[-123.1320307,38.7737033],[-123.13249429999998,38.7736215],[-123.132881,38.7735153],[-123.133015,38.7735255],[-123.13302789999999,38.77364509999999],[-123.1328772,38.7739254],[-123.1328758,38.7741749],[-123.1329561,38.7742954],[-123.13312630000001,38.7744473],[-123.1331153,38.7745305],[-123.1329186,38.7746981],[-123.1329151,38.7751],[-123.133049,38.7752122],[-123.13324129999998,38.7752593],[-123.1334314,38.7752586],[-123.13363670000001,38.7751943],[-123.1337968,38.7752491],[-123.1337828,38.7755601],[-123.1338687,38.7758867],[-123.13400270000001,38.7760065],[-123.1341237,38.7760615],[-123.1345812,38.776052],[-123.13482920000001,38.7759708],[-123.134946,38.7758859],[-123.1350519,38.7757441],[-123.1353527,38.7757051],[-123.13564679999999,38.7757754],[-123.13594419999998,38.7756456],[-123.1362052,38.7752082],[-123.1363002,38.7750707],[-123.13646770000001,38.7750573],[-123.13666889999999,38.7750701],[-123.1368924,38.7750482],[-123.137181,38.7748816],[-123.1372684,38.7749225],[-123.13737110000001,38.7751208],[-123.1374638,38.7752662],[-123.1376333,38.7753997],[-123.13782889999999,38.7754224],[-123.1379956,38.7753928],[-123.13809459999999,38.7754205],[-123.13813850000001,38.775579],[-123.138235,38.7757206],[-123.1384029,38.7758004],[-123.1386466,38.7758423],[-123.138711,38.7758666],[-123.13867940000002,38.7759867],[-123.1386946,38.7760696],[-123.1387405,38.7761319],[-123.1389308,38.7761913],[-123.13910329999999,38.776172],[-123.13921560000001,38.7761929],[-123.1395116,38.7763819],[-123.14007760000001,38.7766409],[-123.1405515,38.7768141],[-123.1410242,38.7769611],[-123.1411915,38.7769857],[-123.1413892,38.7769763],[-123.1415141,38.7770498],[-123.1415001,38.7773073],[-123.1416475,38.7775589],[-123.1420443,38.7778066],[-123.14278859999999,38.7781874],[-123.143666,38.7786894],[-123.1438528,38.7786842],[-123.14395060000001,38.7785884],[-123.1441712,38.7781673],[-123.1443179,38.7780473],[-123.1446144,38.777895],[-123.1448425,38.777712],[-123.1450336,38.7776859],[-123.1450738,38.778265],[-123.14512850000001,38.7785082],[-123.1453931,38.7789185],[-123.1457411,38.7792017],[-123.1460765,38.7794096],[-123.1463882,38.7795723],[-123.1470553,38.7797666],[-123.1480679,38.7797569],[-123.1483629,38.7796978],[-123.148643,38.7795637],[-123.1487638,38.7796112],[-123.1488186,38.7800978],[-123.1489073,38.7802032],[-123.14914679999998,38.7802522],[-123.1493858,38.7803184],[-123.14952710000001,38.7802996],[-123.1496057,38.7802586],[-123.1498626,38.7802533],[-123.15009649999999,38.7802794],[-123.1505543,38.7804433],[-123.15072540000001,38.7805049],[-123.1510701,38.7805738],[-123.15127339999998,38.7805874],[-123.1514077,38.7805369],[-123.151683,38.780071],[-123.15183479999997,38.7799817],[-123.1519604,38.7799374],[-123.1521383,38.7798322],[-123.152304,38.77994719999999],[-123.15266829999999,38.779954],[-123.15275090000002,38.7800029],[-123.1528528,38.7800274],[-123.1529753,38.780032],[-123.15317359999999,38.7799674],[-123.15334190000002,38.7798663],[-123.153482,38.7798624],[-123.1535321,38.7800413],[-123.1535814,38.7801521],[-123.1537168,38.7802301],[-123.1538186,38.7802659],[-123.1542043,38.7802836],[-123.1542304,38.7803736],[-123.154048,38.7805432],[-123.15374689999999,38.7808792],[-123.15377529999998,38.7811378],[-123.1538774,38.7813303],[-123.15405829999999,38.7815565],[-123.1542081,38.7815751],[-123.1551064,38.7815822],[-123.1560039,38.7815913],[-123.15648530000001,38.7817225],[-123.1568637,38.7817418],[-123.1571879,38.7816666],[-123.1575088,38.7818574],[-123.1576876,38.7819016],[-123.1578683,38.7818327],[-123.15816039999999,38.7814566],[-123.15827,38.7814178],[-123.1583606,38.7814805],[-123.1584303,38.781568],[-123.158379,38.7823617],[-123.158446,38.782577],[-123.158395,38.7830118],[-123.1584683,38.7831127],[-123.1587396,38.7831608],[-123.158929,38.7831647],[-123.1590671,38.7830133],[-123.1592472,38.7829657],[-123.15944869999998,38.7830671],[-123.1597932,38.7831658],[-123.15979709999998,38.7833049],[-123.1598541,38.7834016],[-123.16074989999998,38.7836624],[-123.16084610000001,38.7837198],[-123.16103280000002,38.7837425],[-123.16124949999998,38.7836146],[-123.16141419999998,38.7836341],[-123.1615141,38.7837675],[-123.16166640000002,38.783984],[-123.16171410000001,38.7841837],[-123.16183009999997,38.7844444],[-123.1623076,38.7849416],[-123.1627121,38.7852523],[-123.1629706,38.7853936],[-123.163145,38.7854666],[-123.1633546,38.7854933],[-123.1635972,38.7854688],[-123.16403659999999,38.7853188],[-123.16434110000002,38.7851728],[-123.1645121,38.7851721],[-123.1646303,38.7851974],[-123.16456369999999,38.7852498],[-123.1642474,38.7855282],[-123.16407020000001,38.785734],[-123.1639298,38.7859239],[-123.1638253,38.7860984],[-123.1635442,38.7861691],[-123.1634274,38.7861868],[-123.16327779999999,38.7863088],[-123.1631685,38.7864246],[-123.1631664,38.7866261],[-123.1632078,38.7867859],[-123.1633529,38.7868888],[-123.1634903,38.7869419],[-123.1635056,38.7870917],[-123.1630629,38.7872869],[-123.1628945,38.7873885],[-123.16064960000001,38.7873823],[-123.160501,38.7874459],[-123.1605053,38.7876528],[-123.1604281,38.7877411],[-123.1601008,38.7877694],[-123.1598523,38.7878231],[-123.15970429999999,38.787976],[-123.1597538,38.7881451],[-123.159891,38.7882879],[-123.159995,38.78848019999999],[-123.160201,38.7886879],[-123.160357,38.7889832],[-123.1604272,38.7891161],[-123.160446,38.7892355],[-123.160581,38.7893586],[-123.1605847,38.7894603],[-123.16045379999998,38.7896451],[-123.160319,38.7899648],[-123.1602733,38.7901788],[-123.1602545,38.7903054],[-123.1601043,38.7903687],[-123.15992240000001,38.7904006],[-123.15937059999999,38.7905623],[-123.1592577,38.7907432],[-123.1593123,38.7908563],[-123.1594896,38.7908638],[-123.1597101,38.7908121],[-123.1599041,38.7907923],[-123.1600142,38.7908219],[-123.1605719,38.7912392],[-123.1609469,38.7914088],[-123.1610693,38.7914114],[-123.1617575,38.7913141],[-123.1619384,38.7912029],[-123.162133,38.7912474],[-123.1625407,38.7912989],[-123.162758,38.7912987],[-123.16289080000001,38.7912748],[-123.16319689999999,38.7910977],[-123.1635949,38.7911083],[-123.1636855,38.7912075],[-123.1637223,38.7918713],[-123.1638762,38.7920956],[-123.16399190000001,38.792148],[-123.1641141,38.7921733],[-123.1642353,38.792088],[-123.16446,38.7918897],[-123.16454490000001,38.7917776],[-123.1647161,38.7917641],[-123.1648478,38.7918647],[-123.165022,38.7919266],[-123.16518869999999,38.7919048],[-123.16528609999997,38.7918519],[-123.16552959999999,38.7915037],[-123.1656367,38.7913432],[-123.1657199,38.7913417],[-123.16581040000001,38.7913834],[-123.16615129999998,38.7923925],[-123.16639159999998,38.7928274],[-123.1666351,38.7933975],[-123.16682359999999,38.7936026],[-123.1670469,38.7937177],[-123.1674129,38.7937696],[-123.1675076,38.793806],[-123.1675207,38.7940026],[-123.1676182,38.7941306],[-123.1683945,38.7944596],[-123.1686642,38.7945025],[-123.1689204,38.7945014],[-123.16904980000001,38.7944339],[-123.1695856,38.7940261],[-123.1697522,38.7941145],[-123.169752,38.7944761],[-123.1700519,38.7948654],[-123.17039480000001,38.7951216],[-123.17076379999999,38.7952465],[-123.1710906,38.7955764],[-123.17129690000002,38.7957373],[-123.1716063,38.7958511],[-123.1719852,38.7958487],[-123.1722352,38.7958177],[-123.1725182,38.7957406],[-123.17276059999998,38.795782],[-123.173169,38.7957442],[-123.173527,38.7956403],[-123.17379280000002,38.7953504],[-123.1738929,38.7951655],[-123.17406779999997,38.7951221],[-123.17462639999998,38.794971],[-123.1747549,38.7949191],[-123.17518790000001,38.7947547],[-123.1754927,38.7945236],[-123.1756574,38.7943466],[-123.1758027,38.7943681],[-123.1758182,38.7949736],[-123.17561280000001,38.7954253],[-123.1754379,38.7959295],[-123.17542649999999,38.7961133],[-123.1755556,38.7962761],[-123.1757977,38.7966223],[-123.17595819999998,38.7967381],[-123.1761062,38.7967446],[-123.1763779,38.7967046],[-123.176872,38.7964727],[-123.177578,38.7960621],[-123.1777197,38.7959399],[-123.1778334,38.7957783],[-123.17791210000001,38.79562],[-123.1780439,38.7955949],[-123.17820080000001,38.7956767],[-123.1783296,38.7957626],[-123.1785126,38.7958419],[-123.17871740000001,38.7958379],[-123.1789414,38.795766],[-123.1792122,38.7954956],[-123.1793887,38.7951227],[-123.179957,38.795055],[-123.1799708,38.7950544],[-123.1801763,38.7950047],[-123.1803579,38.7948952],[-123.1804421,38.7947927],[-123.1809117,38.7947927],[-123.1810221,38.7947732],[-123.18108619999998,38.7947487],[-123.181754,38.7944359],[-123.18189629999998,38.7944102],[-123.1820184,38.7943322],[-123.18205589999998,38.7942276],[-123.18198029999998,38.7940768],[-123.1819451,38.7937548],[-123.18177650000001,38.7934935],[-123.1813745,38.7930389],[-123.1810587,38.7926404],[-123.1808762,38.7923006],[-123.1807305,38.7922102],[-123.1807041,38.7921244],[-123.18077129999999,38.7920252],[-123.1807221,38.7919298],[-123.1805254,38.7917039],[-123.1805529,38.7916275],[-123.18067069999998,38.7915594],[-123.180693,38.7913933],[-123.1807207,38.7912729],[-123.1808313,38.7912266],[-123.1810155,38.7913221],[-123.18101770000001,38.7915408],[-123.1812052,38.7917547],[-123.18187250000001,38.7922173],[-123.1822955,38.7924864],[-123.1826479,38.7926646],[-123.1829506,38.792947],[-123.18333840000001,38.7932886],[-123.1836631,38.7935845],[-123.1839365,38.793651],[-123.1842495,38.7936149],[-123.1845604,38.7935254],[-123.1848224,38.7933087],[-123.1848425,38.793048],[-123.1851306,38.7929126],[-123.18523339999999,38.7927869],[-123.1852485,38.792511],[-123.185185,38.7923394],[-123.1849734,38.7921329],[-123.18500290000001,38.7920252],[-123.18543469999999,38.7919502],[-123.18570719999998,38.7918405],[-123.1859163,38.7916041],[-123.1861498,38.7914869],[-123.1864861,38.791161],[-123.18740070000001,38.7910135],[-123.1879363,38.7910167],[-123.1889136,38.7912831],[-123.1893749,38.7915037],[-123.1895197,38.7915543],[-123.18963559999999,38.7915132],[-123.1896525,38.7914186],[-123.18953529999999,38.7913232],[-123.1890287,38.7911273],[-123.188813,38.79101149999999],[-123.18877289999998,38.790831],[-123.18823660000001,38.7906468],[-123.1879911,38.7906512],[-123.1877705,38.7907008],[-123.1876301,38.7906762],[-123.1874897,38.7904957],[-123.187323,38.7904376],[-123.18700349999999,38.7904306],[-123.1869843,38.7904348],[-123.18697320000001,38.7904372],[-123.1867061,38.7904567],[-123.1865725,38.7905313],[-123.18641660000002,38.7905263],[-123.1863466,38.7904609],[-123.1859599,38.7903757],[-123.1857506,38.7902202],[-123.1854903,38.7899705],[-123.1854948,38.7898346],[-123.18564470000001,38.7898191],[-123.1861606,38.789951],[-123.18643209999998,38.7899595],[-123.18658839999998,38.7897695],[-123.1870137,38.7895869],[-123.1870432,38.7894669],[-123.1867382,38.7891763],[-123.18663989999999,38.7888963],[-123.1862845,38.7883457],[-123.18588530000001,38.7878939],[-123.1859152,38.7878042],[-123.1865774,38.7877883],[-123.18722520000001,38.7884512],[-123.1878855,38.7888391],[-123.18868969999998,38.7892601],[-123.18882959999998,38.7892474],[-123.1889032,38.7891525],[-123.18910430000001,38.7884955],[-123.1892419,38.7884043],[-123.1893597,38.78848],[-123.18951639999999,38.7885807],[-123.18977879999998,38.7889473],[-123.1900712,38.789398],[-123.1905782,38.7895603],[-123.1906641,38.7900204],[-123.19063869999998,38.7901756],[-123.19075609999999,38.7903715],[-123.19088509999999,38.7904651],[-123.1910901,38.7905373],[-123.19135019999999,38.7908253],[-123.191775,38.7911271],[-123.1922056,38.7911744],[-123.19254989999997,38.7911136],[-123.1928194,38.7908979],[-123.19329049999999,38.7906819],[-123.1936121,38.7906758],[-123.19366129999999,38.7905971],[-123.193446,38.7904007],[-123.19350650000001,38.7902184],[-123.19360679999998,38.7900912],[-123.1935808,38.7899963],[-123.19350619999999,38.7898899],[-123.19357349999999,38.7898259],[-123.19364270000001,38.7897743],[-123.1937986,38.7897221],[-123.1938362,38.7896295],[-123.1937536,38.7895242],[-123.19348610000002,38.7893178],[-123.193506,38.7892122],[-123.193813,38.7891615],[-123.1938905,38.7890586],[-123.19387580000001,38.788951],[-123.1932061,38.7886999],[-123.19312939999999,38.788599],[-123.19328849999998,38.7885151],[-123.19383649999999,38.788491],[-123.19410889999999,38.7884097],[-123.1943462,38.7882913],[-123.19448289999998,38.7883164],[-123.1947349,38.788431],[-123.194855,38.7884653],[-123.19507030000001,38.788714],[-123.195261,38.7888322],[-123.1954052,38.7888926],[-123.195809,38.788901],[-123.1959886,38.7888087],[-123.19600469999997,38.7887226],[-123.19586740000001,38.7885012],[-123.1959978,38.7883371],[-123.1961695,38.7881517],[-123.1962636,38.7879041],[-123.1962676,38.787367],[-123.19616579999997,38.787162],[-123.19615339999999,38.7870326],[-123.19636910000001,38.7869471],[-123.19662230000002,38.7867223],[-123.19704320000001,38.7866911],[-123.1972966,38.7866255],[-123.1974637,38.7866416],[-123.197577,38.7866962],[-123.19782780000001,38.7867829],[-123.19829550000001,38.78705689999999],[-123.198496,38.7871015],[-123.1985646,38.7870614],[-123.1985007,38.7869832],[-123.1983662,38.7869469],[-123.1979232,38.7865392],[-123.1978109,38.7863876],[-123.19762619999999,38.7862897],[-123.19735670000001,38.7862649],[-123.196861,38.7858581],[-123.19683950000001,38.7851323],[-123.19607320000001,38.7844895],[-123.1959813,38.7844491],[-123.1948639,38.7844743],[-123.1946876,38.7845545],[-123.1944575,38.7844444],[-123.1937614,38.784375],[-123.192724,38.7843737],[-123.192211,38.7846953],[-123.1919556,38.7848364],[-123.19177669999998,38.7848448],[-123.19149120000002,38.7849356],[-123.1914114,38.7848824],[-123.1914655,38.7846847],[-123.1921616,38.7839452],[-123.19238530000001,38.7835703],[-123.1924482,38.783391],[-123.1924323,38.7832309],[-123.1923244,38.783126],[-123.1920422,38.7829403],[-123.1920422,38.7828601],[-123.19210309999998,38.7827704],[-123.19252130000001,38.7827952],[-123.19299110000001,38.7829019],[-123.1933345,38.7830885],[-123.1936207,38.783382],[-123.1937981,38.7835505],[-123.1939826,38.7835972],[-123.1941676,38.7835071],[-123.19535649999999,38.7834776],[-123.19547749999998,38.7834519],[-123.19582309999998,38.7831363],[-123.19593610000001,38.7827995],[-123.1959381,38.7824544],[-123.19601429999997,38.7821225],[-123.19616749999999,38.7818001],[-123.19613229999999,38.7815686],[-123.1959529,38.7813299],[-123.19597479999999,38.781172],[-123.19618189999998,38.7811509],[-123.19649570000001,38.7811658],[-123.1966622,38.7811003],[-123.1968562,38.7810043],[-123.197642,38.7803933],[-123.197838,38.7801928],[-123.1982191,38.7802931],[-123.1985451,38.7802226],[-123.1986202,38.780273],[-123.19854,38.7804736],[-123.1984798,38.7805939],[-123.1983341,38.780648],[-123.1976448,38.7813897],[-123.1975679,38.7815758],[-123.19747709999999,38.7817972],[-123.1972552,38.7818916],[-123.1972614,38.7820178],[-123.1971903,38.7820621],[-123.1971361,38.7822335],[-123.197166,38.7824052],[-123.19698359999998,38.7826221],[-123.19694579999998,38.782739],[-123.19700840000002,38.7833231],[-123.19708089999999,38.7836331],[-123.19736,38.7838294],[-123.1977779,38.7840195],[-123.1980089,38.7840994],[-123.19851840000001,38.7841046],[-123.1987004,38.7841637],[-123.1988207,38.7843843],[-123.19896109999998,38.7844845],[-123.1993422,38.7846049],[-123.1994625,38.784665],[-123.1995794,38.7848586],[-123.19978339999999,38.7850461],[-123.2001145,38.7850866],[-123.2010067,38.7847653],[-123.2012273,38.785026],[-123.201468,38.7850862],[-123.2017487,38.7850862],[-123.20225010000001,38.7855073],[-123.2024306,38.7855675],[-123.202571,38.7854887],[-123.2025717,38.78508619999999],[-123.202552,38.7847657],[-123.2026818,38.7842049],[-123.2030924,38.7832411],[-123.2033932,38.7827693],[-123.2034735,38.782459],[-123.20389460000001,38.7823587],[-123.2044066,38.7821184],[-123.2052485,38.7819883],[-123.2061506,38.7819179],[-123.2064442,38.7819398],[-123.2066753,38.7820923],[-123.2070194,38.7822716],[-123.2073039,38.7823],[-123.20744429999998,38.7822986],[-123.2075333,38.7820586],[-123.2077761,38.781756],[-123.207996,38.78132679999999],[-123.20811350000001,38.7813846],[-123.2084179,38.78164729999999],[-123.208427,38.7821286],[-123.2085889,38.7823637],[-123.2088372,38.7824794],[-123.20898810000001,38.7823749],[-123.2092099,38.7821283],[-123.2093094,38.782098],[-123.20969009999999,38.7824601],[-123.2098712,38.7825274],[-123.21029290000001,38.7825199],[-123.2104329,38.782459],[-123.2108041,38.7828411],[-123.2114502,38.783168],[-123.212209,38.7834235],[-123.21272259999998,38.7836306],[-123.213541,38.7837225],[-123.21410290000001,38.783453],[-123.21436329999999,38.7836517],[-123.21457439999998,38.7838129],[-123.2149672,38.7838533],[-123.2152426,38.7838769],[-123.2154863,38.7841236],[-123.2160475,38.7844236],[-123.2163986,38.7844342],[-123.21662490000001,38.7845776],[-123.21703059999999,38.7847653],[-123.2175246,38.7848232],[-123.21794290000001,38.784696],[-123.2181576,38.7843183],[-123.2181536,38.7841236],[-123.218294,38.7840437],[-123.2184143,38.7840634],[-123.21875489999998,38.7846537],[-123.21895579999999,38.7847453],[-123.219397,38.784665],[-123.2199786,38.7846049],[-123.2206481,38.7843055],[-123.2212421,38.7842439],[-123.2214038,38.7842795],[-123.2220848,38.7842238],[-123.22254559999999,38.7845447],[-123.223047,38.7846049],[-123.223388,38.7844645],[-123.2237045,38.7845878],[-123.22437060000001,38.7847252],[-123.2248126,38.7846957],[-123.2252133,38.7841042],[-123.22519360000001,38.7837225],[-123.225233,38.78364219999999],[-123.2261154,38.7835219],[-123.2265566,38.7833815],[-123.2266581,38.7831089],[-123.2266368,38.7829403],[-123.2266368,38.7828601],[-123.22694820000001,38.7822092],[-123.2270686,38.7821447],[-123.227058,38.7812958],[-123.2268574,38.7804736],[-123.22695770000001,38.780273],[-123.2270981,38.7803131],[-123.2274591,38.781356],[-123.2275594,38.7820178],[-123.2274592,38.7821527],[-123.2274931,38.7824043],[-123.227439,38.7827197],[-123.22745010000001,38.7831592],[-123.2275594,38.7834734],[-123.2276411,38.7837429],[-123.2279612,38.7838041],[-123.22824229999998,38.7836025],[-123.22836160000001,38.7836823],[-123.2284618,38.7838428],[-123.22928410000002,38.7841035],[-123.229726,38.7843857],[-123.229917,38.7844224],[-123.23076890000002,38.7844444],[-123.2311189,38.7842953],[-123.23143909999999,38.7843948],[-123.2316808,38.784525],[-123.2324126,38.7842238],[-123.2328338,38.7842639],[-123.2329456,38.7843909],[-123.232914,38.7845246],[-123.2327196,38.7845009],[-123.23217849999999,38.7846998],[-123.2320115,38.7848448],[-123.2319734,38.7849966],[-123.23205569999999,38.7852932],[-123.23201560000001,38.7855305],[-123.23201739999999,38.7857171],[-123.2320791,38.7858926],[-123.23215189999998,38.7860087],[-123.23249290000001,38.7868711],[-123.2328248,38.787249],[-123.23308429999999,38.7874421],[-123.2331346,38.7876824],[-123.2329023,38.7876631],[-123.2325333,38.787472],[-123.2322522,38.7871441],[-123.2320703,38.7870667],[-123.23206769999999,38.786849],[-123.23184339999999,38.7866751],[-123.2318433,38.7865607],[-123.231902,38.7865055],[-123.23188529999999,38.7863747],[-123.2314845,38.7852758],[-123.23130039999998,38.7849929],[-123.23114880000001,38.7849004],[-123.2310119,38.784877],[-123.23060279999999,38.7849667],[-123.2301904,38.7850154],[-123.2300842,38.7850732],[-123.22987970000001,38.7853113],[-123.2297212,38.7853015],[-123.2291291,38.7848084],[-123.22860220000001,38.7844845],[-123.22844929999998,38.7844595],[-123.2283113,38.7845047],[-123.22819609999998,38.7846049],[-123.2281726,38.7878758],[-123.22819260000001,38.7972884],[-123.2283967,38.8091119],[-123.24640590000001,38.8089515],[-123.24641410000001,38.7945299],[-123.2463605,38.7807171],[-123.2461112,38.7805301],[-123.24592959999998,38.780283],[-123.24592959999998,38.7801226],[-123.24611010000001,38.7799221],[-123.246145,38.7798917],[-123.24615019999997,38.7798418],[-123.2460544,38.7797823],[-123.24569430000001,38.7796529],[-123.24536850000001,38.7794203],[-123.2452685,38.7791505],[-123.2453881,38.7789394],[-123.245348,38.7788391],[-123.245348,38.7787589],[-123.24519679999999,38.7787284],[-123.2450071,38.7787789],[-123.2449266,38.7788753],[-123.2447664,38.7789394],[-123.2444857,38.7790105],[-123.24432449999998,38.7790499],[-123.2441046,38.7792402],[-123.2439041,38.7793204],[-123.24364339999998,38.7793405],[-123.24354310000001,38.77944069999999],[-123.2434228,38.7795009],[-123.2434228,38.7796814],[-123.24274089999999,38.7801828],[-123.2426005,38.7803326],[-123.2421604,38.7803027],[-123.2418384,38.7801427],[-123.24171809999999,38.7801226],[-123.24133710000001,38.7803633],[-123.2408557,38.78042339999999],[-123.24069530000001,38.7803232],[-123.24063509999998,38.780283],[-123.2406151,38.7798218],[-123.2408156,38.7796012],[-123.240575,38.7794207],[-123.2404948,38.7793605],[-123.2404948,38.7792803],[-123.2405848,38.7790805],[-123.2403143,38.7788591],[-123.240214,38.7787188],[-123.2402541,38.7786185],[-123.2406261,38.7784492],[-123.2407956,38.7782575],[-123.2407956,38.7782174],[-123.24071540000001,38.7774954],[-123.24065519999998,38.7772949],[-123.2407555,38.7771745],[-123.240956,38.7770342],[-123.2408959,38.7768135],[-123.2405148,38.7767935],[-123.23941180000001,38.7763924],[-123.2390315,38.7762017],[-123.2385895,38.7759512],[-123.2381691,38.7755508],[-123.2379077,38.7748292],[-123.2378074,38.7746476],[-123.23781689999998,38.7743264],[-123.2376269,38.7743067],[-123.23744639999998,38.7743669],[-123.23654389999999,38.7744872],[-123.2365239,38.7746075],[-123.2364236,38.7747968],[-123.2362358,38.7748657],[-123.2359022,38.7750287],[-123.23507989999999,38.7750688],[-123.235019,38.7751691],[-123.2350293,38.7754185],[-123.2348462,38.7756949],[-123.2345986,38.7759311],[-123.23415740000002,38.7761207],[-123.2337166,38.7762502],[-123.233446,38.7762717],[-123.2332757,38.7761918],[-123.23321480000001,38.7760515],[-123.2331146,38.7758509],[-123.232984,38.7752099],[-123.2325928,38.7749878],[-123.23245240000001,38.7751384],[-123.232108,38.7751255],[-123.2319297,38.775054],[-123.23180079999999,38.7749679],[-123.2316656,38.7749807],[-123.2315503,38.7751289],[-123.2313272,38.7751842],[-123.23087040000001,38.7751989],[-123.230643,38.7754168],[-123.2306543,38.7758391],[-123.2306029,38.7759783],[-123.2304181,38.7759811],[-123.2295866,38.7755344],[-123.228648,38.7749628],[-123.2284017,38.7748679],[-123.2283707,38.7747865],[-123.2284891,38.7745807],[-123.2285621,38.774407],[-123.2285913,38.7742459],[-123.2286629,38.7741556],[-123.2286624,38.7740059],[-123.2286624,38.7738655],[-123.2285421,38.7738053],[-123.2281159,38.7738454],[-123.22804459999998,38.7657045],[-123.2280958,38.7514097],[-123.21974829999998,38.7512891],[-123.2082292,38.7511519],[-123.1736769,38.7513328],[-123.1633119,38.7512588],[-123.1545,38.7512301],[-123.14573219999998,38.7515373],[-123.14559959999998,38.7360533],[-123.1278548,38.735313],[-123.1099325,38.73523979999999],[-123.11024339999999,38.7213819],[-123.0788776,38.7205095],[-123.07886750000002,38.714844],[-123.0790528,38.7148892],[-123.07930220000001,38.7149499],[-123.07955210000002,38.7150108],[-123.0798048,38.7149666],[-123.07988239999999,38.7148834],[-123.0798402,38.7146615],[-123.07965770000001,38.7143715],[-123.079405,38.7142252],[-123.07889379999999,38.7139513],[-123.07868869999999,38.7138794],[-123.0783803,38.7137726],[-123.0782335,38.7136713],[-123.0781095,38.7135347],[-123.07810629999999,38.7132818],[-123.0781984,38.7130699],[-123.0782099,38.7128971],[-123.07814649999999,38.7127172],[-123.0781443,38.7125202],[-123.0786988,38.7120977],[-123.0789469,38.7119145],[-123.0789831,38.7117489],[-123.07914359999998,38.7116739],[-123.0794917,38.7115665],[-123.0797835,38.7115115],[-123.079971,38.7114817],[-123.08000679999998,38.7114009],[-123.079884,38.7111888],[-123.0797065,38.7109541],[-123.07945709999998,38.7107998],[-123.0792229,38.7107832],[-123.07871859999999,38.7107969],[-123.0782211,38.7109524],[-123.077781,38.7108368],[-123.07763419999998,38.7108717],[-123.0774548,38.7110682],[-123.07712149999998,38.7112652],[-123.0766043,38.7114897],[-123.0760004,38.7112595],[-123.0755423,38.7111806],[-123.0752856,38.7111483],[-123.0751096,38.7111125],[-123.0749521,38.7109889],[-123.0747402,38.7110029],[-123.0743534,38.7112473],[-123.07418589999999,38.7113351],[-123.07393990000001,38.7113991],[-123.0736268,38.7114257],[-123.0734661,38.7114601],[-123.07316549999999,38.7116041],[-123.0729387,38.7117908],[-123.0726405,38.7119808],[-123.0725155,38.7119877],[-123.0721965,38.711918],[-123.0709852,38.7117371],[-123.07057049999999,38.7117383],[-123.070169,38.7117954],[-123.0699598,38.7118628],[-123.06961469999999,38.7120603],[-123.06952020000001,38.7122459],[-123.06953430000002,38.7123894],[-123.0696125,38.712553],[-123.069968,38.7128443],[-123.06996420000002,38.7129323],[-123.0698607,38.7129824],[-123.0696567,38.7130213],[-123.0693513,38.7131729],[-123.06924660000001,38.7132359],[-123.06907380000001,38.7132068],[-123.0688398,38.7132375],[-123.0686526,38.7132903],[-123.0685492,38.7132361],[-123.0684316,38.713172],[-123.06818210000002,38.7131624],[-123.06717319999998,38.7134182],[-123.06678139999998,38.7133353],[-123.0663096,38.71331],[-123.0659178,38.7133584],[-123.0656189,38.7134149],[-123.0654107,38.7135119],[-123.0652375,38.7137207],[-123.06506840000002,38.7136724],[-123.064877,38.7136413],[-123.06441959999998,38.7135903],[-123.0636543,38.71350229999999],[-123.06350889999999,38.7135105],[-123.06314089999998,38.7136056],[-123.06285190000001,38.7134177],[-123.0625942,38.7132595],[-123.0623206,38.7131754],[-123.06209159999999,38.7131165],[-123.06201,38.7129068],[-123.06181369999999,38.7128065],[-123.0614621,38.7127651],[-123.0611731,38.7124715],[-123.060713,38.7124432],[-123.0604321,38.7121904],[-123.0601932,38.7121786],[-123.059917,38.7122799],[-123.0596071,38.7120004],[-123.0596,38.7117478],[-123.05939590000001,38.7114008],[-123.0591348,38.7111148],[-123.0588897,38.7109571],[-123.0583747,38.71067139999999],[-123.057901,38.7104509],[-123.05787559999999,38.7102438],[-123.0577972,38.7101492],[-123.056968,38.7095676],[-123.0568285,38.709123],[-123.0566344,38.7088943],[-123.05636349999999,38.708862],[-123.0561204,38.7089424],[-123.0559144,38.7090403],[-123.05568070000001,38.7089204],[-123.05546349999999,38.7088777],[-123.05553370000001,38.7186043]]]}},{"type":"Feature","properties":{"ava_id":"russian_river_valley","name":"Russian River Valley","created":"1983-11-21","within":"North Coast|Northern Sonoma|Sonoma Coast","cfr_index":"9.66","valid_end":null},"geometry":{"type":"Polygon","coordinates":[[[-122.85879257783418,38.58576960412874],[-122.85857974273799,38.585265106123],[-122.86081056985698,38.58499709155744],[-122.86155844873655,38.58490545422436],[-122.86572844006503,38.58431523097158],[-122.87099610869501,38.58366490151108],[-122.87065714909743,38.581374953532006],[-122.87456405259924,38.58134145171127],[-122.8760854293978,38.581034023239006],[-122.87799995991499,38.5807581258922],[-122.87833103673124,38.58072265337617],[-122.8790385163564,38.58072462407151],[-122.8792079961552,38.58076995006421],[-122.8797893512797,38.580710829204094],[-122.88027611302743,38.58058667539799],[-122.88227683226614,38.57981186413563],[-122.88281831000945,38.5796151225979],[-122.88324200950646,38.57959147425388],[-122.8835912719338,38.579623782939755],[-122.88380365767688,38.57973336431798],[-122.88422234875605,38.58034545336452],[-122.88430914102936,38.58018563889743],[-122.88441063183913,38.57991121957205],[-122.88448650360952,38.57976834416027],[-122.88456650558042,38.57967418544936],[-122.88467618303548,38.57958851821098],[-122.88478555662657,38.579525455960265],[-122.88502105471909,38.57945451092821],[-122.88517279825987,38.579430369910355],[-122.88538366266069,38.579430369910355],[-122.88563295562052,38.579467813121724],[-122.88575316803595,38.579506241680754],[-122.88584980059257,38.579508141419474],[-122.88593644270208,38.57948160798905],[-122.88610001041488,38.57936139557363],[-122.88622022283033,38.57924315385354],[-122.88645670627052,38.578926857252306],[-122.88657494799061,38.57879284996953],[-122.88703806139434,38.578478524063605],[-122.88728433024059,38.57832648711109],[-122.88744106859032,38.578276527791786],[-122.88769134689784,38.57822036297474],[-122.88819880094653,38.57819375858773],[-122.88835350053029,38.57816222746237],[-122.8885095588176,38.57811423148601],[-122.88920205315462,38.5778482445323],[-122.88952531277114,38.57774049132679],[-122.8897122949637,38.57767743641001],[-122.88989458428217,38.57758678442461],[-122.89004041573699,38.57749514709154],[-122.89015865745706,38.577398583020134],[-122.89024733874713,38.57728723873371],[-122.89041583319823,38.57701035603917],[-122.89053013352765,38.5768221546347],[-122.89070059867413,38.57662902649188],[-122.89088781473095,38.57641126465739],[-122.89105138244373,38.57619448817056],[-122.89116519009933,38.576087085274814],[-122.89135782556829,38.5759949552679],[-122.89157066066446,38.57592105419285],[-122.89191697659719,38.57582635313507],[-122.892306715372,38.575720043268696],[-122.89274132107039,38.575577133283545],[-122.8943030297462,38.57484111314936],[-122.89454345457705,38.574690354956246],[-122.8947986596229,38.57454156745846],[-122.8950292309771,38.574450915473065],[-122.89521682040741,38.57440032119208],[-122.89544602922939,38.574361509583035],[-122.89566724548524,38.574379227887256],[-122.8957239010826,38.57435829279233],[-122.89578203659498,38.574312966799624],[-122.89586480579905,38.574194725079536],[-122.89593476548345,38.57414053095783],[-122.89599585703883,38.574117867961476],[-122.89605891928954,38.574110970527805],[-122.89611262073744,38.57411836063532],[-122.89621214085187,38.57417403277852],[-122.89632644118127,38.57426764080694],[-122.89658263157483,38.57450708029011],[-122.89679448132331,38.57476524137896],[-122.89693637138738,38.574888409837385],[-122.89700731641943,38.57490959481225],[-122.8972330630252,38.57494058903255],[-122.89740391885559,38.57494605267594],[-122.89747338586614,38.57496773032462],[-122.89756994993752,38.5750214317725],[-122.89766109459676,38.575090406109226],[-122.89777736562151,38.57513179071125],[-122.89798527397936,38.575147556273926],[-122.89850258150473,38.57515100499076],[-122.89862082322483,38.57516874124876],[-122.89885237992668,38.57518746285444],[-122.8989331784354,38.5752219500228],[-122.89911694577539,38.575262841950995],[-122.89932091274254,38.57535694265324],[-122.89948940719368,38.575461389505975],[-122.89961553169513,38.57549883271734],[-122.89977811406025,38.57549981806503],[-122.89998503707042,38.575480111111666],[-122.90015993628141,38.57541803420862],[-122.90027719265383,38.57539093714776],[-122.90035355709804,38.575414092817944],[-122.90050283726966,38.57549686202199],[-122.90056885556338,38.575505730151],[-122.90061812294674,38.575499818065],[-122.90077873461652,38.57538699575708],[-122.90082406060925,38.57533575767838],[-122.90092900013583,38.575289446338],[-122.90101374003518,38.575237222911625],[-122.90110882608509,38.57514903429538],[-122.90118545862552,38.57501481730368],[-122.90138866482266,38.57487707833919],[-122.90164042115167,38.574748983142406],[-122.90179561340929,38.57472681281989],[-122.90207151075614,38.57460118099229],[-122.90226562424662,38.574495748791875],[-122.90260753988723,38.57435878546611],[-122.90301153243087,38.574172554756956],[-122.90309230348701,38.574127762604114],[-122.90334852133313,38.573940012707425],[-122.90352104400489,38.57383389540328],[-122.90376532339646,38.57373752376177],[-122.90390524276523,38.573716338786916],[-122.90403530865731,38.57371436809158],[-122.90408359069302,38.573734075044925],[-122.90425208514412,38.57372126552525],[-122.90450926088532,38.573716338786916],[-122.90466691651208,38.573641452364186],[-122.90473983223947,38.573589228937806],[-122.9049886325255,38.57351877657959],[-122.90512559585127,38.57352863005627],[-122.90527339800138,38.5735158205366],[-122.9055483100006,38.57347246523923],[-122.90565965428702,38.573443890156874],[-122.90623440627928,38.57339551552603],[-122.90660164665705,38.57332367774146],[-122.90689922165262,38.57323696714673],[-122.90748451816707,38.57305270713292],[-122.90797817734843,38.572865491076115],[-122.90814470110423,38.572753161442016],[-122.9083664043294,38.57257678420955],[-122.9087566020057,38.5721929912931],[-122.90931430878544,38.571598333975814],[-122.90957887463414,38.5712342480127],[-122.90969071159438,38.57108496784107],[-122.90985329395951,38.57080217306053],[-122.910026715149,38.570558792186674],[-122.9101863414711,38.57038832704021],[-122.91032429014454,38.57022574467509],[-122.91049179924798,38.56996758358623],[-122.91093619104598,38.569395096591464],[-122.91112340710276,38.56921182192532],[-122.91135594915227,38.5690581076892],[-122.91158750585411,38.568875818370714],[-122.9118239892943,38.56867185140355],[-122.91206145808219,38.56843733865871],[-122.91214028589559,38.56834767202098],[-122.91229498547935,38.568233371691555],[-122.91239647628909,38.56818213361284],[-122.91248318688382,38.56817129478849],[-122.91256102934955,38.5681831189605],[-122.9127925860514,38.568325009024605],[-122.91304779109724,38.568456060264374],[-122.91325471410738,38.56854868294511],[-122.9134468828667,38.5685995585374],[-122.91370797403438,38.568620613324825],[-122.91390110217719,38.568608789152805],[-122.91422725225507,38.56864032027816],[-122.91472288213181,38.56865411514551],[-122.91503425199468,38.56864327632116],[-122.915436273843,38.568679734184855],[-122.91557816390711,38.56871027996255],[-122.91602748244343,38.56876743012725],[-122.91619400619922,38.56879896125261],[-122.91628491220024,38.568806211792285],[-122.91644132846373,38.56886202350332],[-122.91663248591121,38.56895464618406],[-122.91678373677817,38.569033966671284],[-122.91696454807511,38.56909801426966],[-122.91709609198872,38.56911969191833],[-122.91762719438147,38.56916501791104],[-122.91797797815107,38.56916600325871],[-122.91817209164157,38.56914826700069],[-122.91845784246512,38.569109838441655],[-122.918505631827,38.56907732196863],[-122.91855194316737,38.56902460586842],[-122.91864949258647,38.56883492644244],[-122.91871998778475,38.56875373128827],[-122.91900421774673,38.56862406204162],[-122.91930277808993,38.56852848331788],[-122.91949787692809,38.56845556759049],[-122.91963533292767,38.56842108042215],[-122.91986984567254,38.568401866142615],[-122.92019303970741,38.56840383683794],[-122.92047484914028,38.5683989100996],[-122.92075370253016,38.568341759934896],[-122.92099314201332,38.56825357131866],[-122.92114981229244,38.56815996329025],[-122.92136363273627,38.56805058969917],[-122.92197651898543,38.56784760807966],[-122.92246426608081,38.5676623627182],[-122.92258644919157,38.567593388381475],[-122.92272045647434,38.567532296826094],[-122.92286530258149,38.56744164484069],[-122.92293427691821,38.567375626546976],[-122.923031462834,38.567333623639044],[-122.92309488858797,38.56733325659727],[-122.92319835009305,38.56735000750762],[-122.9233027969458,38.56735345622446],[-122.92342547273041,38.56736971446098],[-122.92372501842132,38.567386465371314],[-122.92405313919456,38.56739040676199],[-122.92439209879214,38.56738843606666],[-122.92473270371936,38.56736783943831],[-122.92508479820235,38.567374641199315],[-122.92540109480358,38.56744509355753],[-122.92550455630867,38.56749337559324],[-122.92570261118982,38.5675702327113],[-122.92610488088829,38.567649371179726],[-122.9262435670592,38.567701776624894],[-122.9263588527363,38.56777715572145],[-122.92669140757404,38.567961415735255],[-122.9268313269428,38.568054038415994],[-122.92706731770919,38.56818361163427],[-122.92725256307067,38.56827524896733],[-122.9273235081027,38.568325501698375],[-122.92759940544958,38.568493996149506],[-122.92804576794293,38.56869402172601],[-122.92820835030807,38.56875708397673],[-122.92837487406386,38.56880536601243],[-122.92853351503828,38.568816204836764],[-122.92870398018475,38.56881029275076],[-122.92882616329551,38.56882950703028],[-122.92901535004768,38.56899258206923],[-122.92917793241278,38.56921329994674],[-122.92922867781765,38.569411354827906],[-122.92931095434788,38.56951974307132],[-122.92942821072032,38.56959068810337],[-122.92959670517148,38.56965473570173],[-122.92982629117796,38.56972765142911],[-122.92997064461117,38.5697670653358],[-122.9300775548331,38.569809435285514],[-122.93048844481036,38.56994590593742],[-122.93089785676618,38.57008779600154],[-122.93100575233575,38.570116863757725],[-122.931120545339,38.57013115129889],[-122.93128238869339,38.570134600015734],[-122.93139767437046,38.57015282894759],[-122.93159277320862,38.5702040670263],[-122.93173860466342,38.57022820804414],[-122.93190266505003,38.57027895344901],[-122.93199085366624,38.57029915307621],[-122.93215146533602,38.57031639666036],[-122.93245889380829,38.57034743511188],[-122.93264660253894,38.570373054151226],[-122.93278898527686,38.57039276110458],[-122.93290180758478,38.570446955226295],[-122.9330436976489,38.57044794057396],[-122.93311415000711,38.570429218968286],[-122.93319199247284,38.57042823362062],[-122.9332525913544,38.57044449185713],[-122.93331023419294,38.57044941859547],[-122.93347035318891,38.57053760721171],[-122.9336265307942,38.57059081598574],[-122.93372949962541,38.57061101561291],[-122.93396647573942,38.57064796615043],[-122.93422710019743,38.570655848931764],[-122.93445225213944,38.57064895149809],[-122.93460695172324,38.57063121524008],[-122.93484244981578,38.57057209438003],[-122.93493480496453,38.570539010116846],[-122.93504641678287,38.570529724430344],[-122.93524792038089,38.57054351929767],[-122.93543168772086,38.5705380998855],[-122.93569132683122,38.570495237261966],[-122.93577557405676,38.570468140201115],[-122.936041617927,38.57042577025141],[-122.93619828820611,38.570419365491574],[-122.93632687607673,38.57039226843074],[-122.93649980459236,38.570386849018554],[-122.93662395839847,38.57035137650252],[-122.93669145471367,38.570318860029495],[-122.93678801878507,38.57028190949196],[-122.93718215785202,38.57019125750655],[-122.9372521175364,38.57015479964286],[-122.93730828235343,38.57002276305542],[-122.93733390139276,38.569758689880544],[-122.93742061198749,38.5696355214221],[-122.93746987937084,38.56950939692069],[-122.93747185006616,38.56946702697098],[-122.93745017241748,38.56935962407523],[-122.93737317159912,38.56916074044658],[-122.93734868160774,38.569023620520596],[-122.93739794899109,38.56872998691568],[-122.93740386107709,38.56863046680127],[-122.93742553872575,38.568569375245886],[-122.93747234273997,38.5684033441639],[-122.93752062477564,38.568319589612166],[-122.93756742878983,38.568249137253936],[-122.93768369981458,38.56806093584945],[-122.93777336645232,38.56788455861697],[-122.93786598913306,38.56777518502588],[-123.0276641370792,38.53950698021232],[-123.0276669483873,38.53933830172615],[-123.02769553001971,38.53917290309944],[-123.02775316183583,38.53898923097005],[-123.02781454206277,38.538850539770294],[-123.02789466434366,38.53867202170576],[-123.0279105950896,38.5386129842356],[-123.02799306012729,38.53852911354385],[-123.02803686967854,38.538461642149386],[-123.02811933471624,38.538392530825185],[-123.02825990012141,38.538296477798326],[-123.02843982384,38.53823790887951],[-123.02855508747223,38.538180745614746],[-123.02864551788286,38.53812592510674],[-123.02882309884468,38.53804486572311],[-123.02903347840106,38.53794974979896],[-123.0291665469846,38.53783917168025],[-123.02926025725466,38.537671430296776],[-123.02933709967616,38.53744277723773],[-123.029433152703,38.53715227540041],[-123.02944346083271,38.536980785606126],[-123.02943034139489,38.536841625855025],[-123.02940691382736,38.536803673195635],[-123.02935959014098,38.53658579681767],[-123.02929399295193,38.5363866624937],[-123.02926353711415,38.536235788958834],[-123.02917544946025,38.53603431187812],[-123.0291304685306,38.535877815727055],[-123.02910282400094,38.535809875781226],[-123.02903254129839,38.535426600776525],[-123.02898428050926,38.53524152299306],[-123.02896225859581,38.5351843597283],[-123.0289594472877,38.53498522540433],[-123.02893929957962,38.534812798507346],[-123.02896366424987,38.53465536525358],[-123.02896366424987,38.53436017790274],[-123.0289139978067,38.53402610078984],[-123.02889385009865,38.533947852714306],[-123.02889478720134,38.533814315579406],[-123.02898802892008,38.533473678747576],[-123.02914780493057,38.53327501297497],[-123.02931554631407,38.53314616135358],[-123.02950062409752,38.53308056416451],[-123.02967867361073,38.532982636932246],[-123.02992419451836,38.532847225591944],[-123.03002961857221,38.53276569765696],[-123.03006616557754,38.53267573579767],[-123.03004226945868,38.53259608206808],[-123.02996589558852,38.53249909193851],[-123.02992794292912,38.532418969657584],[-123.02990170405347,38.532269033225425],[-123.02987593372919,38.532176728609365],[-123.02977660084287,38.53190731158282],[-123.02973349411863,38.531708177258864],[-123.029761372924,38.531550275453746],[-123.02975973299425,38.53131927963795],[-123.02971545489162,38.53121947820029],[-123.02971732909702,38.531148258395014],[-123.02975949871856,38.53107610148704],[-123.0297594987186,38.53088024702252],[-123.02971545489166,38.53079028516323],[-123.02969015311874,38.53069563779041],[-123.0297149863403,38.53055038687174],[-123.02973560259971,38.53050118897995],[-123.02973700825379,38.530407010158484],[-123.02971311213491,38.53036296633153],[-123.02970327255657,38.530212561348016],[-123.02964517218908,38.530014832678106],[-123.02959831705404,38.52985083970543],[-123.02952522304334,38.52966529337063],[-123.0294811792164,38.5294516339548],[-123.02945634599483,38.52937807139277],[-123.02941136506522,38.529165349079655],[-123.02941370782193,38.528860322150464],[-123.02943432408138,38.52878113697224],[-123.02957770079462,38.52858621961044],[-123.02976418423212,38.52843534607558],[-123.02986351711839,38.528264793384],[-123.02992583444802,38.52804316859521],[-123.02992770865343,38.527886672444126],[-123.02990615529131,38.527637403125674],[-123.02992489734532,38.527551189677176],[-123.02992677155069,38.52745466809898],[-123.02990100122643,38.52728833236955],[-123.02983446693466,38.527129962013085],[-123.0297386481835,38.52687343014868],[-123.02969085594574,38.526701003251695],[-123.02965196618364,38.526553409576294],[-123.02964540646471,38.52631772824698],[-123.0297081923457,38.52602910061507],[-123.02976160719963,38.52579857335063],[-123.02976535561045,38.525323462281236],[-123.02974192804292,38.52506482193574],[-123.0297016326268,38.524878338498254],[-123.02967258244307,38.524713408422876],[-123.02961916758909,38.52452036526647],[-123.02968757608629,38.524371365937014],[-123.02973208846457,38.52430108323444],[-123.02980986798875,38.52421486978595],[-123.03000853376136,38.5240733672781],[-123.0303899345607,38.52384939973255],[-123.03064857490617,38.52367978414366],[-123.03079476292754,38.52353734453311],[-123.03091096366245,38.52338553389554],[-123.03095594459212,38.523174685787815],[-123.03098405767315,38.52303130907456],[-123.03098499477586,38.52290011469643],[-123.03100654813798,38.522723002285936],[-123.03100326827852,38.52218135692474],[-123.03094141950025,38.52194286428733],[-123.03093017426782,38.5218163554227],[-123.03089175305708,38.52171233702289],[-123.03083693254904,38.521485558169246],[-123.03077414666812,38.52130844575875],[-123.03070292686286,38.52115663512119],[-123.03060640528466,38.52101044709983],[-123.03029997270141,38.520544707057425],[-123.03005698539882,38.520298267713024],[-123.02999254732428,38.52022181392009],[-123.02989549057901,38.520009964171585],[-123.02981666276564,38.519797621749255],[-123.0296934943072,38.5196655851618],[-123.02951071231486,38.519545372746364],[-123.02937719770591,38.519433535786106],[-123.02918308421543,38.51931430871835],[-123.029110168488,38.51926454866114],[-123.02906385714763,38.51922612010211],[-123.02904612088963,38.51917882341405],[-123.02904612088963,38.51913546811669],[-123.02909292490384,38.5190201824396],[-123.02913283148436,38.51898076853289],[-123.02917914282473,38.5189048967625],[-123.02922841020808,38.51879601584524],[-123.02923185892486,38.518306298054505],[-123.02920426919013,38.518124008736024],[-123.0290609011045,38.51773676710269],[-123.02896975644525,38.517625422816266],[-123.0288534854205,38.517538219547696],[-123.02865838658234,38.51744461151929],[-123.02855196903425,38.517403226917246],[-123.02845737565816,38.51735001814319],[-123.02838987934291,38.517308633541155],[-123.02833617789506,38.51723768850909],[-123.02829479329301,38.517156890000365],[-123.02829331527151,38.5170770768393],[-123.02836031891292,38.516858329657126],[-123.0284189470991,38.51666914290497],[-123.02845047822443,38.51652183342869],[-123.02842978592335,38.51628140859783],[-123.02839037201666,38.51607251489233],[-123.02836770902033,38.51580647102211],[-123.02836531807112,38.51541995555799],[-123.02837165041095,38.51514037599891],[-123.02831633934136,38.51494975975213],[-123.0282465112572,38.5148073284873],[-123.02814107905678,38.51462996590714],[-123.02815093253342,38.51437673155661],[-123.02814797649043,38.51418163271844],[-123.02817458087743,38.51408703934237],[-123.02820118526446,38.51402988917766],[-123.02833420719955,38.513893911199546],[-123.02843569800929,38.51379833247581],[-123.02847117052532,38.51373428487741],[-123.02859335363605,38.51352933256257],[-123.02862094337074,38.51334310185343],[-123.02859039759304,38.513162783230264],[-123.02851551117028,38.51298985471463],[-123.0282529160169,38.51258536949712],[-123.02815290322863,38.51251097574821],[-123.0280179105982,38.512360217555084],[-123.02793711208946,38.51225182931166],[-123.02782576780301,38.51211585133354],[-123.02774792533728,38.5119384887534],[-123.0277779784411,38.51179068660326],[-123.02786715240501,38.51160938263244],[-123.02815241055472,38.51143941015982],[-123.02822434093446,38.511372406518426],[-123.02824812080651,38.511315188159436],[-123.02825601648932,38.511195765956586],[-123.02824022512367,38.51106943503126],[-123.02824812080651,38.5108967169693],[-123.02831424715022,38.51079703397353],[-123.0284928869743,38.510566085250666],[-123.02856542856033,38.510382017144615],[-123.02858862212865,38.510230025250095],[-123.02855851983784,38.5100622419899],[-123.0282500947272,38.50939505679053],[-123.02808477886786,38.50910439696626],[-123.02795844794254,38.50893167890429],[-123.02791502168697,38.508791530534005],[-123.02785185622432,38.50861387767027],[-123.02778276899953,38.50831384172262],[-123.02773046010076,38.50816382374878],[-123.02766002436235,38.507984984377785],[-123.02747390518921,38.507789069458674],[-123.02732778027628,38.50765257828537],[-123.02720835807345,38.5075055211926],[-123.02716887965927,38.50735747713947],[-123.02719355366816,38.50713639802015],[-123.027218227677,38.50689557969375],[-123.02722118855812,38.50668486365815],[-123.02724339516607,38.50658468718221],[-123.02731593675209,38.506488458547686],[-123.02740533496753,38.506398073533],[-123.02747730476997,38.506346829736884],[-123.02756514424148,38.50631031220378],[-123.02768555340468,38.50623332929616],[-123.0278207669732,38.50604284594781],[-123.0279007107619,38.50586618004443],[-123.02794709789855,38.505701357665295],[-123.0279737458281,38.505437839250746],[-123.02806849402211,38.50524192762047],[-123.02831819499171,38.5048540522013],[-123.02835125816358,38.50469021678252],[-123.02828167745865,38.504488876870276],[-123.02823677076255,38.504367480746716],[-123.0282071619519,38.50417107563625],[-123.02813807472711,38.50391446594417],[-123.02808625930852,38.50376987625229],[-123.0280245742864,38.50376494145053],[-123.027942656577,38.50372793043724],[-123.02772859458405,38.50359649018973],[-123.02735635623776,38.50345934974636],[-123.0271254534038,38.503418518366225],[-123.02694286573828,38.50335979422516],[-123.0267316562225,38.50328083739683],[-123.02651255102388,38.50316240215433],[-123.02628949798385,38.50307456268281],[-123.02616711489995,38.503033110347936],[-123.02593024441495,38.502962049202445],[-123.02582710705794,38.502961555722266],[-123.02570620441456,38.50299708629501],[-123.02560948229986,38.503047914753246],[-123.02548413833487,38.50313822162564],[-123.02523246344457,38.50326504603114],[-123.02497239939129,38.503307978806546],[-123.02471480273886,38.503248761185304],[-123.02449843833597,38.50314196710371],[-123.02423069868513,38.502974386206844],[-123.0241517418568,38.502919116427016],[-123.02408166767165,38.502844107440126],[-123.02403922837642,38.50272073739586],[-123.02403429357464,38.50265658497284],[-123.02399333471996,38.50257121290221],[-123.02394842802381,38.50251495616203],[-123.0238734190369,38.502476464708224],[-123.02381173401479,38.50246264726327],[-123.02374363375036,38.50246215378309],[-123.02369872705425,38.50248633431177],[-123.02352206115084,38.50260773043532],[-123.02337500405808,38.502748865765966],[-123.02320129903576,38.502879144532706],[-123.02297528511468,38.50290776638297],[-123.02283217586334,38.50289740329925],[-123.02265156211853,38.502845587880664],[-123.022507959387,38.50277650065588],[-123.02237965454097,38.50273603528135],[-123.02223062352749,38.50263931316665],[-123.02213982317494,38.50256973246169],[-123.02204951630252,38.50250607351884],[-123.0219996748046,38.50245228417954],[-123.02197549427592,38.50239701439971],[-123.02194983330673,38.502251437747496],[-123.02206392776651,38.50208571224621],[-123.02225233665524,38.501981010610464],[-123.02246768780911,38.50189980455686],[-123.02260665542235,38.501806812107965],[-123.02283908458574,38.50151417836297],[-123.02286622599547,38.50144410417783],[-123.02286326511442,38.50136021254773],[-123.02283464326415,38.501290138362585],[-123.02276752996005,38.5012101945739],[-123.02262935551049,38.50111791378079],[-123.02255977480553,38.5010443852344],[-123.02250108924997,38.50086851885453],[-123.0227169028041,38.50079449732235],[-123.02294975594478,38.50078213686244],[-123.02319488379338,38.500693027348326],[-123.02323929700931,38.50061801836141],[-123.0232437383309,38.500557320299635],[-123.02323633612824,38.50047293518936],[-123.02320771427797,38.500364369550404],[-123.0231040834408,38.50022422118012],[-123.02297972643618,38.500160068757104],[-123.02282123300343,38.500107585849385],[-123.02264475850406,38.50010232183007],[-123.02252235638804,38.500043023431076],[-123.02249315498159,38.499995246377964],[-123.02249019410053,38.4999192504307],[-123.02248279189791,38.49974554540836],[-123.0224334438802,38.49967448426286],[-123.02234560440868,38.499620201443385],[-123.02212551224972,38.49957184038604],[-123.02189653744756,38.49948301395417],[-123.02172875418736,38.4993339829407],[-123.02158959277745,38.4991661996805],[-123.0212461305742,38.499113890781736],[-123.02113361709384,38.49915238223554],[-123.02105268634479,38.499170147521916],[-123.02095695119043,38.49916817360121],[-123.02082272458227,38.49913560390953],[-123.02059276281979,38.49901716866703],[-123.02047136669624,38.49905960796226],[-123.02009695028515,38.49913766308637],[-123.01976963788447,38.49913412346899],[-123.01953720872106,38.49910303421784],[-123.01931218176031,38.499077866728804],[-123.01899734140734,38.49897226197093],[-123.01862834659141,38.49877698317963],[-123.01854136572375,38.49871367835815],[-123.01829413215503,38.49860363227867],[-123.01813029673623,38.498593762675135],[-123.01800692669195,38.49860165835796],[-123.01770886466504,38.49860165835797],[-123.01743646360731,38.49867765430525],[-123.01725140854091,38.49878770038473],[-123.01697654008225,38.498841489724015],[-123.01617658206621,38.498838995215756],[-123.01609913232743,38.49881336135393],[-123.01603004510264,38.49874920893092],[-123.01600438413341,38.49848963835779],[-123.01580600510222,38.49839489016379],[-123.01558964801507,38.49826913101182],[-123.0154368819298,38.498130878269066],[-123.01500163241361,38.497634437210955],[-123.01489602765572,38.49749428884067],[-123.01480325338244,38.49742224073482],[-123.01463250924118,38.49730380549232],[-123.01440452139938,38.49722928998561],[-123.01419232492321,38.497201161615514],[-123.01360312891623,38.49713301902034],[-123.01305870681612,38.497113632290485],[-123.01293641787261,38.497083713333375],[-123.01280967349385,38.49701374890764],[-123.01254656853274,38.49704522187957],[-123.01242813329024,38.49721892690188],[-123.01229884148385,38.4973561143911],[-123.01207536053889,38.49742340754417],[-123.01190010950081,38.49736450355411],[-123.01176637637283,38.497290975007736],[-123.01169778262822,38.49723817262879],[-123.01143475769382,38.49712812654932],[-123.0113271790152,38.49711332214402],[-123.01116729143783,38.49711332214402],[-123.01107945196632,38.497141943994286],[-123.01098470377232,38.49716168320137],[-123.01077645513759,38.497239653069336],[-123.01052033892572,38.49730183157164],[-123.01030962289012,38.49727419668173],[-123.01005548059894,38.497206096417294],[-123.01000662606138,38.49715822884012],[-123.00998244553273,38.49703436531568],[-123.0099809650922,38.49688484082203],[-123.0099335909952,38.49681575359724],[-123.00984328412277,38.49675702945616],[-123.00965625513564,38.49666869650447],[-123.00935029742588,38.49649844584338],[-123.00906901372493,38.49634941482991],[-123.0088735955748,38.496230979587416],[-123.0087161753983,38.49612981615112],[-123.00848670711595,38.495996576503316],[-123.00806675548525,38.49558846839688],[-123.0098985539025,38.49449392936416],[-123.01012851566504,38.4943814158838],[-123.01053711725162,38.49423238487033],[-123.01108664473503,38.49401919074402],[-123.01204519267273,38.49368363491344],[-123.01321572765265,38.49325430715939],[-123.01415432694945,38.492893079669784],[-123.0146208006414,38.49269093142045],[-123.01487766730817,38.492571593708924],[-123.01507679033001,38.49243300880107],[-123.01540198834114,38.492113528300756],[-123.01593403595166,38.49153711554253],[-123.01629997875929,38.49112049887381],[-123.0164716711543,38.49091213963934],[-123.0165621436269,38.490758093110166],[-123.01661284519155,38.49057964459976],[-123.01663061047792,38.49037336988575],[-123.01662962351759,38.49009011226412],[-123.01660396254837,38.489841398254875],[-123.01655757541172,38.489520636139794],[-123.01613015359432,38.48813228818412],[-123.0159663861596,38.487692785563965],[-123.01583018563073,38.48744209763404],[-123.01555186281087,38.48710060935151],[-123.01524393118038,38.48675122538615],[-123.01510476977045,38.486583442125934],[-123.01495475179662,38.48636631084805],[-123.01472676395481,38.485876778512406],[-123.01435961470307,38.48508326238769],[-123.01425499690552,38.4849194269689],[-123.01411583549562,38.48474473498622],[-123.01388883461416,38.4845108253823],[-123.01363913364457,38.48415453269447],[-123.01337253189938,38.48386226519801],[-123.01300846597832,38.483559395600956],[-123.01270349522889,38.483353120886946],[-123.01228008923698,38.48311822432266],[-123.01176094809074,38.482843849344206],[-123.01130003760538,38.48262178326452],[-123.01093881011579,38.482483608814945],[-123.01052724764813,38.48236122573104],[-123.01006929804382,38.48226055577493],[-123.00975050984944,38.48221712951935],[-123.00861057064044,38.482123368285706],[-123.00682022455807,38.48198124599471],[-123.00533583618548,38.48186083683151],[-123.00441401521472,38.48179174960671],[-123.00367182102846,38.48170489709555],[-123.00234929415396,38.4814818440555],[-123.00110769802849,38.481279517182905],[-123.00072475741106,38.48120056035458],[-123.0001088941501,38.481121603526255],[-122.99910075773502,38.4809633371772],[-122.99879327599808,38.48094098978145],[-122.99837146199313,38.48091988212565],[-122.99800666859585,38.48090052440694],[-122.99766320639263,38.480836371983926],[-122.99743225766977,38.48072681938462],[-122.99726278213582,38.48060662505058],[-122.99703516335718,38.48040494139453],[-122.99685291194191,38.48018892599163],[-122.99673645062013,38.47995402942734],[-122.99666144163324,38.479697419735274],[-122.99661505449659,38.47949015806091],[-122.99662295017941,38.479302635593626],[-122.99666440251427,38.479095373919264],[-122.99678086383605,38.478876268720654],[-122.99693581661163,38.47865913744273],[-122.99717268709661,38.478430162640585],[-122.99784090379956,38.47799269359515],[-122.99906567705581,38.47716784034766],[-122.99955915723288,38.47685398695505],[-123.00033392111085,38.47649275946545],[-123.0011076980285,38.476018031535126],[-123.00110819150875,38.47599335752627],[-123.00135345115673,38.47584531347315],[-123.00152074093675,38.4757175021073],[-123.00174576789753,38.4754855664241],[-123.00191157723702,38.4753286397278],[-123.00238827908807,38.47496247743642],[-123.00258567115888,38.47483910739216],[-123.00284425477166,38.47472659391178],[-123.0029380160053,38.47469501118045],[-123.00310481230518,38.474670337171595],[-123.00343544402382,38.4746486240438],[-123.00359533160118,38.47460914562965],[-123.00390030235064,38.47445419285406],[-123.00425955591955,38.47426272254537],[-123.0044372087833,38.474181791796326],[-123.00456551362933,38.474136391620036],[-123.0046977663168,38.474117639373304],[-123.00516657248495,38.47409000448337],[-123.00533336878485,38.47405546087098],[-123.00545525838858,38.47398884104707],[-123.00557320015086,38.47388224932883],[-123.00564752799531,38.473781174579024],[-123.00577256614241,38.47355260457056],[-123.00583671856542,38.47331770800628],[-123.00574986605426,38.472811397344614],[-123.00576960526135,38.47267717073645],[-123.00584165336721,38.472563670295735],[-123.00603805847767,38.47233765637465],[-123.0062226200639,38.472168886154094],[-123.00633612050461,38.47204255522876],[-123.00639336420515,38.47195471575725],[-123.00642297301577,38.471860954523606],[-123.00642099909507,38.47172179311368],[-123.00635388579099,38.47150268791506],[-123.00635289883061,38.471395109236475],[-123.00639533812584,38.471292465359646],[-123.00654042129793,38.47114146042547],[-123.00678617442613,38.470914459544026],[-123.00691836371622,38.47070411007669],[-123.00697369689344,38.470467366503605],[-123.00703094059398,38.47034498341969],[-123.00710101477912,38.47025418306711],[-123.00736453319367,38.47002619522531],[-123.0074484248238,38.469922564388135],[-123.00774208499392,38.469440891057985],[-123.00791920491278,38.46919320068644],[-123.00811955786467,38.46895929108252],[-123.00826266711601,38.468814207910455],[-123.00849558975958,38.46860793319644],[-123.00884694764567,38.46832961037659],[-123.00922001865952,38.46807201372416],[-123.00950821108295,38.46791410006749],[-123.00978159910103,38.46781244315101],[-123.01001156086356,38.46778184738003],[-123.01018822676694,38.467789743062866],[-123.01041522764838,38.46783119539774],[-123.01068071998365,38.46789732174147],[-123.01103207786973,38.46801871786502],[-123.01104885619573,38.46786869989119],[-123.01103997355254,38.4676189989216],[-123.0110172734644,38.467434437335385],[-123.0109550949621,38.46725579751129],[-123.01081692051251,38.467037679273034],[-123.01015072227356,38.46630634165062],[-123.00949143275702,38.46558240623087],[-123.00900584826276,38.4650400715163],[-123.00836037619118,38.46431761653709],[-123.0082715497593,38.46417549424609],[-123.00821430605876,38.46399981530306],[-123.00819456685167,38.463796501470114],[-123.00821627997951,38.46358923979576],[-123.0082636540765,38.46344514358405],[-123.0083327413013,38.46329611257058],[-123.00849855064077,38.46306911168913],[-123.00864955557495,38.46289145882539],[-123.0092950276466,38.462199599617165],[-123.00946577178787,38.4618956158281],[-123.00956348086292,38.46158176243549],[-123.00965230729479,38.461095190980906],[-123.00971942059887,38.4609362903639],[-123.00997109548918,38.46064415009908],[-123.01014776139257,38.4604092535348],[-123.01021783557772,38.46028588349054],[-123.01022869214161,38.46021877018646],[-123.01016453971859,38.46002039115529],[-123.01005301319856,38.459853594855446],[-123.00992865619396,38.459693707278085],[-123.00920620121477,38.45898309582312],[-123.00819555381217,38.45802278339856],[-123.00815903627905,38.45793494392704],[-123.00809981865784,38.457543120666465],[-123.00803862711591,38.45723420207563],[-123.00798335733607,38.457121688595265],[-123.00784814376755,38.457003253352774],[-123.00764285601389,38.45689468771382],[-123.00749382500041,38.45683448313222],[-123.00739315504428,38.45682856137008],[-123.00710298870018,38.45686113106177],[-123.00685131380988,38.456877909387785],[-123.00648909935995,38.45684731361683],[-123.0062088026194,38.45682263960797],[-123.00569558323527,38.45674763062105],[-123.00552681301474,38.456695321722286],[-123.00534225142852,38.45660550833006],[-123.00513597671451,38.456458451237296],[-123.00493957160404,38.45626303308718],[-123.00474415345394,38.45601037123653],[-123.0044914916033,38.455741918020216],[-123.0042852168893,38.45557117387896],[-123.00346603979537,38.45493754533162],[-123.00301795979463,38.45460790057334],[-123.00226885688586,38.45416870321577],[-123.00205863433047,38.45412034215842],[-123.00112227585932,38.45402861882211],[-123.00063543749992,38.454034476607625],[-123.00052687186097,38.45400881563842],[-123.00045975855689,38.45394170233434],[-123.00040547573742,38.45385090198177],[-123.00035908860079,38.453624888060666],[-123.0001843966181,38.45334163043904],[-123.0001291268383,38.45319358638592],[-123.00010543978982,38.45309883819192],[-123.00009359626557,38.45255403607645],[-123.00005609177211,38.452388226736964],[-122.99990903467933,38.452107929996394],[-122.99975506886409,38.45183947678007],[-122.99958235080214,38.451490092814716],[-122.9995576767933,38.4513894228586],[-122.99955866375365,38.451227561360525],[-122.99967709899617,38.45091272100757],[-122.99972447309317,38.45073112030241],[-122.99974125141922,38.45060084153566],[-122.9997481601417,38.45018237034551],[-123.00000180895273,38.44980140364883],[-123.00037784084765,38.44941944999179],[-123.00057029811674,38.44908289651103],[-123.00053180666292,38.448927943735434],[-123.00028605353477,38.448678242765844],[-122.99973335573647,38.44824101932896],[-122.99916387961215,38.44785215694945],[-122.99893786569109,38.447651803997566],[-122.99874343450134,38.447421842235066],[-122.99854110762874,38.44709318443714],[-122.99841872454485,38.44686420963498],[-122.99830127626271,38.44669938725586],[-122.99814928436818,38.44656121280628],[-122.99779200471998,38.44630164223315],[-122.99757586040245,38.44607858919312],[-122.99744656859605,38.44588613192407],[-122.99727483749443,38.44550121738596],[-122.99718798498327,38.44535514725355],[-122.9970044103574,38.44512222460999],[-122.99687511855103,38.444984050160414],[-122.99666390903525,38.44482021474162],[-122.99644085599522,38.444685001173106],[-122.99609245899023,38.44452116575434],[-122.99568519519505,38.4443687492957],[-122.99524663396679,38.44426751694333],[-122.9949969329972,38.444231986370575],[-122.99461497934016,38.44414908170082],[-122.9942567127316,38.444074072713924],[-122.9941145904406,38.44400794637019],[-122.99396555942712,38.44388556328628],[-122.99383528066046,38.44370445606131],[-122.99365417343546,38.44341182231632],[-122.99352981643084,38.44324798689754],[-122.99343704215758,38.443184821434876],[-122.99327814154056,38.44312560381362],[-122.99306495810407,38.44309402108229],[-122.99240665554787,38.44303184257998],[-122.99177993572303,38.44300716857112],[-122.9913742950175,38.44301111641253],[-122.99116900726384,38.44302592081785],[-122.99101997625036,38.44302197297643],[-122.99064591827616,38.442928211742796],[-122.98969547545515,38.442555140728935],[-122.98951288778964,38.442495923107685],[-122.98930661307566,38.44242387500185],[-122.98912698629121,38.44238439658768],[-122.98882004162108,38.442378474825546],[-122.98840946611377,38.442393279230856],[-122.98818049131161,38.44243275764504],[-122.98799198188398,38.442491975266286],[-122.98763963703757,38.44266074548685],[-122.98729124003256,38.4428749158837],[-122.98681256426082,38.44315817350533],[-122.98653424144096,38.4433052305981],[-122.98620953148448,38.44343649632519],[-122.98595094787173,38.44351249227246],[-122.98571111650568,38.44352532275707],[-122.98503800954417,38.44352137491566],[-122.98438760267081,38.44347400081866],[-122.98396320971857,38.44344833984944],[-122.98375792196488,38.44345031377015],[-122.98356941253728,38.44348683130325],[-122.98338090310963,38.44359638390256],[-122.98324272866007,38.4437158061054],[-122.98301375385793,38.4440730857536],[-122.98279366169896,38.44439286090836],[-122.98248276918743,38.444979115358684],[-122.98220740724865,38.44540745615238],[-122.98196954980331,38.44571538778287],[-122.98180867526561,38.44587626232058],[-122.98162510063975,38.445983840999176],[-122.98140500848078,38.44606575870857],[-122.98122044689454,38.446115106726275],[-122.98100035473557,38.446115106726275],[-122.98079802786297,38.446044045580784],[-122.9806450490081,38.445957193069624],[-122.9804535786994,38.44577263148341],[-122.98015156883105,38.44537093861928],[-122.97991173746502,38.44503043729712],[-122.97975036944713,38.44485919967568],[-122.97953817297096,38.44471757086487],[-122.97921543693518,38.44455570936679],[-122.97840316856372,38.444186586194355],[-122.97815544151483,38.44408789015895],[-122.97744384309952,38.44379871077518],[-122.97671151851677,38.44353223147958],[-122.97647958283355,38.44340886143531],[-122.97578081490286,38.44291143341683],[-122.97569988415385,38.44273674143415],[-122.97569001455031,38.442611397469186],[-122.97576798441828,38.44239722707234],[-122.97590615886786,38.44206363447264],[-122.97599103745833,38.4417981421374],[-122.9760344637139,38.441535117203024],[-122.97606111164346,38.44110184160756],[-122.9760818378109,38.44076627508718],[-122.97604137243641,38.44023331649595],[-122.97597327217198,38.439974732883165],[-122.97588641966084,38.43987801076847],[-122.97570777983675,38.43973687543783],[-122.97542550917547,38.43958488354329],[-122.97501986846993,38.4393717001068],[-122.9748698504961,38.43921970821227],[-122.97442670529713,38.43851797940051],[-122.97402205155196,38.437986007769645],[-122.97360456732218,38.43744614045595],[-122.97352561049384,38.437264539750785],[-122.97344566670516,38.43697042556525],[-122.9733953317271,38.43667729834008],[-122.97331440097807,38.43634962750251],[-122.97307654353271,38.43577324265573],[-122.97282486864242,38.43530344952716],[-122.97249028908237,38.43473101252178],[-122.9722465098749,38.43441419824813],[-122.97196029137218,38.43411712318154],[-122.97161584220862,38.43381511331319],[-122.97126251040186,38.43355652970039],[-122.9710424182429,38.43341539436977],[-122.970791730313,38.43331423093348],[-122.97027949788921,38.43319628917117],[-122.96990543991498,38.43313312370849],[-122.96951114925353,38.43309413877452],[-122.96866729815079,38.43306551692425],[-122.96824389215887,38.43301518194619],[-122.96807314801761,38.433010247144416],[-122.96776719030784,38.432900694545104],[-122.96740201497681,38.432697380712156],[-122.96686412158384,38.43229470088768],[-122.96658777268469,38.432119021944644],[-122.96599263559118,38.43179332502778],[-122.9656866778814,38.431601854719084],[-122.96510930607425,38.43116561824256],[-122.96486256598573,38.43104323515865],[-122.96454969955346,38.430819195158264],[-122.96412234572013,38.43057442899045],[-122.96399601479482,38.430513237448494],[-122.96373249638026,38.430455993747955],[-122.9635726088029,38.43037506299892],[-122.96334363400074,38.430160892602075],[-122.96325579452923,38.43012338810862],[-122.96315512457312,38.43012042722756],[-122.9630514937359,38.43015299691924],[-122.96274356210546,38.430345454188284],[-122.96266164439606,38.4303602585936],[-122.962547156995,38.43034841506936],[-122.96240306078329,38.43026847128068],[-122.96200827664164,38.42997731797622],[-122.96186220650924,38.42983815656629],[-122.96168060580406,38.4296269470505],[-122.96154243135452,38.429389089605166],[-122.9613815568168,38.429196632336115],[-122.9613450392837,38.429090040617886],[-122.96131937831449,38.42885909189501],[-122.96130111954793,38.428733747930046],[-122.96121426703674,38.42863653233517],[-122.96112642756522,38.42857632775357],[-122.96062011690356,38.428379922643096],[-122.9604404901191,38.428280239647336],[-122.96007728870879,38.42801376035172],[-122.9597762658008,38.427753202818224],[-122.95968151760681,38.427642663258574],[-122.95959762597671,38.42747981480015],[-122.95957887372998,38.427398884051115],[-122.95959663901635,38.427298214094996],[-122.95972099602098,38.42711562642949],[-122.9599489838628,38.42687776898415],[-122.96004570597754,38.42674847717776],[-122.9601108453609,38.42661227664889],[-122.96013749329046,38.42642968898338],[-122.9601365063301,38.426182948894855],[-122.96002497981009,38.425855278057284],[-122.95987594879661,38.42559965532558],[-122.95975257875233,38.42545062431209],[-122.95964598703408,38.42535785003881],[-122.95950189082238,38.42527593232941],[-122.95903209769381,38.42512295347453],[-122.9588751709975,38.425089396822486],[-122.95826128165727,38.425065709773996],[-122.957867484476,38.4250203095977],[-122.95763061399101,38.42491865268123],[-122.95741841751486,38.4248031783198],[-122.9572002992766,38.42464921250455],[-122.95704830738205,38.42450511629284],[-122.95690125028928,38.42431068510309],[-122.95661897962802,38.42409157990448],[-122.9565114009494,38.424033349243594],[-122.9561886649136,38.423921822723585],[-122.95580572429621,38.42377673955153],[-122.95544153592556,38.42359316492566],[-122.95523328729085,38.423474729683164],[-122.95513163037438,38.423361229242445],[-122.9550684649117,38.42331780298685],[-122.95481185521965,38.4232418070396],[-122.95468552429433,38.423152980607725],[-122.95458189345715,38.423064154175854],[-122.95448418438208,38.42292203188486],[-122.95441114931587,38.42275819646608],[-122.9540321565399,38.4223683471262],[-122.95394530402875,38.42222918571627],[-122.95386930808148,38.42204659805076],[-122.95382390790519,38.42184229725746],[-122.95381009046022,38.42171596633214],[-122.95362947671545,38.4215294308252],[-122.95343800640676,38.421403099899884],[-122.95318633151646,38.42129058641951],[-122.95301262649414,38.421193864304804],[-122.95285076499607,38.421047794172395],[-122.95275009503995,38.42088988051574],[-122.95265929468736,38.42068656668279],[-122.95252112023778,38.42036086976593],[-122.952357284819,38.420047016373324],[-122.95225957574398,38.41987824615277],[-122.95196743547916,38.419560444918744],[-122.95186084376093,38.41936009196686],[-122.95178583477401,38.41913605196648],[-122.95172661715277,38.41879456368395],[-122.95167924305579,38.41853400615047],[-122.9515914035843,38.418255683330614],[-122.95127952411241,38.41755000667743],[-122.95124498050002,38.41741578006928],[-122.95123313697577,38.417236153284826],[-122.95124201961896,38.417119691963045],[-122.95129235459702,38.417017048086215],[-122.95140980287916,38.416911443328324],[-122.95175425204275,38.4167742558391],[-122.95181643054505,38.41676537319592],[-122.95184209151425,38.416201818833734],[-122.95183123495035,38.415814930374914],[-122.9517917565362,38.41563135574905],[-122.9516476603245,38.41532539803928],[-122.95157956006007,38.41506484050579],[-122.95146408569862,38.414457859888],[-122.95137624622716,38.41391305777256],[-122.95135354613899,38.413357399093194],[-122.9513407156544,38.412760288078964],[-122.95125781098466,38.41256585688921],[-122.95107719723985,38.41233688208705],[-122.95053535600545,38.41177826252663],[-122.95030440728257,38.411503887548186],[-122.94977144869134,38.410854467635176],[-122.94850024375528,38.40904833018714],[-122.94834726490036,38.408805537940026],[-122.94822290789574,38.40856077177221],[-122.94816467723483,38.408243957498534],[-122.94812914666211,38.408017943577455],[-122.94803341150774,38.407114874853434],[-122.94790806754278,38.40630063256129],[-122.94786168040613,38.405873278727974],[-122.94767021009743,38.40471656119294],[-122.94759520111056,38.40425268982651],[-122.94751821820293,38.404088854407725],[-122.94736820022912,38.40391712330611],[-122.94715106895121,38.403751313966616],[-122.94700894666025,38.403660513614035],[-122.94671285855402,38.40353813053012],[-122.94603185590968,38.403214407533966],[-122.94589762930153,38.40317690304051],[-122.94576142877266,38.40315913775413],[-122.9455798280675,38.403107815815716],[-122.94527781819914,38.403066363480846],[-122.9447843380221,38.4030564938773],[-122.94457905026846,38.40301898938387],[-122.94435402330772,38.402943980396955],[-122.94411517890204,38.402835414758],[-122.94392963035546,38.40269921422914],[-122.94355063757946,38.4022827169597],[-122.94339469784356,38.40208927273029],[-122.94326836691823,38.40189780242159],[-122.94304728779892,38.4016135578396],[-122.94289924374583,38.40151091396277],[-122.94259723387746,38.40136879167177],[-122.94219652797369,38.401242460746445],[-122.94204848392059,38.40114179079032],[-122.94191425731243,38.40096512488693],[-122.94173660444869,38.40076773281611],[-122.94143854242176,38.40029596576684],[-122.94132701590175,38.4001444673525],[-122.94097022973375,38.399755604972974],[-122.94071707440291,38.39951873448798],[-122.94058284779472,38.39934799034671],[-122.94049994312499,38.39917329836403],[-122.94048217783862,38.39905091528012],[-122.94052363017352,38.39846071298837],[-122.94056310858767,38.3980382939568],[-122.94056310858768,38.397786619066494],[-122.94045750382982,38.397335578184666],[-122.94036275563583,38.397025672633475],[-122.94034104250805,38.396759193337864],[-122.94026800744184,38.3965993057605],[-122.94004692832253,38.39632493078207],[-122.93962056144956,38.395801841794395],[-122.93945080426866,38.3955412842609],[-122.9392692035635,38.39522150910617],[-122.93914484655888,38.39508826945837],[-122.9388675106994,38.39486817729941],[-122.93851812673404,38.394670785228584],[-122.9383463956324,38.394552349986085],[-122.9382299343106,38.394416149457214],[-122.93815689924442,38.39426218364199],[-122.93809175986105,38.3940361697209],[-122.93801477695342,38.39366902046917],[-122.93794963757006,38.393556506988794],[-122.93784896761395,38.39344794134984],[-122.9377167149265,38.393351219235136],[-122.93753314030063,38.39325054927902],[-122.93727653060854,38.39315580108503],[-122.93703571228214,38.39308473993953],[-122.93663500637835,38.392970252538454],[-122.93630338769937,38.39290313923438],[-122.9360842825008,38.392855765137384],[-122.93585530769866,38.39277680830906],[-122.93555823263206,38.39264751650267],[-122.93501935227874,38.39231392390299],[-122.93473905553816,38.392134297118545],[-122.93437980196927,38.39194677465126],[-122.93401660055895,38.39171779984912],[-122.93351325077838,38.391368415883754],[-122.93317965817869,38.39117497165435],[-122.9328006654027,38.3909499446936],[-122.93261610381647,38.390806835442255],[-122.93253221218637,38.39069037412045],[-122.93246608584263,38.390522590860265],[-122.93235752020368,38.39015938944995],[-122.93231212002739,38.38982184900884],[-122.9320772234631,38.38875593182641],[-122.93203971896965,38.38849932213434],[-122.93203577112824,38.38820915579023],[-122.93211472795656,38.38790517200116],[-122.93220750222984,38.38774331050308],[-122.93251888822155,38.38737073296942],[-122.93259981897062,38.38721084539205],[-122.93277056311187,38.3867884263605],[-122.93288702443368,38.386659134554115],[-122.9332867433771,38.386365020368586],[-122.9334713049633,38.38620611975157],[-122.93362921861998,38.386000831997904],[-122.93390655447949,38.38571757437629],[-122.93407038989828,38.38549649525696],[-122.93423422531706,38.385210276754265],[-122.93436055624238,38.384963536665744],[-122.93443753915,38.38476614459494],[-122.9345105742162,38.384487821775075],[-122.93462900945867,38.38401802864652],[-122.93487969738865,38.383362686971395],[-122.93502379360035,38.383036990054535],[-122.93509485474586,38.38283959798371],[-122.93510077650798,38.38273300626547],[-122.93501589791752,38.38260864926085],[-122.93487772346795,38.382532653313575],[-122.9344247086654,38.382309600273516],[-122.93389865879665,38.38202930353295],[-122.93330845650488,38.38167794564689],[-122.93291564628402,38.38144304908262],[-122.93279918496222,38.381352248730046],[-122.93270048892681,38.38122394388401],[-122.93251296645956,38.38106010846522],[-122.93224253932249,38.38090219480856],[-122.93182209421168,38.38072158106377],[-122.93164246742722,38.38059327621773],[-122.93153192786758,38.38050346282551],[-122.93131775747074,38.380394897186555],[-122.93107200434254,38.38028238370618],[-122.93074630742572,38.380182700710414],[-122.93037126249115,38.38009288731819],[-122.93005630189431,38.38003384942791],[-122.92962512046344,38.379973465115356],[-122.92948412835766,38.37994607533155],[-122.92919579270941,38.37984614722968],[-122.92901616592496,38.379739555511435],[-122.92868059940457,38.37953426775778],[-122.92838747217941,38.37936944537865],[-122.92781503517406,38.37902104837366],[-122.92718041966637,38.37865093824086],[-122.92685077490813,38.37846538969429],[-122.92655764768297,38.37826997154418],[-122.92628228574418,38.37804099674202],[-122.92603357173496,38.37762548643294],[-122.92577104028076,38.37714286281978],[-122.92559338741702,38.37678163533018],[-122.92549370442126,38.37663359127706],[-122.92538415182193,38.37653983004342],[-122.9252578208966,38.37646087321509],[-122.92487488027923,38.376327633567286],[-122.92348622706098,38.37582132290563],[-122.92191498617724,38.375254807662365],[-122.92161001542785,38.37513735938022],[-122.92127444890744,38.3750603764726],[-122.92075333384047,38.37503274158268],[-122.92003285278197,38.375054454710465],[-122.91988678264956,38.37503274158268],[-122.91976637348635,38.37497944572356],[-122.91969728626157,38.3749182541816],[-122.91968346881667,38.37483732343256],[-122.91800168837327,38.37330654792332],[-122.91776481788827,38.373139751623484],[-122.9175210386808,38.37310224713003],[-122.91730982916503,38.373051912151965],[-122.91695945823932,38.37289597241601],[-122.91679167497912,38.372773589332105],[-122.91667718757807,38.372645284486076],[-122.9164768346262,38.37236794862656],[-122.91632780361272,38.37220707408885],[-122.91621035533056,38.37214489558653],[-122.91607859612334,38.37215180430902],[-122.91561373779653,38.37226283734886],[-122.91507288352248,38.37238522043277],[-122.91484193479963,38.37241779012445],[-122.91436819382965,38.372421737965865],[-122.91399413585545,38.37245628157825],[-122.9138599092473,38.37249773391313],[-122.91366646501791,38.372595442988185],[-122.91274267012645,38.37290386809886],[-122.91205278483898,38.373080534002234],[-122.9108200713567,38.373349974178915],[-122.91020716897683,38.37352170528053],[-122.910009776906,38.3736105317124],[-122.90981139787485,38.37377140625013],[-122.909455105187,38.37413164677938],[-122.90923797390911,38.37431818228631],[-122.9090622949661,38.37444451321163],[-122.90890438130944,38.37451853523819],[-122.90877706342376,38.37456294845413],[-122.9086082932032,38.37459847902687],[-122.90838425320281,38.37461229647183],[-122.90787103381867,38.37461624431326],[-122.90743874518355,38.37468730545876],[-122.90719200509506,38.374746523080006],[-122.9068120253587,38.37484916695683],[-122.9059237610401,38.37505938951228],[-122.90572242112786,38.375156111626985],[-122.90516676244849,38.375494639028446],[-122.9050068748711,38.375583465460316],[-122.90469104755778,38.375789740174326],[-122.90446207275562,38.375889423170086],[-122.90382252244618,38.376197354800595],[-122.90348695592576,38.37634638581406],[-122.90224832068134,38.37692277066085],[-122.90172424473333,38.377139901938776],[-122.90106692913749,38.377304724317895],[-122.90083449997412,38.377393550749765],[-122.9004377419118,38.37763140819511],[-122.90018113221973,38.377836695948766],[-122.89968863900303,38.37813870581712],[-122.89931458102882,38.378381498064236],[-122.89933629415661,38.378201871279785],[-122.89945867724052,38.377803139296724],[-122.89951592094106,38.37770641718202],[-122.89972713045682,38.37758995586024],[-122.8998179308094,38.37750310334908],[-122.8998633309857,38.37741427691721],[-122.89991958772593,38.37693560114546],[-122.90000940111815,38.37672340466933],[-122.90002025768203,38.376575360616215],[-122.89999854455425,38.3760917500427],[-122.8999827531886,38.37491529330061],[-122.90000940111817,38.374845219115485],[-122.89987517451,38.37081348606893],[-122.89988307019286,38.370692089945386],[-122.89999558367323,38.370467062984645],[-122.90008046226367,38.3703841583149],[-122.90020580622866,38.37028250139842],[-122.90026897169132,38.3701926880062],[-122.90029167177946,38.37009399197079],[-122.90028969785875,38.3699498957591],[-122.90025021944459,38.36981961699235],[-122.90015547125059,38.36966959901852],[-122.90008441010507,38.36951365928257],[-122.90006763177911,38.36937943267441],[-122.89992649644847,38.36890075690267],[-122.89982385257166,38.368450702981185],[-122.89976858279182,38.368044075315304],[-122.89969061292385,38.367721339279505],[-122.89966297803394,38.36754368641575],[-122.89955243847429,38.36715087619482],[-122.89946953380455,38.36700579302277],[-122.89939353785728,38.36694756236188],[-122.89926029820947,38.36691795355125],[-122.89911176067618,38.36692732967461],[-122.89891634252605,38.36693966667904],[-122.89835969688633,38.36698506685532],[-122.89798169107071,38.36706106280259],[-122.89770139433016,38.367128176106654],[-122.89713586604726,38.36728312888225],[-122.89694439573856,38.367364059631285],[-122.89681707785289,38.3674045250058],[-122.89670653829322,38.36743117293537],[-122.89655355943833,38.36744597734068],[-122.89631471503264,38.367452886063155],[-122.89607784454766,38.367434133816424],[-122.89576497811544,38.367379850996954],[-122.89529814586794,38.367275233199415],[-122.89503364049305,38.36719627637109],[-122.89452930375208,38.36708080200966],[-122.89428355062395,38.36699888430028],[-122.89403681053543,38.36688735778027],[-122.8938502750285,38.36677583126025],[-122.89356504348619,38.36666035689883],[-122.89327783802315,38.36649553451969],[-122.89301037176718,38.36637611231684],[-122.89262644418943,38.36630702509204],[-122.89238365194232,38.366253729232916],[-122.89204018973909,38.36621622473946],[-122.89144702656627,38.36615108535609],[-122.8910502685039,38.366142202712886],[-122.89067324964866,38.36608397205199],[-122.89034853969213,38.36605337628103],[-122.89001198621139,38.36598428905624],[-122.88973168947084,38.3658885539019],[-122.8892125483246,38.36574149680914],[-122.88840718867563,38.36555890914364],[-122.88779231237503,38.36540987813018],[-122.88743601968719,38.36526380799776],[-122.8871991492022,38.365192746852266],[-122.88686950444394,38.36510688130145],[-122.88646978550051,38.36502101575064],[-122.8859496573939,38.364951928525855],[-122.88555783413332,38.364899619627096],[-122.8851630499917,38.364787106146736],[-122.88480083554174,38.36465485345927],[-122.88457383466029,38.36453839213749],[-122.88436755994628,38.3643854132826],[-122.8840142281395,38.36428276940577],[-122.88367767465876,38.36428474332648],[-122.88341909104598,38.36433113046312],[-122.88283086267492,38.364378504560115],[-122.88214986003061,38.36450088764404],[-122.88155768381817,38.36454135301856],[-122.88115500399368,38.36449792676298],[-122.88102077738553,38.364462396190234],[-122.88061020187821,38.3644071264104],[-122.88039504452102,38.364355804471984],[-122.88008513896985,38.364312378216404],[-122.87937452751488,38.364164334163284],[-122.87908238725005,38.364052807643276],[-122.8788336732408,38.363976811696006],[-122.87843296733705,38.36381396323758],[-122.87799771782089,38.363665919184456],[-122.87760885544135,38.36356031442659],[-122.87739961984629,38.36353761433844],[-122.87705714460344,38.3635386012988],[-122.876688021431,38.36358005363368],[-122.87609683217889,38.36361854508749],[-122.87609683217889,38.36366197134308],[-122.87596161861038,38.363658023501664],[-122.87595076204654,38.36320994350089],[-122.87584614424902,38.36236905327919],[-122.87575534389647,38.361997956186045],[-122.87561322160549,38.36161106772723],[-122.87530134213358,38.36099717838697],[-122.87277669754778,38.35645518683733],[-122.87210359058625,38.3552042145885],[-122.87160221472632,38.35421922815509],[-122.86937119084588,38.349619005944554],[-122.86926311868716,38.349405822508096],[-122.86914468344466,38.34928047854313],[-122.86888906071295,38.34917487378524],[-122.86846368080035,38.34906038638417],[-122.86778267815602,38.34884818990802],[-122.86700297947628,38.348621189026574],[-122.86683026141432,38.34851361034798],[-122.86642264678805,38.34818890039148],[-122.86618084150132,38.34796979519287],[-122.86595285365952,38.34770627677833],[-122.86541496026653,38.34709238743807],[-122.86502017612489,38.3467173425035],[-122.86475073594826,38.346505146027376],[-122.8644576087231,38.346344271489656],[-122.86391280660764,38.34631663659975],[-122.86333247391946,38.34626334074063],[-122.8619699751506,38.346171059947515],[-122.86122037876164,38.34610394664344],[-122.86024624889214,38.34598107007937],[-122.85955735056496,38.34586510223777],[-122.85903968985923,38.345775288845545],[-122.85880578025531,38.345738277832275],[-122.85866365796431,38.345738277832275],[-122.85855163796413,38.34576245836095],[-122.85812428413078,38.345879906643084],[-122.8577941458924,38.34596725263444],[-122.8575187839536,38.346010678890025],[-122.85729178307214,38.346037326819584],[-122.85698878624342,38.34604522250242],[-122.85681409426074,38.34603041809711],[-122.85662163699169,38.34598995272258],[-122.85648741038352,38.345931722061685],[-122.85640351875347,38.34586066091621],[-122.85635022289433,38.345754069197966],[-122.8562436311761,38.34538297210482],[-122.85618540051522,38.34530006743507],[-122.85608078271767,38.34523887589311],[-122.8559317517042,38.345191501796116],[-122.85570475082277,38.345162879945846],[-122.85536819734209,38.3451530103423],[-122.85283664403376,38.34497831835963],[-122.85058785486686,38.34482780690563],[-122.84558544631213,38.344444372808056],[-122.84519362305151,38.34439206390929],[-122.84461230340298,38.34430225051705],[-122.84393130075864,38.34420750232306],[-122.84346150763008,38.34414828470182],[-122.84228407135835,38.34397995128596],[-122.84192777123978,38.343883779326916],[-122.84117866833104,38.34362322179343],[-122.84057859643575,38.3433873382688],[-122.83999431590611,38.3431721809116],[-122.83939819185227,38.34298268452361],[-122.83906065141116,38.34289089721068],[-122.83857901475837,38.342749761880064],[-122.83794143836963,38.3425938221441],[-122.8376433763427,38.342545461086765],[-122.83684393845586,38.34236583430231],[-122.83661891149515,38.34228983835506],[-122.83629420153864,38.34216153350902],[-122.83599811343241,38.341982893684936],[-122.83567840797534,38.34171368794454],[-122.83532155210969,38.34133594117283],[-122.83449201193204,38.34028828275693],[-122.83356426919916,38.33909356724827],[-122.83334960532213,38.33878612909796],[-122.83327360937487,38.33863315024307],[-122.83320254822938,38.338423914648004],[-122.83314826540995,38.33821369209258],[-122.83311865659931,38.33777350777465],[-122.82642949498394,38.33163950372116],[-122.81494276863958,38.32619689806439],[-122.79608280507946,38.33296765835106],[-122.7883060153727,38.329625232779236],[-122.77886783685835,38.32115405023662],[-122.77809750090331,38.31424728354509],[-122.76406287472643,38.30971201892399],[-122.75264414067873,38.30575999325424],[-122.73860586728935,38.30055855944975],[-122.73464025293332,38.31082512485697],[-122.73350530001142,38.310176575462116],[-122.73025786675936,38.30846183332387],[-122.72507109698603,38.30581346440872],[-122.71729265611236,38.301855691280565],[-122.71347637112903,38.30977895402445],[-122.71418729565,38.310823762161135],[-122.71486883883858,38.31228103083273],[-122.71517222080557,38.313368305652794],[-122.71526805899992,38.31450846420138],[-122.71516526685046,38.31582125347668],[-122.7150023224253,38.31672854932837],[-122.71465465562977,38.31807288025883],[-122.71369059347663,38.32184390871744],[-122.71344125422817,38.32267195696763],[-122.71306909807662,38.324394543935334],[-122.71295982207947,38.32548597286412],[-122.71290047087993,38.32727029503889],[-122.71307317708637,38.34548751790795],[-122.71321295521483,38.36097717518353],[-122.71315414559055,38.36179079538053],[-122.71287211783024,38.363238166592076],[-122.71226502209915,38.36683545268132],[-122.71220826865317,38.367612743739855],[-122.71225578190986,38.368185750801885],[-122.71246803186102,38.36888800939343],[-122.71290950628243,38.36983157704022],[-122.71309904221597,38.37043706600269],[-122.71333924610443,38.370973875165376],[-122.71341780298808,38.37118479738844],[-122.71343374158671,38.37144422299192],[-122.71340870864643,38.37483505795922],[-122.71344329616127,38.38695911079886],[-122.71340540554213,38.40183754227035],[-122.71344925647364,38.41861241000909],[-122.71351426711695,38.426313087366836],[-122.71350403622469,38.42675074975853],[-122.71330460836606,38.42721057698497],[-122.7129225237528,38.42792140425863],[-122.71106399551178,38.43017222905954],[-122.71108395057999,38.43035744413999],[-122.71126955884814,38.43133648107556],[-122.71235695754692,38.4366166683091],[-122.7125211611816,38.43730786551403],[-122.71255376959955,38.43800807442852],[-122.71256954562307,38.4384215505021],[-122.71261852941996,38.4385578416095],[-122.71596619362924,38.44308654570855],[-122.71769675662205,38.44541106960621],[-122.71771266994037,38.445895948643255],[-122.7171390595591,38.4584569023129],[-122.71695648024931,38.46102960458778],[-122.71783117111005,38.46242120976455],[-122.72105059620786,38.46818563813758],[-122.72129587889624,38.46857060190119],[-122.72272719264043,38.47041981277641],[-122.72213704919209,38.497303884947634],[-122.72195387852861,38.50714337661219],[-122.72146656701175,38.50721751876562],[-122.72067031889091,38.507384260371815],[-122.71976659993838,38.50773575798587],[-122.71913691914948,38.50826379513399],[-122.71853986417213,38.50894601209065],[-122.71838822643335,38.50935853962536],[-122.71835398818796,38.509660019161466],[-122.71869656075452,38.51034215079625],[-122.7194562288886,38.5113936299793],[-122.7194562288886,38.512038015300824],[-122.7188859106156,38.51320172291643],[-122.71857998905554,38.51382649943503],[-122.7186159935236,38.51448563318948],[-122.72013835190675,38.516730239474235],[-122.7203803375156,38.517146479209174],[-122.7204192260907,38.5174548745626],[-122.72040447765775,38.517811878098],[-122.71956836270812,38.51922806403181],[-122.71839411307135,38.52099410513439],[-122.71838348505379,38.52186622455208],[-122.71897060987217,38.52319034570496],[-122.7193636178756,38.524610119015826],[-122.71986092002292,38.525381697494566],[-122.72021079114297,38.52588712125011],[-122.72074836639842,38.52652831148073],[-122.72144812571975,38.52747954882638],[-122.72222484584462,38.52832633078279],[-122.72297207717297,38.52849592928391],[-122.7237579498067,38.5287432700165],[-122.7244718393162,38.52916895333462],[-122.72490187012833,38.529595209204516],[-122.72523841992022,38.53010152488787],[-122.72556171877068,38.530733823788026],[-122.72575935247698,38.531338741347156],[-122.72571159028683,38.53179247314811],[-122.72549559148435,38.53262805384179],[-122.72543936110047,38.53284366712712],[-122.72518172597161,38.53383155930712],[-122.72525546813627,38.53451207043174],[-122.72556659201385,38.535558891490936],[-122.72566066440982,38.53613021319978],[-122.72552395602398,38.53643823968786],[-122.72526211668571,38.536760139530884],[-122.72473443675013,38.53718659351513],[-122.7239464318562,38.537633780659185],[-122.7225936950093,38.53828888969191],[-122.7217377933379,38.53882321924578],[-122.72090262893688,38.53990151872354],[-122.72033540977404,38.541021107561676],[-122.72025872655703,38.542430227305104],[-122.72025071963328,38.54269971656943],[-122.72034358833777,38.54319196625515],[-122.72058799034865,38.54375860561636],[-122.72056802204244,38.54476964671898],[-122.72047537054317,38.545665072424185],[-122.72048798286096,38.54651673901408],[-122.72049861683831,38.54731252665973],[-122.72057439086787,38.54820425635702],[-122.72061243082636,38.5485698783483],[-122.72041238876297,38.54914591520677],[-122.72019494558963,38.549370954437016],[-122.71967691574741,38.54971289364594],[-122.71873398098704,38.54977308097107],[-122.71678792414114,38.54955239411226],[-122.71605482982673,38.54955973549673],[-122.71514931152308,38.54969163761083],[-122.71411961939367,38.54985333073791],[-122.71353578788832,38.54983813631308],[-122.71261334062476,38.54958090953212],[-122.71078925406977,38.54889033353582],[-122.71027589021708,38.54864715986328],[-122.70987033164289,38.548520472751335],[-122.70963596191315,38.54851849973362],[-122.70907494836068,38.548704426041894],[-122.7084592607416,38.54896065858992],[-122.70800874305374,38.54919280642128],[-122.70757402062,38.54946243796374],[-122.70602099162907,38.55013982029589],[-122.7052823938915,38.550535467581525],[-122.7029248389178,38.55108774004095],[-122.70195698007666,38.55142085371783],[-122.70137788439473,38.55181792280666],[-122.70008799765088,38.55263798448652],[-122.69946917350889,38.553007107658956],[-122.69875757509355,38.55344531805618],[-122.69747946143507,38.554232912418776],[-122.69733418809594,38.55434891195184],[-122.697128103549,38.55457736158236],[-122.69683892416526,38.55483890607619],[-122.69654382301938,38.55513499418243],[-122.69629806989123,38.555420225724774],[-122.69618358249015,38.555584061143556],[-122.69589539006675,38.55590087541724],[-122.69575425473609,38.556029180263266],[-122.69566049350244,38.55614070678328],[-122.69549369720261,38.55629664651923],[-122.69528544856792,38.55644666449305],[-122.69481036057655,38.55671376761534],[-122.69488488493602,38.55696626059441],[-122.69483816817336,38.55716869989921],[-122.69441660500567,38.557533535569384],[-122.69418302119244,38.55769259502314],[-122.69383598238421,38.55788279898535],[-122.69330652574087,38.55823317470519],[-122.69286939031895,38.55862025645285],[-122.69261244812442,38.55901067511212],[-122.69243225489704,38.55921311441691],[-122.69230767686335,38.559274291129896],[-122.6921675265754,38.55928875108024],[-122.69185496918719,38.559297649511215],[-122.69176376026965,38.55934659088161],[-122.69168701130243,38.55942667676044],[-122.69152413886752,38.55978415677831],[-122.69131550180897,38.56003844389033],[-122.69116700924197,38.560208070230885],[-122.69108136184384,38.56036379277305],[-122.69098236679916,38.56077645750975],[-122.69098792831855,38.56115352852255],[-122.69105244194313,38.56129812802599],[-122.69122818595498,38.56149389350754],[-122.69172093657049,38.561958836526266],[-122.69178989941054,38.56206116848253],[-122.69187443450485,38.56222467715179],[-122.69219589032402,38.562622881938154],[-122.69222759098439,38.562691288626304],[-122.69221980485729,38.56276080761834],[-122.69214861740942,38.56283255121813],[-122.69137222930637,38.563327526441405],[-122.69122540519521,38.563372018596304],[-122.69107079495693,38.5633703501405],[-122.6908817032986,38.56334921636692],[-122.6907682483036,38.56334921636692],[-122.69068302164902,38.56338229184559],[-122.69045457861151,38.563690693655786],[-122.69023323014083,38.56392983898839],[-122.6901264489691,38.564003251043985],[-122.68997183873081,38.56406109084536],[-122.68986950677451,38.564078887707325],[-122.68974270413305,38.564077775403454],[-122.68964678800494,38.56405475467624],[-122.68929778258405,38.56391371058225],[-122.6890397280856,38.56381805244922],[-122.68891848696352,38.56380248019501],[-122.68878834741044,38.56381805244922],[-122.68850026070741,38.563905924455156],[-122.68810984204815,38.564074994643796],[-122.68791296426271,38.56412004295063],[-122.68754034246535,38.56415341206681],[-122.687194415961,38.56415452437068],[-122.68691967690447,38.564137839812595],[-122.68675060671583,38.56409112304993],[-122.68626675453127,38.56383863007087],[-122.686085449,38.5637718918385],[-122.68577845313118,38.56371738894875],[-122.68551928632886,38.56369847978294],[-122.68509911354097,38.56369959208682],[-122.68473205326303,38.563679570617126],[-122.68441504665937,38.56370626591006],[-122.68412139843706,38.5638019240431],[-122.6839334190826,38.56391649134195],[-122.6837587873746,38.564064427756996],[-122.68372430595451,38.564161198193894],[-122.68372764286617,38.564449284896874],[-122.68379326879462,38.56471568167435],[-122.68390783609352,38.56497484847664],[-122.6839656758949,38.56515281709624],[-122.68399348349169,38.56528406895321],[-122.68401128035362,38.56547649752316],[-122.68401517341718,38.565943665149625],[-122.68406522709142,38.56632963459339],[-122.68418090669418,38.56680013913147],[-122.68418090669418,38.56707265358025],[-122.68412640380441,38.56725507141533],[-122.6839509378685,38.56750200287502],[-122.68369662001588,38.56771999705425],[-122.6833551427271,38.567896853369916],[-122.68274226329349,38.5681293248792],[-122.6824986687455,38.56821385997349],[-122.68239578063731,38.56826891901516],[-122.68228232564235,38.568446887634686],[-122.68220891358673,38.568653776154896],[-122.68214217535441,38.569016387217225],[-122.68204540491756,38.56924107259941],[-122.68191137230092,38.56941069893988],[-122.68140158084397,38.56976234338034],[-122.68126921668355,38.56981406551026],[-122.68083319356674,38.569952547342],[-122.6806730218096,38.57002484709353],[-122.68056401603037,38.570122173682094],[-122.68046112792244,38.570238409436456],[-122.68029845348156,38.57034101946842],[-122.68013438866083,38.57039830311769],[-122.67970726397503,38.570394966206095],[-122.67943363722314,38.57036048478614],[-122.67892420205095,38.57032266645459],[-122.67861178370163,38.570311056782955],[-122.67843307418472,38.57028289781645],[-122.67825695876725,38.57017535571087],[-122.67818773771702,38.57003194309697],[-122.67810902235264,38.56985723680422],[-122.67804005951274,38.56976380327919],[-122.67794551368387,38.5696948404393],[-122.67784095712013,38.56965257289227],[-122.67775308511445,38.569634776030355],[-122.67763963011974,38.56966091517129],[-122.67754953350634,38.569739888746014],[-122.67738658098949,38.5700507776775],[-122.67723641996712,38.57021206173858],[-122.67714826988546,38.57026795500802],[-122.67692636526351,38.5703396986076],[-122.67682737021914,38.570411998359106],[-122.67638801019072,38.57098928406734],[-122.67621560309098,38.57124956317278],[-122.67610882191948,38.57135634434424],[-122.67592306717331,38.571448665565406],[-122.67577179384708,38.57149427002404],[-122.67550817783004,38.5714953823279],[-122.67533298997061,38.57147563893422],[-122.67511831532384,38.57136997006662],[-122.67499151268272,38.57135106090079],[-122.67470565058827,38.57136774545886],[-122.6745521526543,38.57139777766332],[-122.67425071830569,38.57151234496187],[-122.67403270674728,38.57163080532396],[-122.67388032111717,38.57174426031863],[-122.67375351847603,38.571881073694584],[-122.67373460931022,38.57196004726931],[-122.67373460931022,38.57209018682203],[-122.67379078065562,38.57220920333607],[-122.67403159444342,38.57244723636411],[-122.67415061095743,38.57263966493355],[-122.67463112622904,38.57384429002414],[-122.6747367950966,38.57396775575368],[-122.67490586528476,38.57408009844449],[-122.67525067948432,38.5742469440249],[-122.67539082977184,38.57433815294219],[-122.6754953863356,38.57448942626843],[-122.67551429550136,38.57459509513604],[-122.67548871251238,38.574720785473275],[-122.67535301144031,38.57488206953435],[-122.67512276453935,38.57510564261211],[-122.67492588675444,38.57533144029759],[-122.67483022862169,38.57550829661282],[-122.67473790740056,38.57580639404984],[-122.67461221706334,38.575973239630265],[-122.67441978849394,38.576160106680334],[-122.67403826826671,38.576405925835495],[-122.67391980790462,38.57652049313405],[-122.67391758329686,38.576640621951945],[-122.67396207545166,38.576777435327884],[-122.67402770137994,38.57687754267613],[-122.67412224720886,38.57693427017346],[-122.67423792681127,38.57695206703537],[-122.67437029097175,38.57694205630054],[-122.67451433432286,38.57687198115676],[-122.67480909484826,38.57666731724479],[-122.67502154488731,38.57655942376945],[-122.67516280747873,38.5765327284766],[-122.67534967452879,38.57656276068108],[-122.67549316172793,38.57662393739388],[-122.67558325834135,38.57671292170344],[-122.67562886280002,38.57688087958772],[-122.67559994289941,38.577007682228846],[-122.67553765388271,38.57709054886713],[-122.67522064727994,38.577285202044266],[-122.67510496767753,38.577412004685385],[-122.67491810062747,38.577710102122374],[-122.67476905190895,38.5782440079797],[-122.67475236735092,38.578394169002074],[-122.67476237808576,38.57853209468189],[-122.67482967246987,38.57865444810756],[-122.67515001598429,38.579044866765756],[-122.67544032729421,38.579449745374234],[-122.67578514149376,38.58001702034767],[-122.67589859648844,38.58025282876798],[-122.67600648996378,38.58038296832073],[-122.67660046023006,38.58091798648194],[-122.67677620424143,38.58103366608435],[-122.67690050419884,38.58113975206593],[-122.67702508223222,38.581287688480565],[-122.67717969247006,38.581522384597],[-122.67725532913319,38.58185162654237],[-122.67720972467454,38.582088547266565],[-122.67721806695357,38.58218309309547],[-122.6772747944509,38.58229043041887],[-122.67747222838771,38.58249064511535],[-122.67763907396814,38.58263969383385],[-122.67793828370901,38.58281432554134],[-122.67836318378714,38.58302121406106],[-122.67875582705304,38.583283717774236],[-122.6790083200314,38.58347280943206],[-122.67922410698206,38.58365189035504],[-122.67948104917595,38.58375311000716],[-122.67968960615141,38.58387810515449],[-122.67988092241698,38.584040501519425],[-122.68011228162185,38.58442313405052],[-122.6803247316609,38.5848647186867],[-122.680434849744,38.58514613156566],[-122.68053050787678,38.585636657572074],[-122.6806350644405,38.58596923642904],[-122.68066732125271,38.586187247987446],[-122.6806784442914,38.58645420091611],[-122.680665096645,38.58679234129241],[-122.68063061522503,38.587235038232464],[-122.68063617674437,38.58738075003936],[-122.68071959953461,38.58753091106172],[-122.68074927658613,38.58766052535765],[-122.68088404179655,38.587926524812254],[-122.68112650147641,38.58843733792419],[-122.68138543899859,38.588819859263786],[-122.6816792448121,38.58920936897396],[-122.68190404966091,38.589469483484855],[-122.68216181019432,38.58974019089439],[-122.68227127014688,38.58989555340769],[-122.68244781845743,38.59024394207388],[-122.68264025611592,38.5906570651206],[-122.68272735328246,38.59092777253013],[-122.6827956186292,38.59119259499597],[-122.68295451210871,38.59196940756245],[-122.68302160046672,38.59240253941771],[-122.68304337475838,38.59262793276086],[-122.6831179105385,38.59290037950233],[-122.68315518868839,38.59312462200791],[-122.68316225062084,38.593454178854294],[-122.68314812675597,38.59376961183584],[-122.68309869322897,38.59401560248189],[-122.68295745458055,38.5944981678641],[-122.6829409767382,38.594638229523824],[-122.682959808558,38.594722972712894],[-122.68314812675594,38.59493600767432],[-122.68322463102385,38.59504546762687],[-122.68330702023542,38.59512314888351],[-122.68349004198406,38.59523672829664],[-122.6836954265187,38.59530999584553],[-122.68416151405859,38.59539003107966],[-122.6847723712131,38.59546418137009],[-122.68500541498302,38.59549949103221],[-122.6853314408632,38.59562778280455],[-122.68566923663077,38.59584317174345],[-122.68580694431299,38.59597146351579],[-122.68594082678186,38.59618832369059],[-122.68612914497977,38.59675092430692],[-122.68623978192106,38.597162870364905],[-122.68632687908763,38.597787851384304],[-122.68645870182613,38.59868353981322],[-122.68661641831692,38.59893188443675],[-122.68676015806645,38.59926085278877],[-122.68705087428448,38.599751657092135],[-122.68735453737857,38.6001883199136],[-122.68764878456287,38.600673239273284],[-122.68773588172935,38.60099573418725],[-122.68785358060306,38.601544210938734],[-122.68789830617509,38.601812564370796],[-122.68793243884842,38.60211151951002],[-122.68793126185969,38.60261409370076],[-122.68787476640034,38.603028393736224],[-122.68793008487098,38.60329910114575],[-122.68807956244056,38.60354744576928],[-122.68833026104156,38.60375812675323],[-122.68843148207291,38.6038746486382],[-122.68865864089918,38.60428659469618],[-122.6887889924018,38.604581724621994],[-122.68899702516106,38.605134762204855],[-122.68921829904365,38.60555965513894],[-122.68936895360197,38.605722079584666],[-122.68954903287869,38.605878619086695],[-122.69034185989919,38.606479580951145],[-122.69094729549838,38.606976749578415],[-122.69116268443724,38.60712975811425],[-122.69140749809458,38.60726864278522],[-122.69176883363684,38.60745578399443],[-122.69225846095145,38.607678234865745],[-122.6925009206313,38.607766509021026],[-122.69279045986062,38.607817119536726],[-122.69301761868688,38.607845367266414],[-122.69391213012706,38.607910101646965],[-122.6941145721898,38.60796777409508],[-122.69438763357681,38.60809135791248],[-122.69443589011505,38.6081713931466],[-122.69453652265199,38.60838737057985],[-122.69464245163832,38.608384428107996],[-122.69481664597141,38.60834794145714],[-122.6949290483958,38.608299096424545],[-122.69503791985402,38.60826915677354],[-122.69510629956521,38.60823281092513],[-122.69532992742192,38.608223983509724],[-122.69553707743657,38.60821986404921],[-122.69574540443995,38.60822457200408],[-122.69602052555315,38.60826047016004],[-122.69633036783362,38.6083152001355],[-122.69643275219275,38.6083459939722],[-122.69656532420677,38.60837022435815],[-122.69682838118561,38.60848498075832],[-122.69700904895407,38.60853617976762],[-122.6971932476887,38.60862563091031],[-122.69740334017516,38.608718024524805],[-122.6976149038975,38.608861028654246],[-122.6977537885664,38.60895342226875],[-122.69793857579538,38.60906464770276],[-122.69834345991492,38.60927532868359],[-122.69854590197473,38.60937596121912],[-122.69873363167551,38.60946776633926],[-122.69895372856607,38.60952367330344],[-122.69918736082693,38.609656673028766],[-122.69938686041488,38.60972670385759],[-122.6995022053094,38.60978055109151],[-122.69979939496105,38.60989104090757],[-122.69984235504931,38.609934000995835],[-122.6999100319007,38.61007112018168],[-122.70006215769267,38.61023825257989],[-122.70020339633906,38.61038419918113],[-122.700321095211,38.61052838029928],[-122.70045850864399,38.610722583438026],[-122.70050352846253,38.61076819175091],[-122.70055001951695,38.61083469161358],[-122.70064359012017,38.610982403697896],[-122.70071597492644,38.61109598310934],[-122.700854271101,38.61119543865614],[-122.70105377068897,38.611306075595785],[-122.70127563306261,38.611354332133295],[-122.70150985381783,38.61135374363893],[-122.70174348607866,38.611351978155845],[-122.7019682909241,38.61132726139274],[-122.70240149019496,38.61119717424095],[-122.70270390887387,38.6111360007258],[-122.70333006687274,38.611118934389374],[-122.70353780538179,38.6111683679156],[-122.70419191686267,38.61124251820493],[-122.70439435892247,38.611267529215226],[-122.704553840894,38.61127812211372],[-122.70474098210042,38.611279299102435],[-122.70493695072221,38.61128224157425],[-122.70512879988354,38.61131872822456],[-122.70533771538123,38.611424657209334],[-122.705540157441,38.6115776657429],[-122.70570611285048,38.61168065225587],[-122.70589972749482,38.61176774942113],[-122.70601801486116,38.61182012541916],[-122.70619632865215,38.61186367400178],[-122.70639054328494,38.611895362469056],[-122.70661829060217,38.61199334677996],[-122.70682897158295,38.61204631127235],[-122.70705451204635,38.61210471933757],[-122.70732933891237,38.61217357317767],[-122.70767772757338,38.61222359519825],[-122.70783250159003,38.61229921672349],[-122.70799080657284,38.61236395110307],[-122.70813263371355,38.61243280494317],[-122.70832271739177,38.61252284458023],[-122.70851280107,38.61262230012704],[-122.7086961170631,38.61272793486462],[-122.70887619633716,38.61290065795923],[-122.70890562105514,38.612988932113204],[-122.7089338687844,38.6131148699062],[-122.70901861197224,38.6133155464829],[-122.7090498021733,38.61342441793947],[-122.70916632405651,38.61361920957256],[-122.7093034432423,38.61376751015124],[-122.70951206449287,38.6138984501463],[-122.70972333396804,38.61398966677208],[-122.7099569662289,38.61405999184807],[-122.71019854316361,38.61412796294664],[-122.71023914927444,38.61415326820411],[-122.71032065574326,38.614167097821564],[-122.7105060314666,38.61414708901333],[-122.7108394531158,38.614081536928055],[-122.71113277795979,38.6140070273557],[-122.71136641022063,38.61396995221103],[-122.71165889191747,38.61398819553619],[-122.71186898440394,38.61407176173528],[-122.71210408790067,38.614133259395885],[-122.7123589059585,38.61423889413348],[-122.71266198055378,38.61429833206382],[-122.71288031196126,38.61435188505056],[-122.71338877108813,38.61449900864052],[-122.7135970980915,38.614591990749375],[-122.71380925030819,38.61464672072484],[-122.71403052418749,38.614707924138266],[-122.7142573887632,38.61477236427066],[-122.71430270282892,38.614804142966086],[-122.7143789128485,38.61482621150458],[-122.71476643638448,38.61492007635497],[-122.7148856064923,38.614939496668846],[-122.71513409823572,38.61494799305618],[-122.71526327274772,38.614890320608914],[-122.71548278114392,38.61481087387034],[-122.7156737691375,38.61475510033499],[-122.71590710715465,38.61468212703329],[-122.71629257096608,38.61459267588926],[-122.71649751412994,38.61456766487861],[-122.71692490816508,38.61446100027431],[-122.71726888312345,38.614364928568634],[-122.71751487376949,38.61431696627759],[-122.71772967421397,38.61429401499721],[-122.71798272679246,38.61429872295216],[-122.71820517766376,38.61427753715489],[-122.71833431539676,38.61424285276806],[-122.71841243802425,38.614233289734564],[-122.718469521978,38.61420974995981],[-122.71854455501001,38.61418974115128],[-122.71869844628745,38.614165318634974],[-122.71893678650677,38.61409646479384],[-122.71905154290867,38.61407763297404],[-122.71915931093993,38.6140689526821],[-122.719406772822,38.614040999199595],[-122.71959435540204,38.61400407117795],[-122.71982533944183,38.61398597497612],[-122.7200819229866,38.61395125380835],[-122.72022316163509,38.61395713875204],[-122.72040853736122,38.61394654585341],[-122.7207030787928,38.6139653776732],[-122.72150607935892,38.6139653776732],[-122.72171470061265,38.6139486055837],[-122.72192538159668,38.61392918526953],[-122.72219314653444,38.61388151722566],[-122.72227141628547,38.61383679165363],[-122.72232084981245,38.61374851749833],[-122.72234733205903,38.61346250923513],[-122.72238793817046,38.61334951831633],[-122.72243737169742,38.61327066007092],[-122.72257213690789,38.6131432510401],[-122.72271161007328,38.61306762951371],[-122.72287933096835,38.612941691718795],[-122.72311472871586,38.61290285109046],[-122.7233944106646,38.61290476369715],[-122.72420242881148,38.61291260368386],[-122.7249879062916,38.61286607019242],[-122.72528597868937,38.612835909856024],[-122.72553079234677,38.612859449630776],[-122.72575088924067,38.61284826823777],[-122.72600776703264,38.612830907653894],[-122.72630289695857,38.61280265992422],[-122.72678369685782,38.61274204500423],[-122.72697642876359,38.61272909812811],[-122.72711443069306,38.612744398981725],[-122.72720329334274,38.6127938325087],[-122.72745399194383,38.612868571293525],[-122.72759817306418,38.61301451789697],[-122.72771057548863,38.61314222117499],[-122.7278070885651,38.61336055258579],[-122.72791184056273,38.61344353029178],[-122.72800541116736,38.61348178242576],[-122.72820148303947,38.6135065377959],[-122.72844501646078,38.61350473370613],[-122.72861097187275,38.61346765856091],[-122.72887344036123,38.61339291977607],[-122.72908412134521,38.61330523411512],[-122.72932069608144,38.61321387036437],[-122.72953078857108,38.61314030856827],[-122.72971792978035,38.61308440160324],[-122.73001041148159,38.61302849463821],[-122.73016959920834,38.61303290834597],[-122.7303679218106,38.613085284344784],[-122.73046266940399,38.61310235068148],[-122.73116327195002,38.61312059400692],[-122.73141985549476,38.61312059400692],[-122.73162935949003,38.61312235949003],[-122.7318406289684,38.61315354969155],[-122.73211839831042,38.61317532398321],[-122.7327516182512,38.61317532398321],[-122.7328928568997,38.613210045150964],[-122.7329322860224,38.61322946546513],[-122.73299643190859,38.61324417782435],[-122.73326449109356,38.61324623755464],[-122.73347340659446,38.6132509455096],[-122.73368379333128,38.613265952115995],[-122.73412634109663,38.6132865494189],[-122.73433643358625,38.613263598138516],[-122.7344882651334,38.61322887697076],[-122.7346353887256,38.61317120452262],[-122.73475897254302,38.613091169288474],[-122.73493905181985,38.61293521828077],[-122.73508205595142,38.6127895659245],[-122.73524683437469,38.61269658381424],[-122.73542985612339,38.61252945141352],[-122.73559404605227,38.61236761546212],[-122.73573587319515,38.61219754058955],[-122.73582826681105,38.612056301941045],[-122.73587593485495,38.611965673808264],[-122.73599069125682,38.61171026725224],[-122.73606425305293,38.611509590672505],[-122.73625198275658,38.61150841368377],[-122.73657506616502,38.61143485188768],[-122.73682723600201,38.6113930687875],[-122.73687755227054,38.61136070159722],[-122.7371612065563,38.61135864186692],[-122.7372468324869,38.61134481224923],[-122.73776529602578,38.61130479463216],[-122.73787151925933,38.611288316789825],[-122.73802246806493,38.611288316789846],[-122.73826154390224,38.61132509768787],[-122.73846339747072,38.61144103107851],[-122.73860640160228,38.61156152530051],[-122.73881546422683,38.6116709852531],[-122.73893551707806,38.611707471903955],[-122.7391885696566,38.61172512673502],[-122.73942632138159,38.61176514435209],[-122.73965987047423,38.61183168372726],[-122.73981943561989,38.611914621921755],[-122.73993654599929,38.61203820573919],[-122.7401431075227,38.6124219040676],[-122.74054034122159,38.61293095169656],[-122.74054446068219,38.61301275241382],[-122.7406362658037,38.61322461038656],[-122.74071688953221,38.61329817218265],[-122.74080987164247,38.61335819860827],[-122.74097906377347,38.61349767177365],[-122.74112611380387,38.61363206917511],[-122.74126264449743,38.613759772453136],[-122.74142918840379,38.613886298742415],[-122.74163928089342,38.614011648042954],[-122.74186702821413,38.61412640444486],[-122.74191881571855,38.61416936453378],[-122.74208624236643,38.614270291318014],[-122.7421721625443,38.61433031774362],[-122.7423604807423,38.61449980412183],[-122.74244228145956,38.614625153422374],[-122.74257216614689,38.61475282300772],[-122.74290680086766,38.61492088635911],[-122.742681793594,38.605125723539246],[-122.77761226052736,38.603804260231634],[-122.78590382374571,38.605537360273075],[-122.80012810197472,38.62536981826531],[-122.81344335650232,38.63755673338597],[-122.82584376457363,38.64708187832934],[-122.8381620222699,38.65163310463262],[-122.85736323959001,38.6523352037685],[-122.86895026342428,38.649726451741195],[-122.8689216063167,38.649583166203264],[-122.86859682576403,38.64893360509796],[-122.86835897177104,38.64850947990569],[-122.86832649371577,38.64842541905677],[-122.86831980705733,38.64834613439244],[-122.86833700132186,38.648198072669906],[-122.86838285269398,38.64786756069574],[-122.86844494309376,38.647614422912056],[-122.86852136204732,38.64739471842056],[-122.86859491529012,38.64713584921535],[-122.86864267713608,38.64687889048398],[-122.86877449983099,38.64629619596305],[-122.86886811304906,38.64585105555853],[-122.86891683013195,38.64568197862377],[-122.8689827414794,38.64556066353499],[-122.8692024459709,38.64530274956671],[-122.869533913182,38.645002805173974],[-122.87184558652729,38.643150600786946],[-122.87229741359027,38.6427971631267],[-122.872562014217,38.64257554816136],[-122.87265944838279,38.642465695915625],[-122.87277407681316,38.6422842009009],[-122.87311796210417,38.64145218954397],[-122.87335581609713,38.640855166469244],[-122.87345707121061,38.640397607984774],[-122.87402066099315,38.63853203028086],[-122.87434257583506,38.637471717300144],[-122.87439606910253,38.63715839959054],[-122.87445720426535,38.6366244221525],[-122.87446675663455,38.63612292276973],[-122.87446006997614,38.635931875385815],[-122.87442759192085,38.63556888535639],[-122.874351144488,38.63515240567664],[-122.8741606852398,38.634381943377925],[-122.87394517882879,38.633852973096324],[-122.87369048943394,38.6334415517662],[-122.87333784257952,38.63293217297651],[-122.87316151915235,38.63250116015447],[-122.87292642124942,38.631443219591276],[-122.87271091483838,38.62942529592445],[-122.87263254887075,38.6263102487106],[-122.87261295737883,38.62493884427683],[-122.87264234461666,38.6231854057508],[-122.87262275312477,38.621960937506365],[-122.8726129573788,38.62133400976522],[-122.8725052041733,38.62106952462442],[-122.87216235306484,38.620648307548336],[-122.87196643814573,38.620413209645406],[-122.87196643814573,38.62019770323438],[-122.8719370509079,38.615564315397435],[-122.87190766367003,38.614721881245266],[-122.87179011471858,38.613967608806696],[-122.87170195300499,38.613438638525096],[-122.87156481256162,38.61302721719497],[-122.87142767211823,38.61278232354608],[-122.87125134869103,38.612537429897195],[-122.87116318697744,38.61237090221595],[-122.87103584228,38.61198886812369],[-122.87049707625245,38.6102256338517],[-122.86987014851131,38.608178322947005],[-122.8688513909319,38.60572938645813],[-122.86869465899662,38.60535714811183],[-122.8685869057911,38.60508286722507],[-122.86848422237497,38.60485183123903],[-122.86806359248295,38.60439824240397],[-122.86757187897277,38.604095996083856],[-122.8670751897257,38.60396181936782],[-122.86661145616324,38.60391944777328],[-122.86122320172437,38.603893554021056],[-122.86030515050939,38.60402537675962],[-122.85979198341988,38.60131359470916],[-122.85914228563695,38.59984471276516],[-122.85831368556597,38.5996940582068],[-122.85812065941307,38.59956223546824],[-122.85807357986359,38.59938333318019],[-122.85808770372843,38.599086732018414],[-122.85803120826905,38.598705387667565],[-122.85762161618854,38.597646097804095],[-122.8575886605039,38.596911656832106],[-122.85765927982813,38.596426737472385],[-122.85773931506223,38.595004935077874],[-122.85786172189091,38.59465183845671],[-122.85802179235917,38.5935878406383],[-122.8585255435387,38.593140584918174],[-122.85856320717826,38.59087605858784],[-122.85868561400693,38.589534291427455],[-122.85924115269088,38.58641291729646],[-122.85879257783418,38.58576960412874]]]}}]}
