{"type":"FeatureCollection","features":[{"type":"Feature","properties":{"ava_id":"petaluma_gap","name":"Petaluma Gap","created":"2018-01-08","within":"North Coast|Sonoma Coast","cfr_index":"9.261","valid_end":null},"geometry":{"type":"Polygon","coordinates":[[[-122.6384409,38.3726261],[-122.63846,38.3722134],[-122.6385172,38.3719318],[-122.638785,38.3716176],[-122.63911,38.371428],[-122.639435,38.3712384],[-122.6397329,38.3708593],[-122.6400037,38.3705614],[-122.6403829,38.3702364],[-122.6408433,38.3700197],[-122.6413308,38.3698843],[-122.64162869999998,38.3696677],[-122.6420891,38.3692343],[-122.6423599,38.3689906],[-122.6427661,38.3690718],[-122.64311819999999,38.3691531],[-122.64352450000001,38.3690177],[-122.6438224,38.3690718],[-122.64417439999998,38.3692885],[-122.64477020000001,38.3692885],[-122.64542019999998,38.3692885],[-122.6457994,38.3692073],[-122.6461244,38.3689635],[-122.6464223,38.3687469],[-122.6468556,38.3686385],[-122.6472618,38.36858439999999],[-122.6475327,38.3683948],[-122.6478306,38.3683135],[-122.6483451,38.3683406],[-122.649293,38.3680156],[-122.64967419999998,38.3677418],[-122.6501867,38.3676584],[-122.65105339999998,38.3674469],[-122.6516221,38.3674198],[-122.6519739,38.3675115],[-122.6524449,38.3677302],[-122.65275929999999,38.3677727],[-122.65301310000001,38.3677021],[-122.6533502,38.3675438],[-122.6536112,38.3671855],[-122.6537765,38.3667419],[-122.65402979999999,38.36641739999999],[-122.6541353,38.3662876],[-122.6545337,38.3658349],[-122.65483609999998,38.3654859],[-122.6548451,38.3652726],[-122.65495840000001,38.3650738],[-122.6551373,38.3648032],[-122.65506130000001,38.3646689],[-122.65494310000001,38.3642275],[-122.6550395,38.3640789],[-122.65502350000001,38.363817],[-122.6552241,38.3636283],[-122.65565219999998,38.3635142],[-122.65581080000001,38.3633928],[-122.6559227,38.3632223],[-122.6560538,38.3630856],[-122.6564906,38.36322409999999],[-122.65690230000001,38.3631053],[-122.65706559999998,38.3632209],[-122.6575317,38.3632884],[-122.6578024,38.3632978],[-122.6578533,38.3632706],[-122.6578562,38.3631299],[-122.6581812,38.3629291],[-122.658588,38.3627726],[-122.6592352,38.3627433],[-122.6598262,38.3631744],[-122.6598998,38.3633649],[-122.6601104,38.3633629],[-122.6604346,38.3632108],[-122.6606999,38.3632034],[-122.6613678,38.3634796],[-122.6619287,38.3636395],[-122.6621609,38.3635008],[-122.66215659999999,38.3632866],[-122.6620488,38.36287],[-122.66146420000001,38.3618786],[-122.6612481,38.3615494],[-122.6609384,38.3612992],[-122.66068740000001,38.361009],[-122.6605801,38.3606067],[-122.6605489,38.3604315],[-122.66035989999997,38.3600592],[-122.66002909999999,38.3595873],[-122.65965,38.3590514],[-122.6591464,38.3586342],[-122.65855,38.358179],[-122.657824,38.3577514],[-122.65718190000001,38.3575451],[-122.6568438,38.3575156],[-122.6568435,38.3574149],[-122.6570176,38.3573615],[-122.65718169999998,38.3572768],[-122.657039,38.3571652],[-122.656811,38.35714979999999],[-122.6565938,38.3570683],[-122.65674039999998,38.3569529],[-122.6570224,38.3569556],[-122.65728809999999,38.3569012],[-122.65727790000001,38.356724],[-122.6569573,38.3562348],[-122.6565985,38.3556604],[-122.65635269999999,38.3555479],[-122.6563596,38.3554631],[-122.6565809,38.3554691],[-122.65660179999998,38.3553485],[-122.6564347,38.3551759],[-122.6561535,38.3550002],[-122.6558874,38.3546998],[-122.6561719,38.3548344],[-122.6564562,38.3550976],[-122.6566865,38.3551786],[-122.65680630000001,38.355352],[-122.6567735,38.3555306],[-122.656849,38.3557473],[-122.6571256,38.3559421],[-122.6580021,38.3564336],[-122.65815859999998,38.356571],[-122.6583714,38.3566306],[-122.65860939999999,38.356554],[-122.6588802,38.3566139],[-122.6591349,38.356728],[-122.6595031,38.3568087],[-122.65988219999998,38.3568306],[-122.6602562,38.3567822],[-122.660478,38.3566139],[-122.6607218,38.3564785],[-122.6610739,38.3563702],[-122.66146920000001,38.3562613],[-122.6618051,38.3563212],[-122.66213689999998,38.3564244],[-122.6628071,38.3564785],[-122.6631321,38.3565327],[-122.6637493,38.3562993],[-122.66408,38.3562889],[-122.66451330000001,38.3562077],[-122.6645675,38.355991],[-122.6645992,38.3557416],[-122.66481119999999,38.3554817],[-122.66517939999999,38.3553624],[-122.6655425,38.3554384],[-122.6656779,38.3555577],[-122.66584039999998,38.3556931],[-122.66602990000001,38.3557744],[-122.6662305,38.3556338],[-122.6663959,38.3552708],[-122.666995,38.3552017],[-122.7129386,38.331297],[-122.71290049999998,38.3272703],[-122.7129598,38.325486],[-122.7130691,38.3243945],[-122.71344130000001,38.322672],[-122.7136906,38.3218439],[-122.7146547,38.3180729],[-122.7150023,38.31672849999999],[-122.71516530000001,38.3158213],[-122.71526809999999,38.3145085],[-122.71517219999998,38.3133683],[-122.7148688,38.312281],[-122.7145382,38.3115742],[-122.7141873,38.3108238],[-122.71373890000001,38.3101648],[-122.7134764,38.309779],[-122.71729269999999,38.3018557],[-122.7250711,38.3058135],[-122.7302579,38.3084618],[-122.7335053,38.3101766],[-122.7346403,38.3108251],[-122.7360324,38.308197],[-122.7369854,38.3061306],[-122.737542,38.3042174],[-122.737829,38.3032162],[-122.7381139,38.302222],[-122.7383599,38.3013639],[-122.73860590000001,38.3005586],[-122.7526441,38.30576],[-122.76406290000001,38.309712],[-122.77809749999999,38.3142473],[-122.7788678,38.3211541],[-122.788306,38.3296252],[-122.7960828,38.3329677],[-122.8149428,38.3261969],[-122.82642949999999,38.3316395],[-122.8331891,38.3378265],[-122.83319669999999,38.3381089],[-122.8332438,38.3383259],[-122.83330129999999,38.3385903],[-122.833643,38.3386583],[-122.8341034,38.338875],[-122.83448259999999,38.3390916],[-122.8347534,38.3393083],[-122.8348617,38.3394166],[-122.83499710000001,38.3396603],[-122.83510549999998,38.3398499],[-122.8354034,38.3398499],[-122.83562,38.3399041],[-122.83589090000001,38.3400395],[-122.8360804,38.3401478],[-122.8362159,38.3402832],[-122.8362429,38.3404187],[-122.8363242,38.3405541],[-122.836595,38.3404728],[-122.8368658,38.3403374],[-122.8374616,38.3403374],[-122.8387887,38.3404457],[-122.83895119999998,38.3404728],[-122.83933030000001,38.340527],[-122.8393845,38.3405811],[-122.839547,38.3407707],[-122.8397095,38.3409061],[-122.8399261,38.3410415],[-122.84024069999998,38.3412536],[-122.8405433,38.3412254],[-122.84078179999999,38.3413181],[-122.84073810000001,38.3410957],[-122.8408464,38.3408791],[-122.84116619999999,38.340803],[-122.84223910000001,38.3408243],[-122.8426615,38.34087909999999],[-122.8429594,38.340852],[-122.84320310000001,38.3408249],[-122.8435552,38.3408249],[-122.843826,38.3408249],[-122.8438531,38.3406624],[-122.843826,38.3404187],[-122.843826,38.3402291],[-122.8439234,38.3400556],[-122.8441723,38.3398713],[-122.84450310000001,38.3398384],[-122.84474220000001,38.3399629],[-122.84470410000002,38.3402239],[-122.84456189999999,38.3406624],[-122.84471970000001,38.340852],[-122.8448281,38.3411499],[-122.84493639999998,38.3413936],[-122.8451531,38.3412311],[-122.845402,38.3411931],[-122.8456676,38.3412629],[-122.84599729999998,38.341566],[-122.8460998,38.3418425],[-122.8464588,38.3421902],[-122.84655009999999,38.3420652],[-122.8467627,38.3421413],[-122.84674519999999,38.3419082],[-122.84683790000001,38.3417566],[-122.8469307,38.3414751],[-122.8474066,38.3413241],[-122.84736830000001,38.3412092],[-122.8469659,38.3409028],[-122.846967,38.3405311],[-122.8470669,38.3402172],[-122.8472545,38.3400124],[-122.84734669999999,38.3397416],[-122.8475905,38.3396333],[-122.8477298,38.3397919],[-122.84775869999999,38.3399853],[-122.84785610000002,38.340202],[-122.8480238,38.3404728],[-122.84815920000001,38.3405541],[-122.84834880000001,38.3407166],[-122.8487331,38.3410749],[-122.8489446,38.3411119],[-122.8489175,38.3409061],[-122.8488092,38.3406624],[-122.8487919,38.3403317],[-122.8489386,38.3401257],[-122.8491996,38.340077],[-122.84951389999998,38.3402832],[-122.8497029,38.3402832],[-122.8500405,38.3404187],[-122.85033209999997,38.34035929999999],[-122.85061909999999,38.3405489],[-122.8508997,38.3404832],[-122.8512441,38.3404782],[-122.8514976,38.3405363],[-122.8517721,38.3405264],[-122.851762,38.3404252],[-122.85164719999999,38.3403769],[-122.8516171,38.3401848],[-122.8512244,38.3400234],[-122.8510143,38.3397848],[-122.8507588,38.3397304],[-122.8506073,38.33956759999999],[-122.8502765,38.3395039],[-122.85021370000001,38.3393147],[-122.8503045,38.3391023],[-122.85025139999998,38.339026],[-122.849987,38.338987],[-122.8497081,38.33880459999999],[-122.8497024,38.3383747],[-122.8498919,38.3380576],[-122.8498862,38.3377372],[-122.849702,38.3377185],[-122.8494756,38.3377755],[-122.84929109999999,38.3377422],[-122.849031,38.3377432],[-122.848875,38.337674],[-122.848836,38.3373958],[-122.84847509999999,38.3369558],[-122.8484057,38.3365491],[-122.8484072,38.3363842],[-122.848717,38.3361287],[-122.8490529,38.3359771],[-122.8490529,38.3357876],[-122.8490029,38.3354164],[-122.84907429999998,38.33528889999999],[-122.8493724,38.3351969],[-122.84977869999999,38.3351748],[-122.85013159999998,38.335273],[-122.85042290000001,38.3355167],[-122.8509118,38.3355058],[-122.8511492,38.3355709],[-122.851382,38.3357876],[-122.8516065,38.3358597],[-122.85193869999998,38.3358734],[-122.8520791,38.3359678],[-122.8523129,38.3359714],[-122.852571,38.3360368],[-122.8527906,38.3359501],[-122.8530615,38.3359109],[-122.8532236,38.3360313],[-122.8537382,38.3360855],[-122.8538465,38.3361938],[-122.8538465,38.3363292],[-122.8540902,38.3364917],[-122.8544152,38.3364917],[-122.8547402,38.3366],[-122.8549298,38.3368167],[-122.85506519999998,38.3367896],[-122.85544440000001,38.3366813],[-122.85652770000002,38.336925],[-122.85674429999999,38.3371146],[-122.8568797,38.3374396],[-122.85715060000001,38.3373854],[-122.8575839,38.3373583],[-122.858288,38.3372771],[-122.85866720000001,38.337575],[-122.85866720000001,38.3378458],[-122.8587755,38.3381166],[-122.8590734,38.3380354],[-122.8594526,38.3380354],[-122.85977760000002,38.3381708],[-122.860238,38.3381437],[-122.86042750000001,38.3383604],[-122.8604546,38.338577],[-122.8603734,38.3386854],[-122.86056289999998,38.3388479],[-122.8606984,38.3389562],[-122.8606984,38.3390645],[-122.86099630000001,38.3390645],[-122.86105039999998,38.3391458],[-122.86124,38.3391458],[-122.8614296,38.3390104],[-122.86164620000001,38.338875],[-122.8620254,38.3387395],[-122.86216079999998,38.338875],[-122.86229619999999,38.3391729],[-122.8624316,38.3394978],[-122.8626754,38.3396603],[-122.8629191,38.3397958],[-122.8631087,38.3395791],[-122.8634066,38.3392812],[-122.86359619999998,38.3390374],[-122.86378579999997,38.3387937],[-122.86405660000001,38.3387666],[-122.86427320000001,38.338902],[-122.8643545,38.3390916],[-122.864517,38.3392541],[-122.8646253,38.3394978],[-122.8649232,38.3392541],[-122.865194,38.3391187],[-122.86557320000001,38.3390104],[-122.8658169,38.339227],[-122.86578989999998,38.3395791],[-122.8658711,38.3397687],[-122.8658982,38.3400666],[-122.8660607,38.3400666],[-122.8663315,38.3399853],[-122.8665752,38.3400124],[-122.86679190000001,38.3398228],[-122.8670627,38.339877],[-122.86730649999998,38.3400937],[-122.86752309999999,38.3399853],[-122.8677669,38.3398228],[-122.8682002,38.339552],[-122.8686877,38.3394978],[-122.8690939,38.3395791],[-122.8695272,38.3398499],[-122.86982510000001,38.3403916],[-122.86998759999997,38.3408249],[-122.8699605,38.3412311],[-122.8699064,38.3415019],[-122.87004180000001,38.3416644],[-122.8702855,38.3414207],[-122.87052930000002,38.3412582],[-122.87069179999999,38.3410415],[-122.8712063,38.3407707],[-122.87247919999999,38.3409332],[-122.8728042,38.341177],[-122.8728042,38.3414207],[-122.8731292,38.3414207],[-122.87345420000001,38.3414478],[-122.873725,38.3416103],[-122.87394169999999,38.341854],[-122.87399579999999,38.3422332],[-122.8738604,38.3424228],[-122.8736438,38.34253109999999],[-122.8735354,38.342829],[-122.87326460000001,38.3430186],[-122.8729938,38.3430727],[-122.8729667,38.3431811],[-122.8731292,38.343479],[-122.8731563,38.3436144],[-122.8733729,38.3438581],[-122.87345420000001,38.3441289],[-122.87345420000001,38.3443998],[-122.8733729,38.3446435],[-122.8735354,38.3447518],[-122.8736167,38.3451852],[-122.873725,38.3455372],[-122.87394169999999,38.345456],[-122.8741042,38.3451581],[-122.87440209999998,38.3449414],[-122.87459159999999,38.344806],[-122.8750791,38.3446164],[-122.87548539999999,38.3445623],[-122.8755124,38.3441289],[-122.8756208,38.3438852],[-122.8759458,38.3435873],[-122.8765416,38.3432894],[-122.8767853,38.3432623],[-122.8771374,38.3433706],[-122.87743529999999,38.3435602],[-122.87778739999999,38.3437498],[-122.87824779999998,38.3437769],[-122.8785728,38.343804],[-122.8786811,38.3439664],[-122.8786811,38.3442373],[-122.878654,38.344481],[-122.8791144,38.3445352],[-122.8794394,38.3445623],[-122.87973729999999,38.3447248],[-122.8798727,38.3449414],[-122.879954,38.3452122],[-122.87992690000002,38.3455643],[-122.88017060000001,38.3455914],[-122.8803331,38.345781],[-122.880306,38.3460789],[-122.8802789,38.34629549999999],[-122.8804144,38.3466205],[-122.8804685,38.3469997],[-122.88057689999998,38.3473517],[-122.8804956,38.3472976],[-122.88054980000001,38.3475684],[-122.880631,38.347758],[-122.8809831,38.3478663],[-122.8810643,38.3477309],[-122.88147060000001,38.3475684],[-122.88168719999999,38.347433],[-122.8819581,38.3472434],[-122.88239139999999,38.3470809],[-122.8827705,38.3472163],[-122.8828789,38.3470268],[-122.8832038,38.3467559],[-122.8835018,38.3465664],[-122.88380079999999,38.3463937],[-122.884107,38.3460947],[-122.884497,38.3463576],[-122.8854235,38.3471939],[-122.8855702,38.3474172],[-122.8856909,38.3478879],[-122.8861467,38.3477659],[-122.8864038,38.34777709999999],[-122.886843,38.3480774],[-122.8873249,38.3480837],[-122.8878078,38.3482568],[-122.88791969999998,38.3483945],[-122.88836510000002,38.3482299],[-122.8888157,38.3483059],[-122.8887505,38.3481382],[-122.8883755,38.3478236],[-122.88822909999998,38.3474773],[-122.88791510000001,38.347146],[-122.8879375,38.3468107],[-122.8876396,38.3464424],[-122.8875261,38.3460753],[-122.8873025,38.345676],[-122.88751,38.3448331],[-122.8878079,38.3444539],[-122.88805730000001,38.3441289],[-122.8880457,38.3438187],[-122.8877635,38.3434087],[-122.8878079,38.3431384],[-122.8880245,38.3429753],[-122.88839219999998,38.3429436],[-122.8887823,38.3430243],[-122.8890208,38.3432081],[-122.8890537,38.3434248],[-122.888901,38.3438103],[-122.889026,38.3440431],[-122.8890807,38.3446164],[-122.8891505,38.344942],[-122.88936189999998,38.3451805],[-122.8896656,38.3453482],[-122.8897572,38.34568],[-122.89006769999999,38.3456092],[-122.8904223,38.3455649],[-122.8907702,38.3457596],[-122.8909869,38.3460086],[-122.8913551,38.3465601],[-122.8914894,38.3470497],[-122.8916946,38.3471252],[-122.8922217,38.3471195],[-122.89253520000001,38.3472486],[-122.8927133,38.3475309],[-122.8930493,38.3477326],[-122.8934295,38.3476127],[-122.8935977,38.3473304],[-122.89378789999998,38.3471679],[-122.89406849999999,38.3471518],[-122.89443790000001,38.3473649],[-122.8947202,38.3470804],[-122.894817,38.3467617],[-122.894979,38.3460017],[-122.8954867,38.3453764],[-122.8960127,38.3451488],[-122.8968476,38.3452024],[-122.897368,38.3447414],[-122.89798510000001,38.3444003],[-122.8980721,38.3439935],[-122.89818040000002,38.3437285],[-122.8980929,38.343305],[-122.8977523,38.3429327],[-122.8974648,38.3428295],[-122.8975783,38.3425086],[-122.8973772,38.34219],[-122.8976544,38.3415786],[-122.8979412,38.3415177],[-122.89859570000002,38.3416475],[-122.8987601,38.3415979],[-122.8993485,38.3421673],[-122.8999897,38.3426238],[-122.90029879999997,38.3426952],[-122.90056839999998,38.3426681],[-122.90104819999998,38.3423563],[-122.90135919999999,38.3422091],[-122.9016485,38.3421616],[-122.90213449999999,38.34198939999999],[-122.9025678,38.3417186],[-122.9028657,38.3414749],[-122.90335320000001,38.341177],[-122.9038677,38.3409332],[-122.9043011,38.3406895],[-122.9047885,38.3404999],[-122.9049781,38.3400937],[-122.9051948,38.3393895],[-122.9053843,38.3387395],[-122.9056281,38.3384416],[-122.90611559999998,38.3379],[-122.9063593,38.3375208],[-122.9079808,38.3380975],[-122.9161304,38.3439857],[-122.93098159999998,38.3466125],[-122.94955579999998,38.3471351],[-122.9500162,38.3469455],[-122.9502599,38.3467559],[-122.95063909999999,38.3466747],[-122.9513161,38.3467018],[-122.9518036,38.346458],[-122.952589,38.3462143],[-122.9536994,38.3461872],[-122.95440350000001,38.3462414],[-122.9549723,38.3463226],[-122.9554327,38.3463226],[-122.9558931,38.3461872],[-122.95638049999998,38.3460247],[-122.9573013,38.3457268],[-122.9579242,38.3454831],[-122.95830339999998,38.3451852],[-122.9582492,38.34488729999999],[-122.95838459999999,38.3444268],[-122.9582492,38.344156],[-122.95808670000001,38.3439123],[-122.95808670000001,38.3433706],[-122.95835759999999,38.3431269],[-122.9586825,38.3430998],[-122.9592513,38.3433165],[-122.95968459999999,38.3432352],[-122.96003669999999,38.3429373],[-122.96028039999999,38.3425852],[-122.96065960000001,38.3423415],[-122.96128250000001,38.3422603],[-122.9619324,38.3423415],[-122.96260950000001,38.3424228],[-122.9631782,38.3426936],[-122.96366569999998,38.3427207],[-122.9640719,38.3426936],[-122.96455940000001,38.3427477],[-122.9650469,38.3428561],[-122.9653719,38.3429915],[-122.96580519999998,38.3432081],[-122.9663198,38.3433706],[-122.9669968,38.3434519],[-122.96756560000001,38.3435331],[-122.9681072,38.343804],[-122.96859470000001,38.3439123],[-122.9689468,38.3441831],[-122.9691364,38.3445893],[-122.9691634,38.3449414],[-122.9691364,38.3452122],[-122.969353,38.345456],[-122.96965089999998,38.3457539],[-122.9699488,38.3460247],[-122.9701655,38.3463768],[-122.9704634,38.3467559],[-122.970653,38.3470268],[-122.9708426,38.3472705],[-122.9710592,38.3474059],[-122.9712759,38.347433],[-122.97157379999997,38.3475142],[-122.9716821,38.3476497],[-122.97203420000001,38.3478934],[-122.9725487,38.3480288],[-122.9729821,38.348083],[-122.97342,38.3480403],[-122.97378879999998,38.347883],[-122.9741357,38.3478184],[-122.9744607,38.3474825],[-122.9746883,38.3471622],[-122.9748507,38.3468913],[-122.9750132,38.3466747],[-122.9751757,38.3465664],[-122.9755278,38.3464148],[-122.9760043,38.3463341],[-122.9763944,38.3463612],[-122.9767408,38.3465231],[-122.9769626,38.3467346],[-122.9772704,38.347006],[-122.97760110000002,38.3471674],[-122.97788290000001,38.347433],[-122.97843549999999,38.3476721],[-122.9790808,38.3477966],[-122.9796063,38.348019],[-122.98027350000001,38.3483809],[-122.98106820000001,38.3487059],[-122.98175679999999,38.3489069],[-122.9821901,38.3488585],[-122.98272190000002,38.3485923],[-122.9832088,38.3483169],[-122.98362080000001,38.3480403],[-122.9841942,38.3477747],[-122.9849046,38.3476882],[-122.98525559999999,38.3479054],[-122.98537839999999,38.3483418],[-122.98572940000001,38.3487234],[-122.98593729999999,38.3492896],[-122.986241,38.3497304],[-122.98644669999999,38.3499684],[-122.9867128,38.3501412],[-122.98682690000001,38.350461],[-122.9867566,38.350786],[-122.9864097,38.35104589999999],[-122.9856165,38.3515543],[-122.98534690000001,38.3518142],[-122.9852275,38.35226249999999],[-122.98551219999999,38.3526589],[-122.9858161,38.3526933],[-122.98649869999998,38.3524927],[-122.98668579999999,38.3522266],[-122.9875795,38.3516642],[-122.98790969999999,38.3517667],[-122.9881373,38.3522433],[-122.9882081,38.3527682],[-122.98837530000002,38.3531583],[-122.9886023,38.3535865],[-122.98904189999999,38.3539057],[-122.98944820000001,38.3541765],[-122.9899086,38.3544473],[-122.9901523,38.3548265],[-122.9903961,38.3551786],[-122.9909106,38.3553411],[-122.991371,38.3553411],[-122.992021,38.3554223],[-122.992671,38.3555306],[-122.9931855,38.3556661],[-122.9935918,38.3558556],[-122.9941063,38.355964],[-122.9945397,38.3559369],[-122.9948917,38.3556661],[-122.9951355,38.3553952],[-122.9951355,38.3550432],[-122.9950813,38.354664],[-122.99502710000002,38.3545286],[-122.99502710000002,38.3540411],[-122.99505419999998,38.3537161],[-122.9953792,38.3534453],[-122.9957855,38.35328279999999],[-122.99635419999998,38.3531203],[-122.99695,38.3530661],[-122.9973292,38.3532286],[-122.9976,38.3534453],[-122.9979521,38.3537161],[-122.9983312,38.3539599],[-122.998602,38.3542578],[-122.998602,38.3545286],[-122.9984125,38.3547723],[-122.99822289999999,38.3549348],[-122.9978979,38.3555306],[-122.99800619999998,38.3560723],[-122.99822289999999,38.3566681],[-122.99865620000001,38.3571014],[-122.99952279999998,38.3574806],[-123.00060610000001,38.3576972],[-123.0012019,38.3574806],[-123.0016353,38.3571014],[-123.00190610000001,38.3565598],[-123.0021769,38.3560181],[-123.00293520000001,38.3555306],[-123.003856,38.3554765],[-123.00423520000001,38.3555848],[-123.0049393,38.3558015],[-123.0052643,38.3561265],[-123.00640179999998,38.3565598],[-123.00688919999999,38.3566681],[-123.0073767,38.3569389],[-123.0080267,38.3570473],[-123.0083517,38.3573181],[-123.0083517,38.3576431],[-123.0085142,38.3581306],[-123.0085142,38.3586722],[-123.0088933,38.3588347],[-123.00938079999999,38.358618],[-123.0099766,38.3585639],[-123.0107891,38.3585639],[-123.0117099,38.3584014],[-123.01246819999999,38.3584014],[-123.0131724,38.3584555],[-123.013714,38.358943],[-123.0144723,38.3593763],[-123.0149598,38.3597013],[-123.0148515,38.360243],[-123.0155015,38.3607846],[-123.01669310000001,38.360893],[-123.0173972,38.3606763],[-123.01842640000001,38.3602971],[-123.0186972,38.3598097],[-123.018968,38.359268],[-123.0191847,38.3588347],[-123.0194555,38.3588347],[-123.02053880000001,38.3587805],[-123.0214054,38.3587805],[-123.0219471,38.3584014],[-123.0221637,38.3582389],[-123.02238039999999,38.3577514],[-123.0225429,38.3577514],[-123.02335540000001,38.3579681],[-123.0236803,38.3579681],[-123.0241137,38.3581306],[-123.024547,38.3585097],[-123.0248178,38.3587264],[-123.0252511,38.3587264],[-123.0258469,38.3589972],[-123.02622609999999,38.359268],[-123.0267136,38.3593763],[-123.0270927,38.3594847],[-123.02747189999998,38.3596472],[-123.027851,38.359918],[-123.0279594,38.3604596],[-123.0286093,38.3607846],[-123.0288802,38.360893],[-123.0295301,38.3610013],[-123.0306134,38.3611096],[-123.03137179999999,38.3610555],[-123.03196759999999,38.3609471],[-123.0329425,38.3608388],[-123.0337008,38.3606763],[-123.0345133,38.360568],[-123.035055,38.3602971],[-123.0351091,38.3602971],[-123.03565079999998,38.3601347],[-123.0359216,38.3600805],[-123.0360841,38.3598638],[-123.03602989999999,38.3596472],[-123.03602989999999,38.3593222],[-123.0361924,38.3591597],[-123.0364091,38.3591597],[-123.0367341,38.359268],[-123.03711319999998,38.3589972],[-123.03732989999999,38.3586722],[-123.0372216,38.3582389],[-123.03732989999999,38.3578597],[-123.0376549,38.3578597],[-123.0382507,38.3578056],[-123.03862979999998,38.3574264],[-123.0385215,38.35688479999999],[-123.03922569999997,38.3568306],[-123.0403631,38.3571556],[-123.0410673,38.3576431],[-123.04160890000001,38.3582389],[-123.0418797,38.3586722],[-123.0428005,38.3590514],[-123.0430172,38.3593222],[-123.04382969999999,38.3593763],[-123.0446421,38.3593763],[-123.04502319999999,38.3592812],[-123.045348,38.3593151],[-123.04654829999998,38.3588719],[-123.04721139999998,38.3586713],[-123.0474747,38.3584644],[-123.0477008,38.3581832],[-123.0479654,38.3582115],[-123.04831489999998,38.3584914],[-123.04910240000001,38.3589881],[-123.04960409999998,38.359033],[-123.050882,38.3595613],[-123.0514178,38.3595399],[-123.0516321,38.3593542],[-123.05168359999998,38.3589211],[-123.0526914,38.3583855],[-123.0537139,38.3580375],[-123.0546085,38.3581306],[-123.0554751,38.3584014],[-123.0564501,38.3588889],[-123.05747919999997,38.3589972],[-123.05812920000001,38.3592138],[-123.0584542,38.3587264],[-123.0584,38.3580222],[-123.05818329999998,38.3574806],[-123.05818329999998,38.3569931],[-123.05822160000001,38.3559207],[-123.0584432,38.3554163],[-123.0591255,38.3550158],[-123.0598406,38.3547718],[-123.0608787,38.3545221],[-123.06154389999998,38.3544406],[-123.0617582,38.3541974],[-123.0617582,38.3532557],[-123.0616707,38.3525406],[-123.06189390000002,38.3519279],[-123.06219480000001,38.3517276],[-123.06341,38.3513266],[-123.06414149999998,38.3511975],[-123.064629,38.3512516],[-123.0651706,38.3514683],[-123.0653873,38.3519558],[-123.0653873,38.3523349],[-123.0652789,38.3527682],[-123.06500810000001,38.3532557],[-123.0648998,38.3539057],[-123.0650623,38.3543932],[-123.0654956,38.3546098],[-123.0661997,38.3548265],[-123.0669039,38.354989],[-123.0677232,38.3554155],[-123.0676793,38.3550207],[-123.06770990000001,38.3542868],[-123.06773810000001,38.3536102],[-123.0677933,38.3532537],[-123.067851,38.3522829],[-123.0679582,38.3517282],[-123.0681103,38.3512592],[-123.0681057,38.3505229],[-123.06787,38.3494568],[-123.0680397,38.3447947],[-123.0680887,38.3418259],[-123.06868929999997,38.3350766],[-123.0690002,38.3337704],[-123.06938379999998,38.3330783],[-123.07011349999998,38.3311278],[-123.07068760000001,38.3299152],[-123.07101189999999,38.3286222],[-123.07185229999999,38.3272792],[-123.0724426,38.3256929],[-123.0725008,38.3252113],[-123.07324290000001,38.3239114],[-123.07391,38.3231741],[-123.07488010000002,38.3224127],[-123.07527289999999,38.3222406],[-123.0756396,38.3222548],[-123.0760412,38.3225153],[-123.07647689999999,38.3229234],[-123.0767264,38.3229251],[-123.0768403,38.3231192],[-123.07726489999997,38.3232519],[-123.0775802,38.3232105],[-123.0778481,38.3233808],[-123.07811679999999,38.3233238],[-123.0782927,38.3234258],[-123.07858379999998,38.3234069],[-123.0783499,38.3232074],[-123.078044,38.3227878],[-123.0778344,38.3225721],[-123.0779662,38.3223801],[-123.0776714,38.3223391],[-123.0776087,38.3220442],[-123.07734009999999,38.321966],[-123.07733680000001,38.321678],[-123.0775894,38.3215214],[-123.0775722,38.3212974],[-123.0774443,38.3212482],[-123.077396,38.320967],[-123.077119,38.320859],[-123.0770417,38.3207112],[-123.07683990000001,38.3205919],[-123.07646,38.3205017],[-123.0761894,38.3202476],[-123.0758827,38.3200482],[-123.0756529,38.3201776],[-123.07558309999999,38.3198604],[-123.0752475,38.3200205],[-123.0752204,38.3197889],[-123.0749787,38.3198864],[-123.0748628,38.3196021],[-123.0744411,38.3193374],[-123.0742155,38.3190457],[-123.0739951,38.3188234],[-123.0739953,38.3184528],[-123.073725,38.3182551],[-123.0736989,38.3180744],[-123.0735379,38.3180193],[-123.0734249,38.3177722],[-123.07352689999998,38.31766909999999],[-123.0732643,38.3174338],[-123.0730728,38.3174228],[-123.07274059999999,38.3173078],[-123.072954,38.3171224],[-123.072802,38.3168377],[-123.0724676,38.3169604],[-123.0725273,38.3167586],[-123.0723857,38.3165954],[-123.0722101,38.3166382],[-123.0723479,38.3162702],[-123.07219490000001,38.3162718],[-123.07218309999998,38.316173],[-123.0720096,38.3161717],[-123.07196529999997,38.3160744],[-123.0718508,38.3160375],[-123.0717883,38.3161183],[-123.071625,38.3161259],[-123.07140020000001,38.3162277],[-123.07138339999999,38.316343],[-123.0711841,38.3164365],[-123.0711532,38.3165384],[-123.0709426,38.3166561],[-123.07082349999999,38.3168283],[-123.0706035,38.31687619999999],[-123.0702679,38.3170577],[-123.0699629,38.3169911],[-123.0694916,38.3167785],[-123.0691974,38.3164652],[-123.0690599,38.316196],[-123.06907029999998,38.3160181],[-123.06918839999999,38.3158162],[-123.0694877,38.3155922],[-123.0694878,38.3154793],[-123.06959469999998,38.3154394],[-123.0696407,38.3153289],[-123.0698951,38.3153081],[-123.07003979999999,38.315196],[-123.0701672,38.31498219999999],[-123.0703983,38.314893],[-123.0703389,38.3147264],[-123.070562,38.3147276],[-123.0707892,38.3147585],[-123.07085680000002,38.3146425],[-123.07075540000001,38.3144444],[-123.0709107,38.314284],[-123.0708088,38.3141487],[-123.0706674,38.3140995],[-123.0704286,38.3140627],[-123.0702347,38.3139633],[-123.0700686,38.3137416],[-123.0700449,38.3133535],[-123.0700086,38.31317149999999],[-123.0700847,38.3129524],[-123.06994069999998,38.3128261],[-123.0699176,38.3127041],[-123.069722,38.3125672],[-123.0697268,38.3124459],[-123.0696286,38.3121635],[-123.0695218,38.3122179],[-123.0694253,38.3121556],[-123.0694058,38.3119389],[-123.0692022,38.3119466],[-123.069059,38.3119921],[-123.0689241,38.3119206],[-123.069186,38.3116735],[-123.069141,38.3116205],[-123.0691561,38.3115058],[-123.06943719999998,38.3115128],[-123.06951519999998,38.3114379],[-123.069311,38.3112602],[-123.0690886,38.3113159],[-123.0689458,38.3112544],[-123.06877569999997,38.3112364],[-123.0687165,38.311175],[-123.06883079999999,38.3110626],[-123.0688565,38.3109775],[-123.06868209999998,38.3109744],[-123.0686765,38.3108626],[-123.06854949999997,38.3107687],[-123.0685274,38.3106349],[-123.06837320000001,38.3105923],[-123.0683225,38.3104945],[-123.0679651,38.310329],[-123.0679599,38.310249],[-123.0677752,38.3100038],[-123.0674867,38.3100151],[-123.06748730000001,38.3098501],[-123.06758819999997,38.3097558],[-123.0676961,38.3095539],[-123.0675799,38.3093323],[-123.0673562,38.3093471],[-123.0672667,38.3091669],[-123.06771479999998,38.3092741],[-123.067822,38.3092419],[-123.0676487,38.3090292],[-123.0675469,38.3087748],[-123.0677812,38.3087257],[-123.06776189999998,38.3085873],[-123.06775610000001,38.3083947],[-123.0675129,38.3083948],[-123.0674014,38.3084827],[-123.0673265,38.3084441],[-123.06739259999998,38.3083101],[-123.06735590000001,38.3082423],[-123.0673384,38.3081309],[-123.0667833,38.3078496],[-123.0670548,38.3076977],[-123.06714760000001,38.3075588],[-123.06682869999999,38.3074291],[-123.0665082,38.3072001],[-123.0661148,38.307196],[-123.065876,38.3069462],[-123.06570159999998,38.3068038],[-123.0656159,38.3067639],[-123.06560130000001,38.3066851],[-123.065417,38.3063986],[-123.0653906,38.3062416],[-123.06534889999999,38.3060995],[-123.0652477,38.3060462],[-123.06524119999999,38.3059118],[-123.0651379,38.3058177],[-123.065137,38.3056027],[-123.0652066,38.3054659],[-123.0651592,38.3053508],[-123.0652652,38.3052607],[-123.0652457,38.3051422],[-123.0654914,38.3049401],[-123.0654889,38.3048535],[-123.0652565,38.3048803],[-123.065086,38.3048434],[-123.0650569,38.3046712],[-123.0648467,38.3044563],[-123.06482879999999,38.3042701],[-123.06493839999997,38.3038258],[-123.06509090000002,38.3037341],[-123.06511649999999,38.30364],[-123.06533309999999,38.3034724],[-123.06516219999997,38.3032503],[-123.0652616,38.3030655],[-123.06527790000001,38.3026777],[-123.0652421,38.3026073],[-123.0650275,38.3026968],[-123.0648236,38.3026863],[-123.0649508,38.3025724],[-123.0649622,38.3024426],[-123.0647467,38.3021974],[-123.06458629999999,38.3024252],[-123.0644932,38.302408],[-123.06439719999999,38.3024141],[-123.0643033,38.3023134],[-123.0641728,38.3022724],[-123.0639738,38.3019202],[-123.0633534,38.3021439],[-123.06318730000001,38.3023019],[-123.0630595,38.302347],[-123.0629236,38.3022392],[-123.0628795,38.3020847],[-123.0630397,38.3019757],[-123.06303529999998,38.3018398],[-123.06259119999999,38.3018366],[-123.0625884,38.3016693],[-123.06275950000001,38.3016729],[-123.0627565,38.30145789999999],[-123.06263879999999,38.3013018],[-123.0623756,38.3010362],[-123.0623905,38.3008085],[-123.0621538,38.300638],[-123.06184289999999,38.3004617],[-123.06185739999998,38.3001623],[-123.0616475,38.3000137],[-123.0617085,38.2999026],[-123.0616724,38.2996261],[-123.061118,38.2995233],[-123.060868,38.299813],[-123.060718,38.2998455],[-123.0601896,38.2995994],[-123.0598213,38.29948919999999],[-123.0596226,38.2992561],[-123.0599374,38.2989052],[-123.0595856,38.2988039],[-123.0592931,38.299026],[-123.0586115,38.2988799],[-123.05847019999997,38.2987021],[-123.0584189,38.2984714],[-123.0583176,38.2984151],[-123.0582784,38.2982714],[-123.0580726,38.2981807],[-123.05710579999999,38.2985214],[-123.05714159999998,38.2986487],[-123.05694039999999,38.2988188],[-123.0571507,38.299161],[-123.0569424,38.2993247],[-123.05581420000001,38.2994547],[-123.05541880000001,38.2992624],[-123.0547243,38.2992383],[-123.0546354,38.2990876],[-123.0541684,38.2990809],[-123.0539253,38.2992914],[-123.05351719999999,38.2995046],[-123.0530784,38.2996301],[-123.0529093,38.2998446],[-123.05295919999999,38.2999874],[-123.05288519999998,38.3000619],[-123.05297119999999,38.3002649],[-123.05281640000001,38.3003962],[-123.05276560000001,38.3006152],[-123.0525627,38.3007174],[-123.05253559999998,38.3010186],[-123.0525674,38.301294],[-123.0527149,38.3016535],[-123.0525824,38.30203439999999],[-123.052114,38.3022586],[-123.0520329,38.3025032],[-123.0526104,38.3032127],[-123.053631,38.3040024],[-123.0538438,38.3040899],[-123.054159,38.3043762],[-123.0549398,38.3046496],[-123.05530410000001,38.3045165],[-123.0556051,38.3046192],[-123.0563308,38.3044382],[-123.0570557,38.3043886],[-123.0572812,38.3046456],[-123.0577297,38.3060837],[-123.05770290000001,38.3069327],[-123.0579672,38.3078385],[-123.05837289999998,38.3085156],[-123.05886039999999,38.309003],[-123.05942909999999,38.3097343],[-123.0601874,38.3104926],[-123.06075620000001,38.3110342],[-123.06116240000001,38.3114134],[-123.06137910000001,38.3121988],[-123.0611082,38.3129571],[-123.06051239999998,38.313255],[-123.05967289999998,38.3134175],[-123.05877919999998,38.3134716],[-123.0578042,38.3136341],[-123.05750630000001,38.3138237],[-123.05734379999998,38.3141758],[-123.0571542,38.3144737],[-123.05682920000001,38.3143383],[-123.0566126,38.3144737],[-123.0565855,38.3147445],[-123.05663960000001,38.3150153],[-123.0565584,38.3154216],[-123.0565855,38.3157737],[-123.05691050000001,38.3161528],[-123.0571,38.3164778],[-123.05685629999998,38.3170465],[-123.05663960000001,38.3174257],[-123.0563959,38.3177507],[-123.05582719999998,38.3183194],[-123.05536679999999,38.3189694],[-123.0548522,38.319186],[-123.0547439,38.3196735],[-123.054798,38.320161],[-123.0549064,38.3207297],[-123.0549605,38.3229234],[-123.0551501,38.3242775],[-123.0551501,38.3249004],[-123.0552314,38.3252525],[-123.0552314,38.3258754],[-123.0554751,38.3265254],[-123.0558543,38.3269587],[-123.0563417,38.3271483],[-123.057073,38.3273649],[-123.0576146,38.3276628],[-123.0579938,38.3281503],[-123.0582104,38.328719],[-123.05842709999999,38.3293961],[-123.0586437,38.3301815],[-123.0587407,38.3307346],[-123.058656,38.3308787],[-123.0586798,38.3312352],[-123.05886039999999,38.3315627],[-123.0591944,38.3322652],[-123.05943139999998,38.3327014],[-123.05963759999999,38.3327756],[-123.059907,38.3336608],[-123.0599708,38.3342709],[-123.05969770000002,38.3348915],[-123.05935570000001,38.3355099],[-123.05884060000001,38.3360145],[-123.05838329999999,38.3362776],[-123.05783880000001,38.3364171],[-123.0574036,38.3363794],[-123.0567751,38.3359771],[-123.05631469999999,38.3356521],[-123.0557124,38.3352874],[-123.05492249999999,38.334986],[-123.0542944,38.3348832],[-123.0539147,38.3348509],[-123.0533627,38.3346392],[-123.052917,38.3344009],[-123.0528689,38.3341301],[-123.05279390000001,38.3338105],[-123.0525745,38.3335492],[-123.052412,38.333568],[-123.05232059999997,38.3338474],[-123.05196169999998,38.3343431],[-123.0512024,38.3345366],[-123.0507628,38.3344803],[-123.050332,38.33438359999999],[-123.0502775,38.3342997],[-123.050513,38.3340061],[-123.0506679,38.3339267],[-123.051178,38.3339186],[-123.05160849999999,38.3338395],[-123.05184679999998,38.3333367],[-123.0518618,38.3331103],[-123.051494,38.332971],[-123.05106180000001,38.3330252],[-123.0499206,38.3343706],[-123.04982210000001,38.3343549],[-123.0497861,38.3340029],[-123.0495982,38.3338105],[-123.04917220000002,38.3335505],[-123.0485962,38.3330793],[-123.0480788,38.3327051],[-123.04802380000001,38.3324796],[-123.0478811,38.3323538],[-123.04755150000001,38.3318661],[-123.0472691,38.3315898],[-123.0472962,38.3313731],[-123.0472691,38.3310481],[-123.0471337,38.330994],[-123.04694409999998,38.3309127],[-123.0467004,38.3305336],[-123.0464296,38.3302357],[-123.04618579999999,38.3298565],[-123.0458608,38.3296398],[-123.045238,38.3293149],[-123.04485880000001,38.3292065],[-123.04488589999998,38.3288815],[-123.0451838,38.3285836],[-123.04483169999999,38.3284482],[-123.04445260000001,38.3283128],[-123.04418170000001,38.3281774],[-123.0440463,38.328042],[-123.0437213,38.328042],[-123.0434505,38.3281774],[-123.04309839999998,38.3281774],[-123.0428276,38.3279878],[-123.04247549999998,38.3274191],[-123.04193389999999,38.3270399],[-123.04158179999997,38.3268233],[-123.0413652,38.326742],[-123.0410402,38.3264983],[-123.0410673,38.3263358],[-123.0412839,38.3261462],[-123.0409048,38.3262004],[-123.04060689999999,38.3262004],[-123.0403902,38.3260108],[-123.0402277,38.3256317],[-123.039984,38.3253067],[-123.0397944,38.3249275],[-123.040011,38.324765],[-123.0397673,38.32433169999999],[-123.039334,38.3244671],[-123.0391444,38.3241421],[-123.0388465,38.3236276],[-123.0385215,38.3231942],[-123.0382236,38.322788],[-123.03776320000001,38.3225984],[-123.0374924,38.3224088],[-123.03795280000001,38.3223818],[-123.038684,38.322138],[-123.03925269999998,38.3218943],[-123.0394152,38.3215422],[-123.0393881,38.3214339],[-123.03949650000001,38.3210276],[-123.03971310000001,38.3206485],[-123.039984,38.3200256],[-123.03987559999999,38.3193485],[-123.03968610000001,38.3186715],[-123.0394152,38.3181298],[-123.039009,38.317534],[-123.0384944,38.3170736],[-123.0378715,38.3168028],[-123.03711319999998,38.3166945],[-123.03667990000001,38.3168028],[-123.03708610000001,38.3160174],[-123.03751949999999,38.3156653],[-123.03797990000001,38.3152862],[-123.038359,38.3150153],[-123.03887359999999,38.314907],[-123.03927979999999,38.3149883],[-123.0396048,38.3151508],[-123.0401735,38.3151778],[-123.04074229999998,38.3150695],[-123.04144639999998,38.3150695],[-123.04252969999999,38.3150153],[-123.0433151,38.3149612],[-123.0439109,38.3148528],[-123.04418170000001,38.3148528],[-123.04447959999999,38.3148528],[-123.0446421,38.3147987],[-123.04447959999999,38.3147174],[-123.0445067,38.3146091],[-123.0447775,38.3145008],[-123.04504840000001,38.3143654],[-123.0453192,38.3143383],[-123.0454546,38.3145008],[-123.0453463,38.314582],[-123.0451567,38.3148258],[-123.04507549999998,38.3149341],[-123.04542749999997,38.3148799],[-123.0458338,38.3148528],[-123.0461046,38.3148528],[-123.0464567,38.3150695],[-123.04699830000001,38.3152591],[-123.0474587,38.3153945],[-123.0483795,38.3154757],[-123.04889410000001,38.3152862],[-123.049517,38.3150424],[-123.050167,38.3148528],[-123.0506815,38.3146362],[-123.0511148,38.3144737],[-123.0513857,38.31423],[-123.05152109999999,38.313905],[-123.0514669,38.3136071],[-123.051169,38.31358],[-123.05087109999998,38.3135258],[-123.05062740000001,38.3133092],[-123.0504919,38.3129571],[-123.0505732,38.3125779],[-123.0510065,38.31228],[-123.05133149999999,38.31233419999999],[-123.0516294,38.3124967],[-123.0517919,38.3126592],[-123.0520086,38.3124154],[-123.0523065,38.3121175],[-123.0526585,38.3117113],[-123.05301059999998,38.3113051],[-123.05298350000001,38.3110613],[-123.05306479999999,38.3108717],[-123.0533627,38.3108447],[-123.05357930000001,38.3106822],[-123.05382309999997,38.310303],[-123.0539856,38.3098155],[-123.05431059999998,38.30954469999999],[-123.05458139999999,38.3091926],[-123.05490390000001,38.3085807],[-123.05500920000001,38.3082117],[-123.0550139,38.307611],[-123.05488479999998,38.3072907],[-123.05468730000001,38.3069418],[-123.05434849999999,38.3064202],[-123.0539949,38.3061359],[-123.05351369999998,38.3058917],[-123.0532374,38.305809],[-123.0529687,38.3058266],[-123.0528892,38.3059172],[-123.0528967,38.3060425],[-123.05318129999998,38.3064598],[-123.05317979999998,38.307855],[-123.05298479999998,38.3083607],[-123.05280339999999,38.3087128],[-123.0524419,38.309301],[-123.0516279,38.3102747],[-123.0510586,38.310814],[-123.05064039999998,38.3110763],[-123.04937450000001,38.3114967],[-123.0489856,38.311654],[-123.04835740000001,38.3120117],[-123.04787,38.3122566],[-123.0472687,38.3124691],[-123.0451458,38.3130751],[-123.0440417,38.3132572],[-123.0431737,38.3133415],[-123.040109,38.3134905],[-123.039204,38.3134905],[-123.0381408,38.3134248],[-123.0373115,38.3133529],[-123.0348276,38.3131041],[-123.03374380000001,38.3129233],[-123.0328031,38.3127375],[-123.0318761,38.3125693],[-123.02960569999998,38.3120403],[-123.02667729999999,38.3111882],[-123.02546969999999,38.3107688],[-123.024936,38.3107335],[-123.0243317,38.3104548],[-123.0237051,38.3099814],[-123.0231428,38.3095139],[-123.022857,38.309267],[-123.0228394,38.309124],[-123.02264620000001,38.3090169],[-123.0226798,38.3088632],[-123.022668,38.3087637],[-123.02258219999999,38.3087644],[-123.02253940000001,38.3088648],[-123.02237020000001,38.3089398],[-123.0219619,38.3087697],[-123.0213336,38.308418],[-123.0210317,38.30828539999999],[-123.0204281,38.307892],[-123.02043,38.3077436],[-123.0201192,38.3077145],[-123.0196207,38.3073214],[-123.0191774,38.307132],[-123.018682,38.3068588],[-123.0183872,38.3067265],[-123.0178197,38.3061829],[-123.01771590000001,38.3061489],[-123.0167433,38.3053054],[-123.01569709999998,38.3051705],[-123.01544620000001,38.3049807],[-123.01525669999998,38.3049451],[-123.0151617,38.3048295],[-123.0149505,38.304711],[-123.0149278,38.304475],[-123.0147372,38.3042152],[-123.01449930000001,38.3040945],[-123.0140817,38.304083],[-123.0131463,38.3034903],[-123.01311170000001,38.3032268],[-123.0130294,38.3030893],[-123.012683,38.3028931],[-123.0121935,38.3027061],[-123.01207159999998,38.3024472],[-123.0116595,38.3020502],[-123.01159450000002,38.3019215],[-123.0114795,38.3018059],[-123.0111299,38.3016491],[-123.010605,38.3012815],[-123.010395,38.300967],[-123.0102716,38.3008792],[-123.01012019999999,38.3008765],[-123.0099487,38.3006563],[-123.0097587,38.3007326],[-123.0095251,38.3005771],[-123.00937959999999,38.3005768],[-123.0090341,38.300233],[-123.00886279999999,38.3001563],[-123.0087335,38.2998899],[-123.0084012,38.2996334],[-123.00834559999998,38.2994202],[-123.0079983,38.2991936],[-123.00771829999998,38.2988006],[-123.0075966,38.2987065],[-123.00688719999998,38.2983845],[-123.00619649999999,38.2977132],[-123.0058843,38.2975877],[-123.005627,38.2974511],[-123.00515750000001,38.2973213],[-123.0046287,38.2973075],[-123.0044098,38.297225],[-123.00398829999999,38.2967923],[-123.00264329999999,38.2956086],[-123.0023625,38.2954178],[-123.00225650000002,38.2951797],[-123.0017181,38.2947107],[-123.0016961,38.2945453],[-123.00147109999999,38.2943624],[-123.001439,38.2942124],[-123.00112019999997,38.2939448],[-123.00075169999998,38.2935915],[-123.0002754,38.2930215],[-123.0001659,38.2927493],[-122.9999318,38.2924009],[-122.99979369999998,38.2916974],[-122.99979369999998,38.2913172],[-123.00009109999998,38.2910649],[-123.00010289999999,38.2909436],[-123.0000063,38.2908691],[-122.9991027,38.2904581],[-122.998662,38.2902741],[-122.9980468,38.2900967],[-122.9978422,38.2899594],[-122.9975442,38.2898218],[-122.997336,38.2896316],[-122.9971428,38.2893693],[-122.9970678,38.2890968],[-122.99713960000001,38.2888537],[-122.99701719999999,38.2883444],[-122.9972559,38.2882066],[-122.9973271,38.2880109],[-122.9972637,38.287881],[-122.99710009999998,38.2877964],[-122.99660619999999,38.2873658],[-122.9965436,38.2869941],[-122.99640660000001,38.2867842],[-122.9966352,38.2865393],[-122.99672029999998,38.28631879999999],[-122.9966034,38.2861081],[-122.99629870000001,38.2859209],[-122.9960168,38.2856908],[-122.9957402,38.2856615],[-122.995357,38.28540179999999],[-122.9952681,38.2852433],[-122.99541189999998,38.2849539],[-122.9954137,38.28469649999999],[-122.9953631,38.2845041],[-122.99512859999999,38.2842062],[-122.99504859999998,38.2838894],[-122.99496779999998,38.2837898],[-122.99490979999999,38.2833731],[-122.9948233,38.2832995],[-122.99479179999997,38.2830835],[-122.9946543,38.2829779],[-122.9943495,38.2829634],[-122.99393869999999,38.2826457],[-122.99356119999999,38.2825639],[-122.9933396,38.28232709999999],[-122.9931933,38.282235],[-122.99266510000001,38.2820143],[-122.992308,38.2817463],[-122.9919692,38.281679],[-122.991675,38.2815212],[-122.991252,38.2815006],[-122.9909427,38.2813719],[-122.99048669999998,38.2813643],[-122.9895718,38.2810287],[-122.9890215,38.2806174],[-122.98894639999997,38.2804719],[-122.988709,38.2802303],[-122.98856229999998,38.2796186],[-122.9886184,38.2792786],[-122.9887677,38.2789498],[-122.9887496,38.2787718],[-122.9886091,38.2784828],[-122.9886035,38.2781879],[-122.98884790000001,38.2776885],[-122.9888582,38.2774819],[-122.9887761,38.2773455],[-122.9886086,38.2771988],[-122.9883242,38.2770459],[-122.98806180000001,38.2767288],[-122.98805340000001,38.2765335],[-122.98789370000001,38.2763411],[-122.9875975,38.2763152],[-122.9873521,38.2761245],[-122.98724259999999,38.2757368],[-122.9873438,38.2754269],[-122.9875376,38.2752185],[-122.9875896,38.2746479],[-122.98743289999999,38.2744571],[-122.9870891,38.2743907],[-122.9869221,38.2741084],[-122.9869092,38.2737954],[-122.98678079999998,38.2735928],[-122.9865468,38.2734094],[-122.9865247,38.2732025],[-122.9864102,38.27312149999999],[-122.9861701,38.2731357],[-122.98598650000001,38.2730261],[-122.98578730000001,38.2729836],[-122.98533719999999,38.2729742],[-122.9851048,38.2730727],[-122.9849179,38.2730799],[-122.9845928,38.2730011],[-122.9843521,38.2729911],[-122.9841389,38.2730749],[-122.9838082,38.2730726],[-122.98306160000001,38.2725325],[-122.9830281,38.272373],[-122.9827845,38.2721598],[-122.9826505,38.272171],[-122.98242469999998,38.2722317],[-122.9822966,38.2721568],[-122.9823035,38.2720129],[-122.9824654,38.2717846],[-122.98249,38.2716499],[-122.98232549999999,38.271521],[-122.9820467,38.2714945],[-122.98189210000001,38.2711633],[-122.98176989999999,38.271004],[-122.98157339999999,38.2709636],[-122.98142049999998,38.2707894],[-122.98115409999998,38.2707171],[-122.98106430000001,38.2706193],[-122.9811254,38.2705375],[-122.9811265,38.2703858],[-122.9810503,38.2703491],[-122.9808057,38.2703969],[-122.98047369999998,38.2702565],[-122.9801791,38.2702645],[-122.9799022,38.2701957],[-122.9795485,38.2703446],[-122.9791495,38.2704564],[-122.9788319,38.2704648],[-122.9782235,38.2706618],[-122.9779239,38.2706138],[-122.9776764,38.270622],[-122.9768999,38.2708947],[-122.976541,38.270879],[-122.9764317,38.270708],[-122.9758957,38.2703689],[-122.9754482,38.2702431],[-122.97508060000001,38.2701316],[-122.975081,38.2697592],[-122.97665269999999,38.26975],[-122.9772712,38.2698616],[-122.977639,38.2699784],[-122.9777695,38.2699231],[-122.9777356,38.269628],[-122.9775809,38.2693313],[-122.9773046,38.2688975],[-122.9771917,38.2682023],[-122.97721639999999,38.2680048],[-122.97730639999999,38.267887],[-122.97752039999999,38.2678903],[-122.9776111,38.2677638],[-122.9777863,38.2671569],[-122.97778809999998,38.2670066],[-122.97761529999998,38.2668171],[-122.9776859,38.266645],[-122.9776761,38.2664152],[-122.9775139,38.2662788],[-122.97690990000001,38.2660968],[-122.9765033,38.2658755],[-122.9764159,38.2657085],[-122.976329,38.2652379],[-122.9762235,38.2650483],[-122.9760403,38.2648187],[-122.97588289999999,38.2646093],[-122.9756717,38.2644164],[-122.9754483,38.2642225],[-122.9754066,38.2640375],[-122.97515029999998,38.2639075],[-122.9749923,38.2636976],[-122.9750121,38.2634391],[-122.9748597,38.2632631],[-122.9745392,38.2630939],[-122.9743395,38.2627034],[-122.97439030000001,38.26234],[-122.9743717,38.2621629],[-122.9742199,38.2620134],[-122.97431289999999,38.2618078],[-122.97426960000001,38.2616742],[-122.9741256,38.2615817],[-122.974089,38.2614581],[-122.9741735,38.2612791],[-122.9741175,38.2611955],[-122.97369780000001,38.2610331],[-122.9732862,38.2606975],[-122.97291829999999,38.2604364],[-122.9725307,38.2602367],[-122.9721623,38.2601069],[-122.97204710000001,38.2598486],[-122.97128819999999,38.2591832],[-122.9710529,38.2588436],[-122.9710581,38.25828939999999],[-122.9708519,38.2572169],[-122.970654,38.257037],[-122.9705437,38.2567715],[-122.9704875,38.2564941],[-122.9703996,38.2563277],[-122.97039639999998,38.2562156],[-122.9706129,38.255916],[-122.9705988,38.2554664],[-122.9701813,38.2549004],[-122.9700007,38.254831],[-122.9696215,38.2547124],[-122.96939150000001,38.2542875],[-122.96926919999999,38.2541395],[-122.96906690000002,38.2540873],[-122.9687115,38.2538824],[-122.96848580000001,38.2536212],[-122.9683695,38.2533496],[-122.9683077,38.252984],[-122.9683126,38.2525623],[-122.96844309999999,38.2522346],[-122.968432,38.2520946],[-122.9682221,38.2519261],[-122.968119,38.2516623],[-122.9681332,38.25125879999999],[-122.9678405,38.2511306],[-122.96742340000002,38.2507471],[-122.9673636,38.2503967],[-122.9674267,38.2498833],[-122.9674572,38.2493676],[-122.9675204,38.2487819],[-122.9677653,38.2481691],[-122.9679052,38.247623],[-122.96794469999998,38.2471468],[-122.9681072,38.246868],[-122.9680778,38.2459168],[-122.96813429999997,38.245224],[-122.96831030000001,38.2445085],[-122.9683374,38.2438732],[-122.96868,38.2430866],[-122.96876279999998,38.2424967],[-122.96901140000001,38.2418515],[-122.969353,38.2408908],[-122.969511,38.2404315],[-122.9696633,38.2401456],[-122.9697367,38.2397917],[-122.96970510000001,38.2392658],[-122.9697322,38.2387513],[-122.970003,38.2382638],[-122.9703503,38.2377533],[-122.97075430000001,38.2374524],[-122.97097069999998,38.2372189],[-122.9711634,38.2369179],[-122.9711337,38.2365666],[-122.9714654,38.2359347],[-122.9720928,38.23488359999999],[-122.9726113,38.234114],[-122.9728466,38.2334973],[-122.9728196,38.2330369],[-122.97278089999999,38.2326854],[-122.9726571,38.2324681],[-122.97225080000001,38.2318994],[-122.97192659999997,38.231534],[-122.9716841,38.2314667],[-122.9713016,38.2314842],[-122.97077259999999,38.2318938],[-122.9692639,38.2319414],[-122.968219,38.2319764],[-122.9674516,38.2319502],[-122.966486,38.2318966],[-122.96537869999999,38.2317076],[-122.96451820000001,38.231491],[-122.9636928,38.2312393],[-122.9632623,38.2311727],[-122.96308909999998,38.2312147],[-122.9629911,38.2313233],[-122.96297859999999,38.2314841],[-122.9630417,38.23185559999999],[-122.9631438,38.2320591],[-122.9631653,38.2323113],[-122.9630789,38.2324408],[-122.96308289999999,38.232546],[-122.96329619999999,38.2327785],[-122.9630007,38.2330849],[-122.96300229999999,38.233191],[-122.9631049,38.2334233],[-122.9630603,38.2337653],[-122.96294580000001,38.233855],[-122.9626419,38.2338072],[-122.96222119999999,38.2335681],[-122.9620667,38.2335682],[-122.9619365,38.233637],[-122.9618371,38.233798],[-122.96156510000002,38.234079],[-122.9612283,38.2342443],[-122.9607674,38.234285],[-122.9603949,38.2340999],[-122.9598535,38.233551],[-122.9596547,38.2334572],[-122.9593166,38.23317],[-122.95921260000001,38.2329405],[-122.9590984,38.2328202],[-122.9589767,38.2328505],[-122.9590045,38.2331072],[-122.959086,38.2332264],[-122.959147,38.2335458],[-122.9592784,38.2339306],[-122.9592784,38.2342556],[-122.9591401,38.2345778],[-122.9591263,38.2349619],[-122.95898049999998,38.2352847],[-122.9587967,38.2352831],[-122.9585253,38.2351242],[-122.95811270000002,38.235072],[-122.9577557,38.2348608],[-122.9574559,38.2347793],[-122.9570976,38.2346032],[-122.9568054,38.2344512],[-122.9564792,38.234176],[-122.9558805,38.2337319],[-122.95567689999999,38.2333654],[-122.955547,38.2331942],[-122.9552516,38.2331114],[-122.9547853,38.2328229],[-122.9544655,38.2327006],[-122.9543172,38.2326125],[-122.95417010000001,38.2321869],[-122.9540893,38.2320103],[-122.9533795,38.2315825],[-122.95307349999999,38.2310977],[-122.95279079999999,38.2306423],[-122.9526574,38.2300556],[-122.9527131,38.2293447],[-122.95290439999998,38.2287849],[-122.9531431,38.2281107],[-122.9533278,38.2275821],[-122.9534686,38.2269405],[-122.9535138,38.2265356],[-122.9534827,38.2263746],[-122.9532931,38.2259684],[-122.9531306,38.225535],[-122.9526293,38.2249493],[-122.9524902,38.22483349999999],[-122.9522172,38.2247423],[-122.95229110000001,38.2246684],[-122.952295,38.2245499],[-122.95217709999999,38.2243976],[-122.9521246,38.2239541],[-122.9522501,38.2234005],[-122.95232379999999,38.222754],[-122.95277859999999,38.2215268],[-122.9531086,38.22083],[-122.95378059999999,38.219604],[-122.95408589999998,38.2190928],[-122.9539228,38.2189986],[-122.95381359999999,38.2187878],[-122.9538117,38.218475],[-122.95392729999999,38.2181043],[-122.95396310000001,38.2177021],[-122.9540515,38.2174374],[-122.9541033,38.2170808],[-122.95395329999998,38.2169477],[-122.95395769999999,38.2165991],[-122.95402,38.2162514],[-122.9539702,38.2157312],[-122.95374509999998,38.2151896],[-122.9533077,38.21453789999999],[-122.95311160000001,38.2143418],[-122.952819,38.2143376],[-122.9526682,38.2144233],[-122.952576,38.2145712],[-122.95197459999999,38.2148375],[-122.95128419999999,38.2152076],[-122.9502379,38.2156507],[-122.95013750000001,38.2157256],[-122.9501503,38.2159267],[-122.950076,38.2160263],[-122.94987110000001,38.216283],[-122.949707,38.2164624],[-122.94936220000001,38.2167085],[-122.94919360000002,38.2169883],[-122.9490254,38.2174346],[-122.9486891,38.2177353],[-122.94850350000002,38.2179717],[-122.94825979999997,38.218264],[-122.9480479,38.2185108],[-122.9478456,38.2187246],[-122.9477954,38.2188186],[-122.9477959,38.2189882],[-122.9481676,38.2190208],[-122.9484753,38.2191315],[-122.94854380000001,38.21921469999999],[-122.948481,38.2192514],[-122.948402,38.2192161],[-122.948254,38.2192175],[-122.9482315,38.2192723],[-122.94831369999999,38.2193388],[-122.9483797,38.2194342],[-122.94837879999999,38.2195174],[-122.9483368,38.2196678],[-122.9483513,38.2197404],[-122.9484365,38.2198015],[-122.94892129999998,38.2197971],[-122.9490082,38.2198413],[-122.9489294,38.219904],[-122.9488305,38.2199301],[-122.9483806,38.2199853],[-122.94818019999998,38.2201028],[-122.9480137,38.2201478],[-122.947906,38.2201206],[-122.94777990000001,38.2199684],[-122.94782250000002,38.2199019],[-122.9479239,38.219828],[-122.94789150000001,38.2197873],[-122.9476871,38.2198004],[-122.9468695,38.2199809],[-122.94636,38.22005869999999],[-122.9454589,38.2202506],[-122.94518590000001,38.2201287],[-122.9446668,38.2201778],[-122.9439503,38.2198772],[-122.94362670000001,38.2198024],[-122.94327260000001,38.2197936],[-122.94283929999999,38.2197406],[-122.9424348,38.2194855],[-122.9419143,38.2192267],[-122.9414085,38.2190877],[-122.941144,38.2188541],[-122.9408922,38.2188728],[-122.94074730000001,38.2188672],[-122.9403664,38.2184124],[-122.940328,38.2181116],[-122.9400313,38.2175249],[-122.939564,38.2172664],[-122.93894119999999,38.2167697],[-122.9387941,38.216565],[-122.93869159999998,38.2164905],[-122.9385332,38.2164353],[-122.9380457,38.2161916],[-122.93772079999998,38.2159479],[-122.93738580000002,38.2156143],[-122.9368892,38.2153055],[-122.93669159999999,38.2151083],[-122.93636609999999,38.2146124],[-122.9357858,38.2140829],[-122.9355711,38.2136786],[-122.93546060000001,38.2133847],[-122.93545970000001,38.2130754],[-122.93560379999998,38.2127623],[-122.9356264,38.2125639],[-122.9355835,38.2123945],[-122.93534459999998,38.2121733],[-122.93493129999999,38.2119623],[-122.93436649999998,38.2117896],[-122.9338751,38.2115876],[-122.93364879999999,38.2114305],[-122.9335309,38.2114193],[-122.9334914,38.2114894],[-122.9335359,38.2117258],[-122.933475,38.2119006],[-122.933183,38.2120514],[-122.9327876,38.2121603],[-122.9322326,38.2121636],[-122.9319223,38.2122816],[-122.93153810000001,38.2123008],[-122.931428,38.2123933],[-122.9314356,38.212797],[-122.93137379999997,38.2128898],[-122.9312238,38.2128814],[-122.9311753,38.2127251],[-122.9310585,38.2127521],[-122.9305204,38.213191],[-122.9301654,38.2134754],[-122.9299676,38.2139467],[-122.92975740000001,38.214218],[-122.92905870000001,38.2145805],[-122.92889639999999,38.2148263],[-122.9285171,38.2151335],[-122.92822649999998,38.2154388],[-122.9281522,38.2157312],[-122.9279982,38.2164624],[-122.92792820000001,38.2169939],[-122.92759639999998,38.2174961],[-122.92704459999999,38.2178855],[-122.9258552,38.2183732],[-122.92553369999999,38.218629],[-122.92530570000001,38.2190025],[-122.9251545,38.2195227],[-122.9247754,38.2199831],[-122.924517,38.2202382],[-122.9242191,38.2204289],[-122.923779,38.2205745],[-122.92352959999998,38.2207414],[-122.9229439,38.2211635],[-122.9225049,38.2213801],[-122.9223319,38.221512],[-122.9221712,38.2213994],[-122.9009801,38.2139214],[-122.8434697,38.2020154],[-122.81788109999998,38.1864957],[-122.7653589,38.1788652],[-122.7606288,38.1577884],[-122.7259021,38.129406],[-122.6795228,38.1503678],[-122.6614155,38.1479016],[-122.64808489999999,38.1506186],[-122.60558709999998,38.1608955],[-122.59155330000002,38.14617],[-122.4887729,38.1050923],[-122.4888818,38.1053646],[-122.48904589999998,38.1055086],[-122.4894491,38.1058357],[-122.4904005,38.106457],[-122.4909963,38.1069276],[-122.49148380000001,38.1072255],[-122.49266080000001,38.1079443],[-122.493208,38.10839],[-122.49369320000001,38.1086846],[-122.4941199,38.1089994],[-122.494236,38.1093063],[-122.4941269,38.1098604],[-122.49342529999998,38.1121658],[-122.49243329999999,38.1121412],[-122.49150969999998,38.1120219],[-122.4907311,38.1120518],[-122.48971739999998,38.1122986],[-122.4890177,38.1125072],[-122.4885859,38.1126691],[-122.4877706,38.112993],[-122.4867447,38.11335779999999],[-122.48607410000001,38.1135608],[-122.4856319,38.1137204],[-122.48482150000001,38.1139419],[-122.4840417,38.11421389999999],[-122.4832936,38.11439],[-122.4824067,38.1145445],[-122.48159869999998,38.1147002],[-122.48071179999998,38.1150151],[-122.48029389999998,38.1151695],[-122.4794055,38.1153843],[-122.47875710000001,38.1154789],[-122.4778081,38.1155765],[-122.47667430000001,38.1156933],[-122.4756944,38.1158735],[-122.4742748,38.11602],[-122.4735646,38.1160896],[-122.47316749999999,38.1161384],[-122.4718582,38.1162521],[-122.47145429999998,38.1163053],[-122.4708178,38.1163429],[-122.4702524,38.11644529999999],[-122.469724,38.1164836],[-122.4691148,38.116494],[-122.4683731,38.1166116],[-122.46756919999999,38.1166495],[-122.4669701,38.11669219999999],[-122.4663437,38.1167172],[-122.4661835,38.1167707],[-122.46568329999998,38.1168233],[-122.46466619999998,38.1169742],[-122.46390969999999,38.1171098],[-122.4633186,38.1172607],[-122.46271290000001,38.1174287],[-122.46168,38.1174953],[-122.4610722,38.1175713],[-122.4598425,38.1177203],[-122.45946379999998,38.1178141],[-122.4591424,38.117854],[-122.4585794,38.1180001],[-122.45834739999998,38.1180842],[-122.4578717,38.1183236],[-122.45729329999999,38.1185198],[-122.4567698,38.1186995],[-122.4563579,38.1188168],[-122.4559076,38.1189917],[-122.4555925,38.1192174],[-122.455186,38.1194809],[-122.4547451,38.1197075],[-122.4542715,38.1199048],[-122.4541527,38.1199263],[-122.4537885,38.1199319],[-122.45355230000001,38.1201026],[-122.45338529999998,38.1201035],[-122.452995,38.1199213],[-122.4526887,38.1198755],[-122.4525035,38.1197737],[-122.4523656,38.1195448],[-122.4522917,38.1193042],[-122.4520862,38.1190207],[-122.45199079999998,38.1189901],[-122.45151,38.1190144],[-122.4513916,38.1189694],[-122.4513476,38.1187515],[-122.4512251,38.11901],[-122.4512018,38.1192477],[-122.4512899,38.1193125],[-122.45169429999999,38.1193681],[-122.45192449999998,38.1195198],[-122.45206759999998,38.1197019],[-122.4527643,38.1211582],[-122.45354030000001,38.1248952],[-122.452664,38.1260388],[-122.45183929999997,38.1267027],[-122.449989,38.127738],[-122.4488432,38.1281621],[-122.4474077,38.1283205],[-122.44564919999998,38.1281405],[-122.44327530000001,38.1276034],[-122.44133950000001,38.1269668],[-122.4392145,38.1260572],[-122.4381718,38.1259739],[-122.4373441,38.126259],[-122.43688189999997,38.1265725],[-122.4362323,38.1271962],[-122.43598139999999,38.1277968],[-122.4359585,38.1283842],[-122.4361895,38.1289012],[-122.43736129999998,38.1304586],[-122.43861039999999,38.13231109999999],[-122.43963629999999,38.1340639],[-122.4406782,38.1351289],[-122.44218149999998,38.1362537],[-122.44266419999998,38.1367804],[-122.44289660000001,38.1372602],[-122.4429685,38.1378039],[-122.4428572,38.1383016],[-122.442519,38.1389159],[-122.44125969999999,38.1398953],[-122.4383041,38.1416215],[-122.437599,38.141925],[-122.435944,38.1423547],[-122.4352501,38.1423213],[-122.4344977,38.142207],[-122.43414460000001,38.1421646],[-122.4336698,38.1422427],[-122.4331192,38.1424839],[-122.4327135,38.1429934],[-122.43269040000001,38.1437514],[-122.4329844,38.1442427],[-122.4335129,38.1449291],[-122.4345002,38.1456806],[-122.43570349999999,38.1461191],[-122.4364462,38.1464759],[-122.438188,38.1470599],[-122.43952,38.1476621],[-122.4398693,38.1478659],[-122.4410826,38.1487028],[-122.44170659999997,38.1490279],[-122.4424698,38.1493565],[-122.4430848,38.1495547],[-122.44381530000001,38.149722],[-122.4443051,38.149797],[-122.44504029999999,38.1500638],[-122.44552840000001,38.1503061],[-122.44591079999998,38.1507387],[-122.4462916,38.1510056],[-122.4466792,38.1513167],[-122.4468373,38.151496],[-122.4469293,38.1516993],[-122.44761189999998,38.1514501],[-122.44947649999999,38.1507809],[-122.4735991,38.1944389],[-122.57683119999999,38.3230389],[-122.61338869999997,38.3520147],[-122.6218991,38.3583472],[-122.62935649999999,38.3595276],[-122.6384409,38.3726261]]]}},{"type":"Feature","properties":{"ava_id":"sonoma_mountain","name":"Sonoma Mountain","created":"1985-02-22","within":"North Coast|Sonoma Valley","cfr_index":"9.102","valid_end":null},"geometry":{"type":"Polygon","coordinates":[[[-122.56861961227112,38.380135804326216],[-122.56884550008897,38.38052046848111],[-122.56940142360847,38.38139894459442],[-122.5698054081974,38.38217342814821],[-122.5700421868322,38.38277879909904],[-122.57023082252776,38.383060417963655],[-122.57051368248393,38.38316510576766],[-122.57081305310228,38.38321569171618],[-122.57124542100823,38.383215728729624],[-122.57291596445289,38.38315305959773],[-122.5744863809141,38.38309444878205],[-122.57447251547518,38.384088766021044],[-122.57467201980232,38.38420332180195],[-122.57489166996858,38.38426669998732],[-122.57520835367707,38.38438385909008],[-122.5755819427632,38.384601962606375],[-122.57571520767912,38.384712323802844],[-122.57585782945169,38.38486905295973],[-122.57598176484734,38.38511235185096],[-122.57614234198078,38.38538538747858],[-122.5767895484281,38.38588168157707],[-122.57730809228856,38.38625567861537],[-122.57768244668043,38.38650940555894],[-122.57789577601613,38.386605059375405],[-122.5780626356326,38.386627212938876],[-122.57859959880705,38.38663879298352],[-122.57934940574133,38.3866127807373],[-122.57955101513761,38.38663432851153],[-122.5796823721278,38.38671681109587],[-122.57969272354951,38.38684083145104],[-122.57941680555477,38.38772284110085],[-122.57934755660162,38.38813149278098],[-122.57969285852974,38.388215105064816],[-122.58098151292754,38.38842742578624],[-122.58152879590459,38.38849634534063],[-122.58197898350328,38.38851647848509],[-122.58263699095838,38.388418435164965],[-122.5844194525384,38.38795665514116],[-122.58576086042557,38.38763175612786],[-122.58673523605884,38.38743985313833],[-122.58755101196675,38.387396666297896],[-122.58815232007719,38.38742157238212],[-122.58854631031306,38.38750064992966],[-122.58939389810028,38.38768123744343],[-122.59063844815236,38.387745154462344],[-122.5917123945355,38.38776831354483],[-122.59229973576913,38.38748385329516],[-122.59299403333233,38.387032733816255],[-122.593578626211,38.38652436657617],[-122.59403690228045,38.38604972859826],[-122.59437304498404,38.38558079354723],[-122.59483972158715,38.38510235476319],[-122.5953329086483,38.3848055143928],[-122.59587027599076,38.38463977484991],[-122.59611847601889,38.38464883281797],[-122.59679628621556,38.38498928171483],[-122.59674962005265,38.38488514306257],[-122.59662169673578,38.38473181679873],[-122.59640226900544,38.38445740575391],[-122.5962312142338,38.384196357330076],[-122.5961530350756,38.38404819565411],[-122.59615568682611,38.3839456227658],[-122.59636248019739,38.383697662425305],[-122.5964813769204,38.38348303226143],[-122.59654483435865,38.38331471018086],[-122.59658057469733,38.38310974645483],[-122.59658057469733,38.382919000830945],[-122.59652482252689,38.38263177223079],[-122.59649793977894,38.382472489334894],[-122.59643949532641,38.38236933492156],[-122.59640397033766,38.38220571197456],[-122.5962573084811,38.38195398154861],[-122.5961458033809,38.38173472810662],[-122.59614589092475,38.381630653987706],[-122.5962228811457,38.381487808735834],[-122.59628811448412,38.38133724800228],[-122.59629200959823,38.38085742113839],[-122.59651008174936,38.38035222819673],[-122.59654325490136,38.380103429556904],[-122.59655984147736,38.37994585708502],[-122.59664759012436,38.37984173227712],[-122.59680034682918,38.379879510781066],[-122.59710070533382,38.38003842363943],[-122.59721501122887,38.380041229896946],[-122.59724020842388,38.37995637826556],[-122.59695073362825,38.379527393190614],[-122.59686208138069,38.37921308067658],[-122.59691980445301,38.37898592656462],[-122.59689956396092,38.378766992059994],[-122.59682726902423,38.37851895702476],[-122.59688061660084,38.37847310872752],[-122.59720057178043,38.37867310789605],[-122.597498765704,38.378834293800686],[-122.59761134252169,38.378901342516066],[-122.59770830738003,38.37889070886731],[-122.59768370668083,38.37864717941294],[-122.59758717806481,38.37845367108193],[-122.59731782653871,38.378152488143705],[-122.59693461503777,38.377899415553806],[-122.59675552131631,38.377735905340614],[-122.59660882311665,38.37756051962423],[-122.59649354982592,38.37741924196364],[-122.59640174844868,38.37730412210955],[-122.59627443765848,38.37719069057884],[-122.59615894426831,38.37709824011],[-122.59610296237084,38.37699417029729],[-122.59593532242167,38.37687567791351],[-122.5958294056449,38.376774842378914],[-122.59584754571515,38.37662396262664],[-122.59593223156972,38.3763766546968],[-122.59594802522457,38.376185805110076],[-122.59589780713834,38.376051993237795],[-122.595798813952,38.37594945704829],[-122.59574929883887,38.375823603305854],[-122.5957968485006,38.37577457888611],[-122.59591819812235,38.37577831277147],[-122.59608820855182,38.37579758741158],[-122.59621567556687,38.37584809598891],[-122.59622079174584,38.376024286196554],[-122.59629778207051,38.37610088283999],[-122.59647408388169,38.376154770024115],[-122.59671161771247,38.376192096869204],[-122.59696531711485,38.37617012106265],[-122.59726466236631,38.376101041389234],[-122.59736775637809,38.375953255387884],[-122.59738849687056,38.37572075764403],[-122.59745526039522,38.37564655084979],[-122.59766680624504,38.37561051764791],[-122.59787432762438,38.37554626780437],[-122.59806092660425,38.37541357519646],[-122.59830809256638,38.37535572928961],[-122.59850047086792,38.375318202384534],[-122.59859580621666,38.37521585396346],[-122.59858113441472,38.37508211181274],[-122.59849429064067,38.37496249444267],[-122.5984107130116,38.37490724686122],[-122.59833738643844,38.37475477206705],[-122.59838134610428,38.374617218201635],[-122.59859169703587,38.37465473934503],[-122.59874301251907,38.37463535598483],[-122.5988217672355,38.37457616774248],[-122.59883045440573,38.37433700626696],[-122.59866346388489,38.37409735666789],[-122.59859169703584,38.37387517027362],[-122.59858389436306,38.373727210657144],[-122.59835119168402,38.373278053538066],[-122.5981833897284,38.37313797765975],[-122.59801116687625,38.37304584147424],[-122.59773020748248,38.372940541149134],[-122.597760277348,38.37286853479774],[-122.59790542745435,38.37274106314049],[-122.59806403859899,38.37243599028527],[-122.59805055999423,38.37220614606488],[-122.5980435547415,38.37210379047228],[-122.59829106534606,38.37210662660896],[-122.59857797345627,38.37218628388284],[-122.59867054619941,38.37229563600999],[-122.59876149096331,38.372461279454825],[-122.59894432186583,38.372556194094734],[-122.59915193210591,38.3725411423849],[-122.59939445220064,38.372518431189505],[-122.59940485587354,38.37260895442566],[-122.59935260620928,38.3727078899885],[-122.59937748607327,38.372813629410416],[-122.59947178376623,38.37290540275655],[-122.59959333797543,38.37304248114304],[-122.59980287096617,38.37322491588582],[-122.59992069643684,38.37345843255194],[-122.60009485548473,38.37356624529586],[-122.60032706754855,38.37356624529586],[-122.6005343997484,38.37349989899191],[-122.60065159925266,38.37346758125689],[-122.60075002523625,38.3735164855679],[-122.60077497506813,38.37365310561019],[-122.60052610646042,38.37379016407169],[-122.60053230248135,38.37390091462408],[-122.60042110484117,38.3740293388979],[-122.60036252963631,38.37410443298509],[-122.6003502483377,38.37422882188112],[-122.60029804104057,38.37427117477533],[-122.60020029343663,38.37434445362938],[-122.6001446152127,38.3744411871792],[-122.60016120178867,38.37464022609105],[-122.60024000776545,38.3749042841409],[-122.60033632022584,38.37491572180521],[-122.60032571321013,38.375048339032745],[-122.60030326851474,38.375139125990465],[-122.60032813804186,38.37524258308503],[-122.60038650071384,38.37539576931894],[-122.6003909371856,38.37557101593179],[-122.60026535941549,38.37566096416124],[-122.60025735338299,38.375768775561475],[-122.60029044593018,38.37587419692841],[-122.60036075776283,38.37589644554516],[-122.60035408118,38.375988551073405],[-122.60042872242533,38.376162053865336],[-122.60051260403345,38.37628861685806],[-122.60062197664169,38.37628688384443],[-122.6007032986329,38.376201414213384],[-122.60069828630301,38.37605012825714],[-122.6006670923563,38.37600447196603],[-122.60071119447949,38.37591171609812],[-122.60083153211565,38.375830152195924],[-122.60083543271237,38.37572950812538],[-122.6008130063251,38.375562532372015],[-122.60104694820205,38.375346675069416],[-122.6010957038236,38.37522005885963],[-122.60112851794342,38.37498679350853],[-122.6011798805808,38.37483873310654],[-122.60142872317863,38.37477688008741],[-122.60159175074041,38.374760097838404],[-122.60170503301492,38.37470345670114],[-122.6017616741522,38.37464681556387],[-122.6017904589141,38.37452682676098],[-122.60186459232273,38.374491309521545],[-122.60201225419006,38.37455535336425],[-122.60213661303732,38.3745396431609],[-122.60225226502624,38.374446397204764],[-122.60234987057767,38.374276469666356],[-122.60238607506277,38.37408062436197],[-122.60238503482229,38.373894792241195],[-122.60243577595767,38.373757053364294],[-122.6025154369789,38.37371441530424],[-122.60264828991575,38.37378270890151],[-122.60276378658075,38.37377541345206],[-122.60288566853015,38.37384432431024],[-122.60297903794698,38.374001119300644],[-122.6031142644527,38.37414665487576],[-122.60327952541184,38.37420243521466],[-122.60349813867873,38.37417887850101],[-122.60363542198246,38.37407692132539],[-122.60376589900933,38.37400197800113],[-122.60393582242116,38.37402812006449],[-122.6040796037696,38.374062976148956],[-122.60421902810751,38.374067333159516],[-122.60434117995314,38.37399239435337],[-122.60448289704046,38.373851222568675],[-122.60455887493109,38.37364470313529],[-122.60461285000945,38.37342067544606],[-122.60462873979633,38.3733525802041],[-122.60468569950899,38.37332840133048],[-122.60477635321377,38.373221237849734],[-122.60484406816083,38.373219465069006],[-122.60492486381806,38.37333099837504],[-122.60496376809598,38.37344628200852],[-122.60514707135655,38.37374055736759],[-122.60523420178622,38.373884314898184],[-122.60535216888712,38.37387738756779],[-122.60544334807456,38.37384948263157],[-122.60555914663323,38.373909583392695],[-122.60562198748259,38.3739009001197],[-122.6056751632847,38.373846441568226],[-122.6058850868132,38.373841091023834],[-122.60596178689009,38.3739238177135],[-122.60604972677558,38.3739625019581],[-122.60629335722311,38.373996775673],[-122.60631735315027,38.37409501921882],[-122.60626298987798,38.37416407048878],[-122.60603710284013,38.37418755088185],[-122.60594006727452,38.37422998589441],[-122.60573526778202,38.37413704532847],[-122.60563069952863,38.37415883038126],[-122.6055266459503,38.3742248451638],[-122.60532431976802,38.374200005150534],[-122.60517696516783,38.374169783743],[-122.60499571537325,38.37417922171707],[-122.60480735955014,38.37428199879103],[-122.60463984243324,38.37443784076801],[-122.60448981322583,38.37461913457053],[-122.60440818403796,38.37474968912011],[-122.60434601308083,38.37492506420014],[-122.60436379424316,38.37505064890304],[-122.60428585908065,38.37510699912656],[-122.60413437400815,38.375105712059145],[-122.60400325659937,38.37515599317734],[-122.60390463883924,38.37530562791979],[-122.60378332705154,38.375396221380036],[-122.60363954570313,38.375374436327235],[-122.60255892832552,38.375841504523656],[-122.60240841820486,38.37594868815225],[-122.60241522573607,38.37607155801668],[-122.60255465007393,38.376176126270096],[-122.60268971740126,38.376267623491835],[-122.60283785576027,38.37645061793532],[-122.60296390905593,38.37649446215803],[-122.60311406373381,38.376529966988066],[-122.60334184684145,38.376679824436366],[-122.60354687813556,38.37673330202136],[-122.60370540147889,38.37674431208804],[-122.60389969042352,38.37674594665348],[-122.60405201547823,38.37667019956214],[-122.60415484795605,38.37667105461963],[-122.60429745429755,38.37677739372723],[-122.6044848057516,38.37682967785394],[-122.60461591532986,38.37683600351701],[-122.60475372180059,38.37679514716372],[-122.60492214990944,38.376662369764],[-122.60501358899384,38.37664670962727],[-122.60513998877131,38.376789307826904],[-122.60531073570876,38.37688650909197],[-122.60551451675283,38.37695554914612],[-122.60551904893371,38.37702849240731],[-122.60550981713452,38.3771661433038],[-122.60563122316621,38.377295720132004],[-122.60580727492237,38.377323309509535],[-122.60596697515662,38.37724693357064],[-122.60616744104725,38.37692870885248],[-122.6062175523035,38.37683897302716],[-122.60620986439704,38.37670330363283],[-122.60618546523506,38.376422002941574],[-122.60626911479343,38.37633314190739],[-122.60635366802859,38.37634245033496],[-122.60657875969896,38.376500652225566],[-122.6067214103907,38.3765295862787],[-122.60682318021148,38.37660553525296],[-122.60689427344039,38.37677241587812],[-122.6069867324223,38.37687321910147],[-122.60716050174979,38.376971628462435],[-122.60755610626649,38.376989868611],[-122.60774962471153,38.3772568502922],[-122.6077536824316,38.37735099808572],[-122.6076900397041,38.377467785227076],[-122.60770906989619,38.37758995778974],[-122.60784734444366,38.37780698218664],[-122.60797408906949,38.377945654004996],[-122.60809372137999,38.378035679906404],[-122.6082689661466,38.37808147202178],[-122.60850600268488,38.3780887582446],[-122.60867909559359,38.378049950637546],[-122.6087743468716,38.377992746070426],[-122.6088626018835,38.37786905031052],[-122.60889240824315,38.377654988228386],[-122.60897975136662,38.377559501946976],[-122.60910169592981,38.37750866363239],[-122.60923247227572,38.37754654343216],[-122.60937873831028,38.37763317090879],[-122.60962315449738,38.37775711229101],[-122.60984222311606,38.377819852288894],[-122.6100794896886,38.37789145970426],[-122.61013053953276,38.37802665354676],[-122.61016749352774,38.37814344770138],[-122.6102321304222,38.37821457803204],[-122.61034212134575,38.37829138604112],[-122.61048300890549,38.3783014312428],[-122.6106153548233,38.378259835543815],[-122.61101948784483,38.378079970651115],[-122.61126130571567,38.37800391585643],[-122.61138809499691,38.37799607056388],[-122.61145140596767,38.3780660376176],[-122.61143682982609,38.37822138517708],[-122.61138314880021,38.37839664301862],[-122.61137209179257,38.37859888270354],[-122.6114273329913,38.37871982326844],[-122.61150151749521,38.37887843999244],[-122.6115422038785,38.37908248482908],[-122.6116058864075,38.37928360817176],[-122.61177366778104,38.37943194540652],[-122.61217823030661,38.379797802360166],[-122.61230678455402,38.379899576162494],[-122.61251260660678,38.380001843902264],[-122.61267328394706,38.37998309472387],[-122.61276748210577,38.37989629906726],[-122.61279984617443,38.3797235086222],[-122.61279625290925,38.37948568910337],[-122.61280239443037,38.37940051635852],[-122.61284007750837,38.37934136635292],[-122.61295513621444,38.37930167319518],[-122.61325524831031,38.37930106410462],[-122.61335446059246,38.37925611112199],[-122.61333270775552,38.37909492144291],[-122.61326868975434,38.378927757321954],[-122.61325700179724,38.3788271797482],[-122.61329146584922,38.378782149294],[-122.61334262162403,38.37876916391403],[-122.61344166699138,38.37881053118903],[-122.61364209954633,38.37894445705484],[-122.6139575424796,38.37914045093244],[-122.61423858402341,38.37941739037341],[-122.61453262221825,38.37964106927626],[-122.61459556958158,38.37968191157581],[-122.61471003139123,38.379705604302394],[-122.6148353151742,38.37966088163429],[-122.61488164094649,38.37960297603285],[-122.61488597735408,38.37912688006744],[-122.61497992466387,38.378957962744344],[-122.61527898611983,38.37870076784009],[-122.61529002110399,38.37859082359532],[-122.61522000364377,38.37852177193543],[-122.61495794212766,38.378523139123516],[-122.61472851318321,38.37852156337959],[-122.61457958881627,38.37836516638651],[-122.61444587332817,38.378248848050944],[-122.61421532382299,38.37814325875366],[-122.61382868252727,38.37803232761596],[-122.61353258136148,38.378032133753436],[-122.61328980131397,38.37807909876803],[-122.61318530754914,38.378089154039436],[-122.61314240328366,38.37804622765004],[-122.61312777025513,38.37791318240228],[-122.61307930429061,38.377851362842264],[-122.61298753063976,38.37781946530629],[-122.61288393728232,38.37782095901005],[-122.61267655068184,38.37787616627099],[-122.61238154055633,38.37776793363185],[-122.61225844883711,38.377635700865895],[-122.61224180710545,38.37745898667229],[-122.61220395412532,38.37740460688658],[-122.61219729608261,38.3772021222253],[-122.61215893138407,38.377077199855094],[-122.61207047594036,38.376967864671485],[-122.61193564591852,38.37685638077313],[-122.61183275623888,38.376858694912606],[-122.61158570637255,38.37696019402422],[-122.61138676710792,38.37691314849489],[-122.61125819556216,38.37689711145756],[-122.61109211864121,38.376903903903894],[-122.61083513554813,38.376992248615316],[-122.61069316509762,38.37707508244776],[-122.61057609724935,38.37712420901253],[-122.6105046195636,38.37712413283365],[-122.61037725787041,38.37700542349085],[-122.61030099622185,38.37694532935297],[-122.61029952072444,38.37687295319456],[-122.61037749716574,38.37674987954262],[-122.61043660093205,38.37665176755662],[-122.61043304967077,38.376543382293924],[-122.6103700808115,38.37646802160538],[-122.61017183825305,38.37642187067856],[-122.60999160442353,38.37636515641602],[-122.60995657397144,38.376263801644235],[-122.60991741997044,38.376199172278056],[-122.60985317617387,38.37615922754321],[-122.60980644643769,38.37611582222294],[-122.60984297259654,38.37609182943255],[-122.60998970600265,38.37607629352372],[-122.61008256084025,38.37602545585819],[-122.6102644233756,38.37607910282787],[-122.61045698421255,38.37603028595549],[-122.61058867977223,38.37599728870865],[-122.61077325959599,38.37591092183567],[-122.61114872499178,38.37593083088654],[-122.61170581827258,38.375740607951855],[-122.6123598272381,38.37536375100268],[-122.61249097945262,38.37533945504638],[-122.61260152464037,38.37534563160275],[-122.61286016703097,38.375487616695125],[-122.61297704035796,38.37552119626548],[-122.6131337972857,38.37554311704863],[-122.61341278132292,38.37552892140185],[-122.61350974626949,38.37548988428132],[-122.61356086419272,38.37545579514714],[-122.61357263207363,38.37539299434752],[-122.61354456082454,38.37529931894414],[-122.61344388629423,38.37522562483432],[-122.61314659602193,38.375134911897824],[-122.61301523016841,38.37502941136983],[-122.61297983547392,38.374925566687885],[-122.61287249018717,38.37490538002646],[-122.61266783236088,38.37491235425065],[-122.61256404098417,38.375015870644816],[-122.61247605181129,38.37499572264939],[-122.6124659894217,38.37491603954002],[-122.61248853073322,38.3747469422731],[-122.61245894020746,38.37469131679267],[-122.61238128705784,38.3745694362875],[-122.61223105177571,38.37449491232986],[-122.61193112338644,38.37448855524733],[-122.61172687899887,38.37448118267617],[-122.61166613937166,38.37440497159114],[-122.61161997323308,38.37428468046755],[-122.61150719414,38.37409320884831],[-122.61139198740578,38.374025893673505],[-122.61124591590605,38.37397775762801],[-122.61107130218232,38.373977239983724],[-122.61098077147041,38.37393543362817],[-122.6108398404791,38.37384143949279],[-122.61065593982693,38.37379824372011],[-122.61027994227892,38.373802555339424],[-122.6100699383322,38.37377069461039],[-122.60985129001962,38.3737191363507],[-122.60980175603174,38.37364536863639],[-122.60984603791115,38.37356685860494],[-122.60994887070161,38.3735123709086],[-122.61014167800386,38.37349093107839],[-122.61042037720256,38.373457002457386],[-122.61058055624717,38.37343622121871],[-122.61076597408302,38.373355592388755],[-122.61096173473754,38.37321778543487],[-122.61102191259354,38.35615073857914],[-122.6107438927293,38.35618100515924],[-122.61060020227184,38.35619091484596],[-122.61045155697101,38.35624541812293],[-122.61031282135691,38.356304876243264],[-122.61017904058617,38.35633956014679],[-122.61001057591189,38.35635442467687],[-122.60986688545442,38.35633956014679],[-122.60979751764738,38.3562999213999],[-122.60970337562351,38.35626028265302],[-122.60963400781647,38.356185960002605],[-122.6095150915758,38.35606208891858],[-122.6094259043953,38.355972901738085],[-122.60936644627498,38.35602245017169],[-122.60926734940776,38.35602245017169],[-122.60918311707063,38.356042269545135],[-122.60904933629988,38.35601254048497],[-122.60897501364947,38.356096772822106],[-122.60887096193888,38.356200824532685],[-122.60878177475838,38.35626523749638],[-122.60861331008412,38.35628505686982],[-122.60843493572312,38.356324695616706],[-122.60834574854263,38.356324695616706],[-122.60825656136213,38.356394063423764],[-122.60811782574801,38.35645847638745],[-122.60797413529055,38.356567482941394],[-122.60785026420655,38.356656670121886],[-122.60771152859243,38.35668144433869],[-122.60754306391817,38.35669630886878],[-122.6073845089306,38.356691354025415],[-122.60718631519617,38.356691354025415],[-122.60710208285904,38.35668144433869],[-122.60702280536526,38.35671117339886],[-122.60693857302813,38.35673594761566],[-122.60681965678747,38.356730992772306],[-122.60658182430613,38.356730992772306],[-122.60644308869205,38.35671117339886],[-122.60623003042754,38.35670126371214],[-122.6061309335603,38.35668639918205],[-122.60603679153645,38.356636850748444],[-122.60588319139225,38.35664676043517],[-122.60573950093479,38.356726037928944],[-122.60572959124805,38.356775586362545],[-122.60572463640472,38.356820179952805],[-122.60560572016405,38.356820179952805],[-122.60551157814018,38.356857341277994],[-122.60546946197161,38.35689202518153],[-122.60540009416455,38.35690193486824],[-122.60530842956238,38.35692175424169],[-122.60519199074342,38.356946528458494],[-122.6050904164545,38.3570084640005],[-122.60495663568376,38.357053057590754],[-122.60486001623822,38.35710756086772],[-122.6048104678046,38.357139767349565],[-122.60469898382901,38.35714719961461],[-122.60461227407018,38.35717197383141],[-122.60452060946804,38.35729832233711],[-122.60442151260082,38.35737759983088],[-122.60435709963711,38.357451922481296],[-122.60424313823982,38.35753119997507],[-122.60420349949291,38.357575793565324],[-122.60415395105933,38.35763525168565],[-122.60407893726855,38.357798827298744],[-122.60397557669833,38.357962271347475],[-122.6038913443612,38.35805145852797],[-122.60372783453029,38.358135690865105],[-122.6035345956392,38.35814560055182],[-122.60340203706157,38.35806768393595],[-122.60321392249242,38.35796879411387],[-122.60306773799509,38.35792854041171],[-122.60293850242499,38.35785650747099],[-122.60284528332525,38.35785015162328],[-122.60274994560957,38.3579243031799],[-122.60270121744378,38.35797514996158],[-122.6026334217349,38.358089555220374],[-122.60255927017828,38.358172181240604],[-122.60249359308527,38.358208197710965],[-122.60237706921056,38.358201841863256],[-122.60228808734263,38.35815735092928],[-122.60218851239517,38.358104385531696],[-122.60209741191133,38.358074724909045],[-122.60196605772533,38.35813192753844],[-122.60176902644632,38.35823785833361],[-122.6016224714783,38.35827791834536],[-122.6013356548739,38.35828227488985],[-122.60117666258947,38.35823968767081],[-122.60095804819836,38.35803242987146],[-122.60077918187838,38.357728641042264],[-122.60068832914442,38.3575440964264],[-122.60068645006065,38.35737096876679],[-122.60069547039333,38.35720665773491],[-122.6005715993093,38.35706544469912],[-122.60042921829107,38.35705200159061],[-122.60034119909301,38.357097651180965],[-122.60025201191252,38.357100128602646],[-122.60018016668377,38.3570926963376],[-122.60008106981653,38.35701341884383],[-122.60003895364798,38.35692918650669],[-122.60000922458781,38.35683999932619],[-122.59998940521436,38.356738425037285],[-122.59997701810597,38.35664180559174],[-122.59996215357586,38.356557573254605],[-122.59987048897369,38.3564436118573],[-122.59980009994314,38.35627189499026],[-122.5996812354225,38.35613430821161],[-122.5996094529286,38.35587467743981],[-122.59959241804098,38.35576111152235],[-122.59943910405244,38.355596440942044],[-122.59921197221752,38.35553397968744],[-122.59921197221752,38.355710006859496],[-122.59930282495148,38.35587467743981],[-122.59926307688039,38.35605638290773],[-122.59912111948356,38.35625512326328],[-122.59895644890324,38.35642547213947],[-122.59882584809819,38.356453863618825],[-122.59874067366007,38.356669638861995],[-122.59868389070135,38.35685702262579],[-122.59872931706835,38.35705008468547],[-122.5987577085477,38.35718636378641],[-122.59872441958744,38.3573830475399],[-122.59854270756189,38.35762019971109],[-122.59844136925088,38.35768275589382],[-122.59837252175974,38.35778421535443],[-122.5983254155816,38.35786393350204],[-122.59831816847729,38.357940028097495],[-122.59831816847729,38.35809946439272],[-122.59832276779322,38.35829064404843],[-122.5982915346384,38.358375506842],[-122.59820263869798,38.3585047121906],[-122.5980583117451,38.35855344269035],[-122.59782732060432,38.35858506775953],[-122.59773115302667,38.35853791420461],[-122.59765505843122,38.358523419995954],[-122.5975862109401,38.358519796443794],[-122.59751373989678,38.35854878486111],[-122.5974919985838,38.35856690262193],[-122.59740140977969,38.35856690262193],[-122.5973071974234,38.35857414972626],[-122.5972492205888,38.35857414972626],[-122.59720211441065,38.35861400880007],[-122.59710427850223,38.35866836208253],[-122.5969339715505,38.35866836208253],[-122.59676728815093,38.35865749142604],[-122.59666609051243,38.35880575468694],[-122.59656980903871,38.35882263330248],[-122.59643448561171,38.358847232159185],[-122.5964204274146,38.358871703835625],[-122.59637244598522,38.35895114877918],[-122.59626687970079,38.35900622684062],[-122.59617967277018,38.35908425409433],[-122.59606492680884,38.35908884393278],[-122.59593182149369,38.359102613448144],[-122.59584461456308,38.35905671506361],[-122.59577117714781,38.359052125225155],[-122.59569941151358,38.358980945743184],[-122.595575308,38.359003437],[-122.59552103095213,38.35906130490206],[-122.59555298324865,38.35912994316869],[-122.59558299377123,38.35919441021722],[-122.59563577691343,38.35928391206705],[-122.59571839400559,38.359412427543745],[-122.59568167529794,38.359577661728075],[-122.59553480046746,38.35964191946642],[-122.59526720797649,38.359541693336986],[-122.59500601446553,38.3593954936895],[-122.59474303339016,38.359454370049654],[-122.59399334107083,38.35972912639705],[-122.59335355129046,38.35997248201903],[-122.59314944657524,38.36010986019273],[-122.59285113968379,38.360168736552886],[-122.59261170915248,38.36014518600883],[-122.59222312517544,38.36010593510206],[-122.59199939500685,38.36003135837919],[-122.59177958992892,38.3599096805682],[-122.59163828666456,38.35976837730382],[-122.59151597056628,38.3596367845501],[-122.59131583889199,38.35905736226165],[-122.59108051550587,38.35906989538396],[-122.59093569543336,38.359152138067515],[-122.59066093908596,38.3591717635209],[-122.5904686096428,38.3591717635209],[-122.59028493356082,38.359112267398004],[-122.5900878758471,38.359054010800584],[-122.59000544894288,38.359054010800584],[-122.58998974858018,38.359105036979386],[-122.59004469984966,38.35919923915564],[-122.59013393745379,38.35935223899267],[-122.59030882662621,38.35963339837017],[-122.59042338540117,38.359789614881464],[-122.5904988900483,38.3599145880905],[-122.5905353405676,38.36002654325692],[-122.59054767478644,38.36007721291385],[-122.59055808826577,38.3601188668312],[-122.5905975534645,38.36026672444988],[-122.59058426171431,38.360356443763784],[-122.59053109471348,38.36040296488951],[-122.59044802127468,38.3604594548279],[-122.5903483331481,38.360472746578104],[-122.59026174010862,38.36044868532529],[-122.59020967271192,38.36043462712818],[-122.59007252933128,38.36039964195196],[-122.589926320079,38.360353120826225],[-122.58954750519808,38.360177005135974],[-122.58919527381755,38.36005073350899],[-122.58902248106486,38.35983141963055],[-122.5888031671864,38.35964533512763],[-122.58859714505819,38.35939943774878],[-122.58843099818056,38.35920670737075],[-122.58816516317637,38.35918676974544],[-122.58797907867347,38.3591203109944],[-122.58776641067014,38.35898739349232],[-122.58750722154107,38.35899403936742],[-122.58719486541118,38.35886112186533],[-122.58696890565763,38.35882789248981],[-122.58666984127795,38.35886112186533],[-122.58636413102313,38.35877472548898],[-122.58627773464679,38.35886112186533],[-122.58635748514806,38.358974101742106],[-122.58656350727627,38.3591203109944],[-122.58669642477837,38.359193415620545],[-122.58686257165597,38.35942602124919],[-122.58694896803233,38.359512417625545],[-122.58723474066181,38.35958552225169],[-122.58747399216556,38.35966527275295],[-122.58763349316807,38.359838065505656],[-122.58767336841868,38.359997566508156],[-122.5875736802921,38.360177005135974],[-122.58761355554273,38.36025010976212],[-122.58780628592076,38.36032986026337],[-122.58789268229714,38.360462777765456],[-122.58794584929794,38.360682091643895],[-122.58811199617554,38.36080836327088],[-122.5883246641789,38.36087482202192],[-122.58843764405567,38.361140657026084],[-122.58848729961039,38.3614015637251],[-122.58862132874678,38.361473733260084],[-122.58859039894608,38.361628382263625],[-122.58871411814889,38.36175210146645],[-122.58886337210095,38.361907766550374],[-122.58869349828178,38.362092329274226],[-122.58849401950638,38.36227708328427],[-122.58824658110076,38.36234925281924],[-122.58802335259975,38.362138723975285],[-122.58766765989164,38.36167993193146],[-122.58749754598774,38.36145826835973],[-122.58719340294745,38.361380943857974],[-122.5869820493093,38.361380943857974],[-122.58683771023934,38.36130877432298],[-122.58642015792978,38.36141187365867],[-122.58615052612227,38.361425755030446],[-122.58595105595239,38.361210829954075],[-122.58560567317781,38.36106133591733],[-122.58519843080185,38.360901531947],[-122.58480149835944,38.36081389751167],[-122.58448704538559,38.3607365730099],[-122.5841829023453,38.360705643209194],[-122.58398185864071,38.360602543873505],[-122.58386844937145,38.360545839238874],[-122.58357977123153,38.36065409354135],[-122.58334779772623,38.36067986837527],[-122.58319830368947,38.36058707897315],[-122.58312613415448,38.36046335977032],[-122.5829817950845,38.36036026043463],[-122.58281683614742,38.36045304983675],[-122.58263125734317,38.36045304983675],[-122.5825178480739,38.36064378360778],[-122.58230649443574,38.36086029221273],[-122.58206936596368,38.36107164585089],[-122.58197142159476,38.36128815445584],[-122.58190930764286,38.36143722794037],[-122.58186832225906,38.3615355928615],[-122.58173429312266,38.3615355928615],[-122.58154355935163,38.36148919816044],[-122.58139922028167,38.361396408758324],[-122.58119302161029,38.36124691472157],[-122.58106414744069,38.36113350545231],[-122.58100966869708,38.36099390162295],[-122.58091465340392,38.360772657777396],[-122.58084763883573,38.36058192400637],[-122.58068783486543,38.36053037433852],[-122.58048679116084,38.36050975447139],[-122.58028323714792,38.36055690782204],[-122.57990633665412,38.360613550157936],[-122.57964349896781,38.360463294134206],[-122.57949209512745,38.36047220024246],[-122.57924272409632,38.36047220024246],[-122.57904678971468,38.36047220024246],[-122.57885976144134,38.360258453644335],[-122.57861929651843,38.35995564596365],[-122.5784857048946,38.359741899365524],[-122.57834320716252,38.35951924665914],[-122.57826305218823,38.35923425119497],[-122.57801368115707,38.359189720653696],[-122.57771977958464,38.35923425119497],[-122.57752384520303,38.35950143444263],[-122.57736353525445,38.35962611995821],[-122.5770518214655,38.35967065049948],[-122.57682026265084,38.35959940163344],[-122.57669557713528,38.35972408714901],[-122.57662432826923,38.35988439709761],[-122.57642839388764,38.36000908261318],[-122.57616121063997,38.360080331479224],[-122.57586730906753,38.36008923758748],[-122.57558231360338,38.360026894829694],[-122.57542200365477,38.36003580093795],[-122.57533294257222,38.36024064142782],[-122.57532403646395,38.36043657580944],[-122.57522606927316,38.36045438802595],[-122.57455115221804,38.36056789321803],[-122.57457576862141,38.364027871699626],[-122.57430736383212,38.36411907241815],[-122.57400186293434,38.364217293445094],[-122.57369389478406,38.36404408710155],[-122.57331394661573,38.363878291537176],[-122.57298926363549,38.3638437507946],[-122.57280965177407,38.363657230784675],[-122.57258168287306,38.36348452707179],[-122.57234680582353,38.36342235373515],[-122.57200139839776,38.363118395200466],[-122.57191159246707,38.362779895923204],[-122.57184941913042,38.3626002840618],[-122.5714901954076,38.362593375913285],[-122.57131058354621,38.362786804071725],[-122.57124150206107,38.362994048527185],[-122.57100662501153,38.363021681121246],[-122.57075793166494,38.362876610002424],[-122.57055993,38.362953753],[-122.57040561609068,38.362945691487575],[-122.5702398205263,38.36315293594304],[-122.5700533005164,38.36338781299257],[-122.5699220456946,38.36342926188367],[-122.56959045456583,38.36347761892328],[-122.56933485307077,38.36349834336882],[-122.56903089453608,38.363470710774756],[-122.56887200712025,38.3633118233589],[-122.56881674193212,38.3631322114975],[-122.56886509897171,38.36281443666578],[-122.56887200712025,38.36256574331922],[-122.56865094636775,38.36253811072516],[-122.56849205895189,38.362545018873675],[-122.56840225302116,38.362503569982586],[-122.56826409005086,38.3626002840618],[-122.56811901893204,38.36263482480438],[-122.5679601315162,38.362641732952895],[-122.56768380557556,38.36284897740836],[-122.56761472409042,38.36295950778461],[-122.56727622481313,38.36311148705195],[-122.56699989887254,38.36319438483414],[-122.56670975663488,38.36322892557671],[-122.56644033884277,38.363187476685624],[-122.56655086921901,38.362980232230164],[-122.56677883812006,38.362938783339054],[-122.56663376700119,38.362855885556876],[-122.56648869588238,38.362828252962814],[-122.56639198180315,38.36269699814102],[-122.56629342170295,38.36242777896039],[-122.56581169732785,38.36245866701723],[-122.56555609583278,38.36246557516574],[-122.56522450470403,38.362403401829106],[-122.56496890320894,38.36227905515583],[-122.56476165875348,38.36207181070036],[-122.56475475060498,38.361781668462704],[-122.564768566902,38.36149152622505],[-122.56469257726832,38.36122210843295],[-122.56434716984256,38.361242832878496],[-122.56400176241677,38.36123592472998],[-122.56392577278312,38.36117375139334],[-122.56335123559049,38.36079548536353],[-122.56270678436304,38.36037118905977],[-122.56248733820746,38.36037902642247],[-122.56205628325895,38.36045740004947],[-122.56171143930018,38.360410375873265],[-122.56142929424297,38.36030065279547],[-122.56111579973496,38.360081206639876],[-122.56109228764687,38.35989310993508],[-122.560802305227,38.35983041103348],[-122.5606220458849,38.359767712131884],[-122.56041043709197,38.35963447696599],[-122.56030855137689,38.35941503081039],[-122.5602301777499,38.359320982457994],[-122.56013612939749,38.359289633007194],[-122.55994019533,38.359156397841296],[-122.55975209862521,38.3589369516857],[-122.5596110260966,38.35866264399121],[-122.55960318873393,38.35856075827611],[-122.559391579941,38.35847454728641],[-122.55914862169732,38.35834131212052],[-122.55907024807034,38.35816105277842],[-122.55909376015843,38.35796511871092],[-122.55930536895133,38.35785539563312],[-122.55948562829342,38.35773783519263],[-122.55968156236092,38.357643786840235],[-122.559783448076,38.35760460002673],[-122.55983830961492,38.35746352749813],[-122.55993162800846,38.357369890862245],[-122.55991516954677,38.3573122862464],[-122.55980818954593,38.3573122862464],[-122.55966829262174,38.3573122862464],[-122.55953662492837,38.357287598553896],[-122.55936381108084,38.35724645239972],[-122.55915808030996,38.357205306245554],[-122.55906755877079,38.35709009701386],[-122.55896057876993,38.356991346243845],[-122.55884536953823,38.35681853239631],[-122.55877130646076,38.356670406241285],[-122.55865609722906,38.35647290470125],[-122.55846682491986,38.3562260277762],[-122.55831869876484,38.356036755467],[-122.55813765568647,38.35580633700363],[-122.55794015414642,38.355617064694435],[-122.55778379876055,38.35542779238523],[-122.55771796491388,38.35527143699937],[-122.55770973568305,38.35515622776768],[-122.55775088183722,38.35504924776683],[-122.55784140337641,38.35496695545848],[-122.55796484183894,38.35489289238097],[-122.55808828030145,38.35488466315013],[-122.55822817722564,38.35486820468846],[-122.558409220304,38.35485997545763],[-122.55850797107401,38.35485997545763],[-122.55855734645903,38.35480237084178],[-122.55863963876739,38.354711849302596],[-122.5587383895374,38.354629556994254],[-122.55887828646159,38.35460486930175],[-122.55900172492412,38.35458841084008],[-122.55914985107914,38.35457195237841],[-122.55927328954168,38.35455549391674],[-122.55934735261917,38.35448143083922],[-122.55947902031254,38.35439913853088],[-122.55964360492924,38.35438268006921],[-122.55975881416093,38.35438268006921],[-122.5598328772384,38.35434153391503],[-122.55989871108513,38.35421809545251],[-122.5600386080093,38.354144032375],[-122.56014558801013,38.35410288622082],[-122.56032663108851,38.35406174006665],[-122.56050767416689,38.354012364681644],[-122.56067225878358,38.3539547600658],[-122.56072986339942,38.353938301604124],[-122.56076278032275,38.35389715544996],[-122.56082861416944,38.35386423852661],[-122.5608862187853,38.35388892621912],[-122.56096851109363,38.353880696988284],[-122.5610261157095,38.35383955083411],[-122.56110017878697,38.35378194621827],[-122.56123184648034,38.35369965390992],[-122.56138820186622,38.35364204929407],[-122.56156924494458,38.35362559083241],[-122.56170091263795,38.3536009031399],[-122.56173382956128,38.35353506929322],[-122.56167622494544,38.35342808929237],[-122.5616021618679,38.35334579698402],[-122.56165153725293,38.353247046214],[-122.56168445417626,38.35318944159816],[-122.56171737109959,38.35312360775148],[-122.56165976648379,38.35304131544313],[-122.56142111878955,38.35291787698061],[-122.5613141387887,38.35282735544143],[-122.56123184648034,38.35279443851809],[-122.5611248664795,38.352777980056416],[-122.56089444801611,38.35279443851809],[-122.56068871724527,38.35279443851809],[-122.56051590339774,38.35278620928725],[-122.56033486031936,38.35269568774807],[-122.56017850493352,38.352588707747216],[-122.56008798339433,38.35246526928469],[-122.56003860800932,38.35227599697549],[-122.56006329570182,38.35218547543632],[-122.56012912954849,38.35211964158963],[-122.56023610954935,38.352045578512126],[-122.56038423570438,38.35198797389628],[-122.56056527878275,38.35197974466544],[-122.56068871724527,38.35193036928043],[-122.56083684340028,38.35188099389543],[-122.5609602818628,38.351782243125406],[-122.56116601263369,38.35163411697038],[-122.56132236801956,38.351568283123704],[-122.56156101571375,38.351403698507006],[-122.56174205879209,38.35137078158366],[-122.56192310187048,38.35135432312199],[-122.56203831110217,38.35137078158366],[-122.56216997879554,38.35142015696867],[-122.5623098757197,38.35147776158451],[-122.5623757095664,38.35154359543119],[-122.56263492187925,38.35164608485914],[-122.56271505658528,38.35155377321665],[-122.56249503341348,38.35129671850615],[-122.56239628264348,38.35111567542778],[-122.56231399033513,38.350984007734425],[-122.56229753187345,38.35091405927233],[-122.56223992725762,38.35084822542565],[-122.56222346879595,38.350807079271476],[-122.56211421215396,38.350798406061735],[-122.56192721648587,38.350770047732716],[-122.56175851725378,38.35072890157854],[-122.56156513032917,38.35062192157769],[-122.56136762878914,38.35049436849975],[-122.56120715878784,38.35030098157513],[-122.56119481494159,38.35015697003553],[-122.5611907003262,38.34999238541883],[-122.56120715878784,38.34993066618757],[-122.56139643109705,38.34983191541755],[-122.56142934802038,38.34979488387879],[-122.5615251759988,38.349772785252576],[-122.56164827906588,38.34974439679327],[-122.56173512422227,38.34969807937652],[-122.56176407260773,38.349588075511754],[-122.561781441639,38.34939701616769],[-122.561781441639,38.34925227424037],[-122.56159617197204,38.34919437746944],[-122.56143985069052,38.34915384972979],[-122.5613008984403,38.349124901344325],[-122.56119668425264,38.34901489747956],[-122.560970886846,38.34880646910422],[-122.56096989547277,38.34880593923232],[-122.56065428443482,38.34862140374194],[-122.56041477271654,38.348441769953226],[-122.56029501685741,38.34822792020476],[-122.56016670700834,38.34809105636574],[-122.56008972109888,38.34809105636574],[-122.56001273518942,38.34817659626513],[-122.55995285725986,38.34835623005384],[-122.55987587135041,38.34850164788279],[-122.55973045352147,38.348689835661446],[-122.55959358968245,38.34874971359101],[-122.5594310638736,38.348792483540706],[-122.55936263195409,38.348843807480335],[-122.55935407796414,38.3489464553596],[-122.55942250988366,38.34896356333948],[-122.55945672584342,38.349040549248926],[-122.55944817185348,38.34929716894708],[-122.55938829392389,38.34956234263518],[-122.55930275402453,38.34977619238365],[-122.55915733619558,38.34999859612205],[-122.55890927048735,38.35011835198119],[-122.55872108270871,38.350169675920824],[-122.55841313907092,38.350101244001316],[-122.55819073533252,38.35006702804156],[-122.55813941139287,38.350024258091864],[-122.55807097947336,38.350024258091864],[-122.55794266962428,38.34999859612205],[-122.55779725179534,38.35003281208181],[-122.55767749593619,38.35012690597113],[-122.55763472598649,38.35021244587051],[-122.55756629406699,38.350323647739714],[-122.55732678234871,38.35037497167935],[-122.5570787166405,38.35036641768941],[-122.55698462275114,38.35035786369947],[-122.55676413190602,38.350331875249054],[-122.55661166651132,38.35030005638407],[-122.55637728946552,38.35024666183027],[-122.55618054769693,38.350135459961066],[-122.5559752519384,38.350007150111985],[-122.55585549607926,38.349887394252846],[-122.55559887638111,38.3495452346553],[-122.5550571116238,38.34887333560368],[-122.55499542172608,38.34868071053547],[-122.55491416719094,38.34842699540613],[-122.5546536604929,38.34836906103875],[-122.5544483647344,38.348322014094094],[-122.55421313001108,38.348249305179614],[-122.55396506430287,38.34818942725004],[-122.55375549154935,38.34813810331041],[-122.55354591879588,38.34808677937078],[-122.553387669982,38.34801834745127],[-122.55310111131907,38.34804400942109],[-122.55281882965109,38.34803117843618],[-122.55253227098814,38.347988408486486],[-122.55227565128996,38.34793708454686],[-122.55199764661697,38.347808774697775],[-122.55176668888862,38.34757353997446],[-122.55159560908987,38.34726987333165],[-122.55158277810494,38.34712445550269],[-122.55160844007479,38.34677801891017],[-122.55163410204459,38.34672669497054],[-122.55170253396409,38.34670958699066],[-122.551856505783,38.34670958699066],[-122.55218155740066,38.34677801891017],[-122.55243817709881,38.34688066678944],[-122.55268624280706,38.34697476067876],[-122.55280599866616,38.34704319259827],[-122.55299418644478,38.34694909870895],[-122.55312249629392,38.34684645082968],[-122.5533705620021,38.346837896839745],[-122.5535673037707,38.34681223486993],[-122.55357585776066,38.346769464920236],[-122.5534817638713,38.3466497090611],[-122.55329357609267,38.34651284522208],[-122.55305406437441,38.34636742739312],[-122.55279744467623,38.346239117544044],[-122.5526092568976,38.34608514572515],[-122.5524296231089,38.34587984996662],[-122.55232697522963,38.34570021617791],[-122.55230986724976,38.34551202839926],[-122.55235263719945,38.345358056580366],[-122.55250660901835,38.345306732640736],[-122.55281455265613,38.345289624660865],[-122.55311394230398,38.34534950259042],[-122.55342188594177,38.34543504248981],[-122.55350742584118,38.3455205823892],[-122.55359296574056,38.3455205823892],[-122.55372127558964,38.345477812439505],[-122.55395581509525,38.3454345664237],[-122.55412331311676,38.345409380519996],[-122.55428583892558,38.34529817865079],[-122.55445691872434,38.34526396269104],[-122.55463655251306,38.34522119274135],[-122.55475630837219,38.34516986880172],[-122.55473920039232,38.34504155895264],[-122.55459378256337,38.344913249103556],[-122.55449968867404,38.34479349324442],[-122.55448899618662,38.34461599795319],[-122.55444836473443,38.3445454275362],[-122.5543221933828,38.34452404256134],[-122.55419174503628,38.34452618105882],[-122.55402280373495,38.34445774913931],[-122.55356023422212,38.34419937564677],[-122.55220449203973,38.3435702442203],[-122.55200192361205,38.34340774687434],[-122.55201475459694,38.34327943702526],[-122.552006200607,38.34319389712588],[-122.55194204568247,38.34316395816109],[-122.55184367479815,38.34316395816109],[-122.55167687199436,38.34311691121643],[-122.55154428515033,38.34307414126673],[-122.55145446825598,38.343044202301954],[-122.55132188141192,38.34312546520637],[-122.55113018582044,38.34320845985464],[-122.55084468823783,38.343184210208776],[-122.55059013920385,38.34311894972439],[-122.55030968043144,38.34306356061676],[-122.55026204803926,38.34298386001172],[-122.55025030545542,38.34271673670306],[-122.55029042653163,38.34259064189217],[-122.55033627919012,38.342481741828216],[-122.55033627919012,38.34241869442277],[-122.55029615811394,38.34233272068807],[-122.55017579488536,38.34224101537106],[-122.55010701589761,38.342097725813225],[-122.5500267737452,38.3420002889139],[-122.54990641051663,38.34194297309077],[-122.54977458412343,38.34188565726763],[-122.54964848931253,38.34178822036831],[-122.54949373659007,38.341627736063536],[-122.54942495760231,38.341530299164205],[-122.54933325228534,38.34138127802406],[-122.54928166804451,38.34126091479548],[-122.54928166804451,38.34118067264309],[-122.54927593646221,38.34104884624989],[-122.54925301013293,38.34092848302131],[-122.54924154696829,38.34076799871654],[-122.54916703639825,38.34066483023489],[-122.5491039889928,38.340630440741016],[-122.5490237468404,38.34056739333557],[-122.54889192044719,38.34045849327162],[-122.54882887304173,38.34034386162535],[-122.54873143614242,38.340263619472964],[-122.54852509917914,38.33993691928111],[-122.54835315170975,38.339570098013056],[-122.54833595696282,38.33933223734705],[-122.54832449379819,38.33911443721914],[-122.54830729905123,38.33891956342048],[-122.54820413056962,38.338747615951085],[-122.54805510942946,38.33857566848168],[-122.54791181987163,38.33846103683542],[-122.5477742618961,38.33835213677146],[-122.5476023144267,38.338266163036764],[-122.54729280898178,38.33826043145445],[-122.54718390891784,38.338208847213636],[-122.54701196144845,38.338122873478945],[-122.54690879296678,38.338048362908864],[-122.54681708764977,38.33795665759185],[-122.54671965075046,38.33780763645171],[-122.54667952967424,38.33764142056462],[-122.54667952967424,38.33749239942448],[-122.54668526125657,38.337400694107465],[-122.54677123499128,38.33733764670202],[-122.54689732980218,38.33726886771426],[-122.54700622986613,38.33718289397956],[-122.54716098258858,38.33709692024486],[-122.54714378784162,38.33705106758635],[-122.54709793518313,38.3370281412571],[-122.54698903511917,38.33690777802852],[-122.54689732980218,38.33682180429382],[-122.54684574556133,38.336753025306066],[-122.54679989290284,38.336626930495164],[-122.54678269815591,38.33654668834278],[-122.54677696657357,38.33646071460808],[-122.54670818758584,38.33640913036726],[-122.5465706296103,38.33638620403801],[-122.5464388032171,38.33636900929107],[-122.54639295055858,38.33645498302577],[-122.54635856106472,38.33658107783666],[-122.54624966100074,38.33666131998905],[-122.54607198194905,38.33674729372375],[-122.54583698707418,38.33689631486389],[-122.54559052903471,38.336947899104715],[-122.54534980257758,38.33703387283941],[-122.54516066036125,38.337148504485675],[-122.54508041820884,38.33710265182717],[-122.54500590763877,38.337039604421726],[-122.5449772497272,38.33689058328158],[-122.54493139706871,38.33673583055912],[-122.54490847073944,38.33664412524211],[-122.54479957067551,38.33658107783666],[-122.54466774428228,38.33655241992509],[-122.54448433364826,38.336563883089724],[-122.54430665459654,38.336586809418975],[-122.54412897554485,38.336558151507404],[-122.54401434389857,38.336489372519644],[-122.54384812801149,38.33637474087338],[-122.54356728047813,38.33614547758084],[-122.54335521193252,38.33591048270599],[-122.54322911712161,38.33580158264204],[-122.54320045921006,38.335652561501895],[-122.54328643294477,38.335543661437946],[-122.54337240667945,38.33543476137399],[-122.54336094351481,38.3353487876393],[-122.54325777503318,38.33522842441071],[-122.54321765395702,38.335130987511384],[-122.54310302231075,38.335050745359],[-122.5430113169937,38.334936113712736],[-122.54290241692976,38.33482148206647],[-122.54283363794201,38.33466672934401],[-122.54273046946037,38.33458075560931],[-122.54257571673791,38.33448331870998],[-122.54240376926849,38.33441453972222],[-122.54228913762225,38.33437441864603],[-122.54219743230524,38.334317102822894],[-122.5420999954059,38.33426551858207],[-122.54204841116508,38.334162350100435],[-122.54203121641815,38.33409930269499],[-122.54194524268344,38.334116497441926],[-122.54183061103717,38.33424259225282],[-122.54164720040315,38.33432856598752],[-122.54143513185757,38.334368687063716],[-122.54123452647659,38.334385881810654],[-122.54100526318408,38.33437441864603],[-122.54078173147383,38.33428271332902],[-122.54059258925751,38.33421966592357],[-122.54035759438267,38.334162350100435],[-122.53920554633771,38.33357199712217],[-122.53896481988058,38.33345163389359],[-122.53881006715811,38.33335992857658],[-122.53861519335946,38.33320517585412],[-122.53842031956081,38.33310773895479],[-122.53829995633224,38.33301030205546],[-122.53815666677441,38.332907133573826],[-122.53787008765875,38.33271225977518],[-122.53773826126555,38.332597628128916],[-122.53761789803694,38.33249445964727],[-122.53751472955531,38.3323740964187],[-122.53744595056756,38.33229385426631],[-122.5373829031621,38.33223080686086],[-122.53730266100972,38.332144833126165],[-122.5372510767689,38.332053127809154],[-122.53727418940167,38.3319351561397],[-122.53726508677882,38.33185746563292],[-122.5372510767689,38.33173789078192],[-122.53740582949136,38.33157740647715],[-122.5376752138601,38.33146277483088],[-122.53791020873493,38.33138826426081],[-122.53813947202745,38.331330948437675],[-122.53834580899073,38.33130802210843],[-122.53854641437171,38.33127363261455],[-122.53878140924655,38.331267901032234],[-122.53895908829827,38.331250706285296],[-122.539259385,38.331270859],[-122.53936029906018,38.33128509577918],[-122.53944627279489,38.33128509577918],[-122.53941761488332,38.331181927297536],[-122.53932017798398,38.33110741672746],[-122.5389812147731,38.33094360018376],[-122.53879000662005,38.33085809289685],[-122.53870403288533,38.33080364286487],[-122.53859226703023,38.330726266503646],[-122.53852062225131,38.33066895068051],[-122.53846617221933,38.330605903275064],[-122.53846330642818,38.33050846637574],[-122.53847190380165,38.33044255317913],[-122.53852896027556,38.33041153651482],[-122.53865531443567,38.33037090840022],[-122.5386725091826,38.33033078732403],[-122.53863811968871,38.33026487412742],[-122.53853208541594,38.330201826721975],[-122.53842605114316,38.330161705645786],[-122.53831428528802,38.33013018194306],[-122.53819392205946,38.33008432928455],[-122.53807642462202,38.33002128187911],[-122.53792911104601,38.3299713577626],[-122.53757204537845,38.32974043434578],[-122.53734278208591,38.32952263421788],[-122.53719376094581,38.32941946573624],[-122.5369759608179,38.329281907760716],[-122.53651743423283,38.32886923383416],[-122.53620792878792,38.32860558104775],[-122.535898423343,38.32836485459059],[-122.53565953790253,38.32821083988228],[-122.53553344379698,38.32797983140487],[-122.53548199063822,38.32767882045838],[-122.53548225621356,38.32730287326805],[-122.53560670190886,38.32700138387658],[-122.5357921024911,38.32678924261267],[-122.53591371676406,38.326712935074006],[-122.53605150077784,38.32667874974226],[-122.53622668555478,38.32667543076996],[-122.53641454367889,38.326685534881015],[-122.53655358833151,38.32672513592635],[-122.53674395205461,38.32679055269749],[-122.53700207173391,38.32686879730997],[-122.537212420267,38.326931140821976],[-122.5374132305111,38.32699752126685],[-122.53759281130488,38.327071667118375],[-122.5377698518679,38.32714214602752],[-122.53787374656224,38.327163689896764],[-122.53796336292858,38.32712566377356],[-122.53797714097303,38.32702570448593],[-122.5379437259428,38.326938049113416],[-122.53790776191893,38.32685825070434],[-122.53783082302373,38.32669286581551],[-122.53777824516797,38.326576864572516],[-122.53776605943979,38.32647028005694],[-122.53778156705292,38.32638777457629],[-122.53782306019164,38.32634329823103],[-122.53790192707551,38.32628817365849],[-122.53795609116133,38.32623828315787],[-122.53797318786144,38.326144522872156],[-122.53791936924118,38.326063997266],[-122.53782022289265,38.32603697243405],[-122.53765171437264,38.32604900875691],[-122.53748320973735,38.32608668284322],[-122.53734478813976,38.32606104507977],[-122.53719433410404,38.326012899788346],[-122.5370799890369,38.32594068185119],[-122.53699319468663,38.32580374289553],[-122.53698731917788,38.325675016725725],[-122.53706824465941,38.32561763219034],[-122.53722076098072,38.32557568276325],[-122.53732292442028,38.32556093572677],[-122.53742301645518,38.325534334802086],[-122.53749490989658,38.32549281427834],[-122.53753876964288,38.325429324144125],[-122.53754970532397,38.32532587241329],[-122.53751993970583,38.325130939450204],[-122.53753101678925,38.32493234270241],[-122.53756711702422,38.32483553968469],[-122.53764867722873,38.32477875919027],[-122.53772469985891,38.32473139592946],[-122.53779138951383,38.32464930796864],[-122.5377419867941,38.32445419597824],[-122.53776004127839,38.32434586907252],[-122.53785031369979,38.32401487019393],[-122.53796766784767,38.32384034351249],[-122.53805493118837,38.323756089252484],[-122.53824103091247,38.32364934585673],[-122.53838710516705,38.32355173591771],[-122.53845512649649,38.32349673778539],[-122.53848754385007,38.32342100459865],[-122.53839775770902,38.32335298321193],[-122.53829495995483,38.32335995851209],[-122.53816675181776,38.32335650857885],[-122.53802304295118,38.32329028782569],[-122.53793412718717,38.323223205050276],[-122.53791854396329,38.32314565287833],[-122.5379778395673,38.32306288826169],[-122.53802732369425,38.322979205849215],[-122.53810388976594,38.32289822034772],[-122.53813189194769,38.32280928243741],[-122.53811905085779,38.32272821150179],[-122.53804704838485,38.32266198822584],[-122.53796197552722,38.322607090772934],[-122.5378881299791,38.32254782889136],[-122.5378554136462,38.3225051368754],[-122.53784344548448,38.32241365789233],[-122.53783362346003,38.32232303301826],[-122.53779640821313,38.32225679071952],[-122.53770926705768,38.322215838416845],[-122.53756112743629,38.322162687683566],[-122.53746526933213,38.322120874769084],[-122.53731277396255,38.32202937754734],[-122.5372038486986,38.32197273641008],[-122.5371079944663,38.321911738262244],[-122.53702085425512,38.321824598051066],[-122.53695549909672,38.32175488588213],[-122.53683726437677,38.32163174981739],[-122.53672457753709,38.32141503905851],[-122.53657643917808,38.32123204461503],[-122.53651108401971,38.3210751922349],[-122.53646751391412,38.32090091181254],[-122.53646751391412,38.32077020149577],[-122.53646751391412,38.3206177061262],[-122.53653286907249,38.32051749488334],[-122.53663972015875,38.32042427803932],[-122.53678498131133,38.320356154338654],[-122.53695114208615,38.320314893892345],[-122.53709492343461,38.320275680797316],[-122.53719077766691,38.32024953873396],[-122.5372350887162,38.32021195102592],[-122.53721707530711,38.32015278400625],[-122.53715068278682,38.320100512660545],[-122.53712350169343,38.320026462257275],[-122.53712106549796,38.319918405931475],[-122.53712542250851,38.31983562273085],[-122.53712947499413,38.31978075604223],[-122.53699427306726,38.31964738389546],[-122.53690447390417,38.319575931683694],[-122.53675158689607,38.319377938022896],[-122.5366291675458,38.31922999266623],[-122.53653722608304,38.319099287946365],[-122.53646315690355,38.318955506597916],[-122.5364371590696,38.31882742222728],[-122.53643752428059,38.31868452484254],[-122.53647223410039,38.318547710158455],[-122.53652894062263,38.31847715643149],[-122.53662509059271,38.318389141883294],[-122.53672755938322,38.318300848526476],[-122.53682101184647,38.31822966349739],[-122.53683150916504,38.31814597188192],[-122.53679665639265,38.31810238978385],[-122.53669749168913,38.318110349169594],[-122.5362953800155,38.318089315567065],[-122.53612774593849,38.318061429922714],[-122.53593175595695,38.317986483242265],[-122.5357714288128,38.31786536675302],[-122.53566235185008,38.317777369785404],[-122.53554478030027,38.31762576616624],[-122.53542028355018,38.317474108462925],[-122.53529163953617,38.31733120407806],[-122.53519800186692,38.31722314600452],[-122.53508155489595,38.3170969834523],[-122.53492948918675,38.31712338365784],[-122.53476827979608,38.31714952572119],[-122.534541715247,38.317105955615595],[-122.5344153619408,38.31699267334106],[-122.5342323674973,38.316805321887024],[-122.53411908522277,38.31668332559137],[-122.533988374906,38.31653518723236],[-122.53391430572651,38.31653518723236],[-122.53365732649796,38.31648722530102],[-122.53354831683953,38.3164349759895],[-122.53338275043829,38.31632169371497],[-122.53322589805815,38.316204054429875],[-122.53311261578364,38.316055916070866],[-122.53273355586498,38.31586856461683],[-122.5322107145979,38.3156158580044],[-122.53192315190101,38.31545900562428],[-122.53178808457368,38.31538493644478],[-122.53164430322522,38.31526729715968],[-122.53151794991902,38.31507123168453],[-122.53148652018695,38.31491303688949],[-122.53150752422516,38.31477635372807],[-122.53168723990618,38.31459481916766],[-122.53174636994392,38.314444145920326],[-122.51924969231422,38.31444687653048],[-122.519228367,38.315621704],[-122.51922680617398,38.31590845844836],[-122.519206406,38.316087921],[-122.519223828,38.316262135],[-122.519276092,38.316392796],[-122.519389331,38.316523457],[-122.519476439,38.316645407],[-122.519589678,38.31668896],[-122.51977368947834,38.31675578947409],[-122.51992029915266,38.316779283161104],[-122.519916601,38.31697088],[-122.51969982,38.317243414],[-122.519635323,38.31740824],[-122.51959553753083,38.31780590171653],[-122.51962099,38.318031711],[-122.519706986,38.31818937],[-122.519800148,38.318304031],[-122.519921976,38.318411526],[-122.520072469,38.318497522],[-122.520258666,38.318492519],[-122.520483405,38.318412609],[-122.520660108,38.318368528],[-122.5208321,38.318361362],[-122.520867932,38.318433025],[-122.52087083550023,38.31847489883967],[-122.5207818826334,38.31857515795737],[-122.520774769,38.318655182],[-122.5207685115654,38.3187841601964],[-122.520804673,38.318902023],[-122.520937704,38.318998492],[-122.52107322489184,38.319047775916886],[-122.52116863951035,38.319087132303636],[-122.52114937,38.319192348],[-122.521003356,38.319268958],[-122.520789102,38.319350316],[-122.520624276,38.319472143],[-122.520559779,38.319658468],[-122.520609944,38.319808961],[-122.520695471,38.319939435],[-122.52081184044539,38.32002383408838],[-122.52097152290239,38.32007797260957],[-122.521133086,38.320124279],[-122.521269246,38.320195943],[-122.521405406,38.320231774],[-122.521512901,38.320324937],[-122.521541567,38.320367935],[-122.521484236,38.320418099],[-122.521383907,38.320418099],[-122.521240581,38.320425265],[-122.52104709,38.320439598],[-122.520875098,38.320461097],[-122.520703106,38.320547093],[-122.520521773,38.320577238],[-122.520325843,38.32049335],[-122.52018713,38.3203966],[-122.520036637,38.320310604],[-122.519914809,38.320246107],[-122.519814481,38.320231774],[-122.519742817,38.320246107],[-122.519714152,38.320346436],[-122.519721318,38.320461097],[-122.519800148,38.320575758],[-122.519929142,38.320697586],[-122.520015138,38.320833746],[-122.520158465,38.320991406],[-122.52022112903778,38.32106570777923],[-122.52022322216975,38.32116619032564],[-122.52013898030245,38.321180359278436],[-122.519635323,38.320919742],[-122.519491996,38.320833746],[-122.519355836,38.32074775],[-122.519176677,38.320597257],[-122.519019018,38.320418099],[-122.518854192,38.32026044],[-122.518768196,38.320124279],[-122.518746697,38.319945121],[-122.518696533,38.319708632],[-122.518610537,38.31947931],[-122.518538874,38.319328817],[-122.518495876,38.319156825],[-122.5182826716962,38.318895650490106],[-122.517979164,38.31873769],[-122.51777652506593,38.31873864522747],[-122.51763570574967,38.31878564581239],[-122.51746177150224,38.3189468606371],[-122.51737375815979,38.31930230872561],[-122.517483916,38.319657727],[-122.51757752023202,38.31990976185812],[-122.51777140955289,38.32012510878505],[-122.5179874972811,38.3203319404749],[-122.518084517,38.320533851],[-122.51802398347539,38.32088335345889],[-122.51793742,38.321459485],[-122.518121272,38.321778164],[-122.51882623739922,38.32271314378054],[-122.51920806064817,38.32288306124129],[-122.51956038681496,38.323050114736226],[-122.51952455715835,38.32313098288992],[-122.519415193,38.323252928],[-122.519349492,38.323335055],[-122.51933879260866,38.32353565799774],[-122.519177025,38.323548584],[-122.51902530943855,38.3234494982392],[-122.51885074759473,38.32336985625089],[-122.51863511063625,38.32330119968411],[-122.51852455679288,38.32330345969814],[-122.51850240425749,38.323433108750244],[-122.51858701993211,38.32356573517702],[-122.518667839,38.323729263],[-122.51882388,38.323868879],[-122.51903741,38.323942793],[-122.519086686,38.324197386],[-122.518984027,38.324312364],[-122.519033303,38.324517681],[-122.519164706,38.324583382],[-122.519493214,38.324583382],[-122.519821721,38.324624445],[-122.52003525,38.324755848],[-122.520289844,38.324952953],[-122.520369702,38.325042882],[-122.520446665,38.325083627],[-122.520564373,38.325113054],[-122.520682081,38.325158326],[-122.520720563,38.325194544],[-122.520711508,38.32524208],[-122.520636809,38.325300934],[-122.520566637,38.325371107],[-122.52046251,38.325359788],[-122.520276893,38.325357525],[-122.520084486,38.325368843],[-122.51992875004986,38.32539136541811],[-122.519803797,38.325454861],[-122.519695143,38.325511451],[-122.519437332,38.325603953],[-122.519193954,38.325617899],[-122.519104254,38.325824862],[-122.519254795,38.326086685],[-122.519468013,38.326227773],[-122.519438663,38.326364738],[-122.519350614,38.326418546],[-122.518841885,38.326623994],[-122.518411077,38.326777124],[-122.518126688,38.32687821],[-122.517868349,38.326801902],[-122.517722672,38.326735685],[-122.51747767,38.32663636],[-122.517348547,38.326662847],[-122.517302196,38.32683501],[-122.517282933,38.326901014],[-122.517305506,38.326974066],[-122.517408142,38.327023728],[-122.517613415,38.327119743],[-122.517765713,38.327162784],[-122.517904768,38.327166094],[-122.518060378,38.327209135],[-122.518229231,38.327272041],[-122.518429546,38.327265037],[-122.518543761,38.327252176],[-122.518623221,38.327215757],[-122.518662951,38.32718927],[-122.518686127,38.327126364],[-122.518678185,38.327015134],[-122.519125599,38.326839225],[-122.519300249,38.326781966],[-122.519639219,38.326834333],[-122.519785968,38.326849008],[-122.519937608,38.326941949],[-122.519985663,38.327064816],[-122.51985445,38.327210988],[-122.519766401,38.327313712],[-122.51975973527769,38.32743317205831],[-122.5199408432777,38.32759662305832],[-122.5199623207156,38.32771650335114],[-122.51971999,38.327849872],[-122.519365044,38.327997037],[-122.51905477,38.328093205],[-122.518913841,38.328053456],[-122.51863736702919,38.32803884975028],[-122.51851497596037,38.32812359307654],[-122.51845814283031,38.32824960910884],[-122.51831443135293,38.32836744876293],[-122.5182440564796,38.32851883704745],[-122.51829970941849,38.32859126824074],[-122.51918856289022,38.328638253109084],[-122.519295519,38.328782331],[-122.519374328,38.329034503],[-122.519203627,38.329152733],[-122.518840437,38.329317379],[-122.518646736,38.329438443],[-122.51869473594904,38.329522340136755],[-122.51894474870805,38.32952019872955],[-122.5192703345627,38.32947218183201],[-122.519523234,38.329327064],[-122.519765361,38.329167261],[-122.52004022,38.328937296],[-122.520173479,38.328855751],[-122.52054498435098,38.32874809082321],[-122.52104160017895,38.32845619395194],[-122.52128957104694,38.32820863248885],[-122.52138802190838,38.32800509670168],[-122.52154586710789,38.32795594240706],[-122.521752547,38.327864724],[-122.5223242924409,38.327200987874484],[-122.52251796662829,38.32706968508581],[-122.5226856680061,38.32708023732657],[-122.52252494080665,38.327422280993105],[-122.52234641785738,38.3275863928024],[-122.522220526,38.327784717],[-122.522203577,38.327913044],[-122.52216968,38.328087375],[-122.522247826,38.328331404],[-122.522312534,38.328438459],[-122.522285901,38.32849657],[-122.522199516,38.328532789],[-122.521961451,38.328649109],[-122.521830702,38.328845232],[-122.521881549,38.328961453],[-122.522060487,38.329112339],[-122.521893117,38.329346115],[-122.521896685,38.329767547],[-122.521760183,38.329890398],[-122.521649821,38.329977922],[-122.521556115,38.330180952],[-122.521563924,38.330337128],[-122.521665439,38.330532349],[-122.521928421,38.330676505],[-122.52240431532697,38.330988902793344],[-122.52238334201841,38.3311437834424],[-122.521905566,38.331240678],[-122.52174219,38.331400255],[-122.521737207,38.331624496],[-122.521687376,38.331878636],[-122.521488051,38.331888602],[-122.521303675,38.331958366],[-122.521149198,38.331953383],[-122.521034586,38.331878636],[-122.520870142,38.331754058],[-122.520685766,38.331679311],[-122.52058627,38.331787769],[-122.520411694,38.332033113],[-122.520297082,38.332207523],[-122.520122672,38.33226732],[-122.520037959,38.332366983],[-122.51992833,38.332596207],[-122.519892924,38.33274675],[-122.519803138,38.332851287],[-122.519559578,38.332730752],[-122.519390152,38.332660988],[-122.519153004,38.332893432],[-122.519371406,38.333221036],[-122.519549612,38.333373576],[-122.519944713,38.333412138],[-122.521296078,38.333234686],[-122.52182296141662,38.33319711370599],[-122.5222197396948,38.33309796446551],[-122.522538993,38.332757838],[-122.522898277,38.332974925],[-122.523207231,38.332984891],[-122.524157841,38.332749563],[-122.52443858661938,38.33237232966768],[-122.52482472697758,38.33230166597589],[-122.525140687,38.332182607],[-122.525469573,38.331938434],[-122.52577109759774,38.331599034645606],[-122.525982984,38.331654596],[-122.52615386760121,38.33171648904369],[-122.526094957,38.331920993],[-122.526055092,38.332050554],[-122.52597287,38.332105369],[-122.525803443,38.332130284],[-122.525624051,38.332180116],[-122.525380211,38.332254107],[-122.525175107,38.332390761],[-122.524912428,38.332675318],[-122.524878599,38.332878827],[-122.524900113,38.332995129],[-122.52458579,38.333198834],[-122.52440681,38.333480727],[-122.524375489,38.333597064],[-122.52448439638913,38.33374456677363],[-122.52466625338913,38.33390567677363],[-122.524596465,38.334062484],[-122.524411285,38.334192172],[-122.524335218,38.334272713],[-122.524281525,38.334393524],[-122.524279137,38.334567034],[-122.52425194241671,38.33472463126459],[-122.52404091300902,38.33479251349331],[-122.52372127411974,38.33480677460761],[-122.523483502,38.334905285],[-122.52316208,38.335082067],[-122.522888871,38.335234743],[-122.522929049,38.335379382],[-122.523202258,38.3355642],[-122.523431992,38.335752805],[-122.524817818,38.336019318],[-122.525169923,38.335985827],[-122.525484202,38.335621644],[-122.52575679243319,38.33555333677782],[-122.52607214861119,38.33537871628799],[-122.52617209339344,38.33544419420979],[-122.526129241,38.335644047],[-122.525883106,38.335992738],[-122.52571958416806,38.33632265654829],[-122.525770294,38.336485008],[-122.52599147998914,38.33661003491557],[-122.526160008,38.33676191],[-122.5261291679156,38.336862808339404],[-122.526006173,38.336895233],[-122.525729271,38.336997789],[-122.52570561039921,38.337132326146694],[-122.525749783,38.337274691],[-122.52588965634837,38.33766176298103],[-122.52578261674948,38.33773693332216],[-122.52507845933917,38.33741666074639],[-122.52481469825982,38.3373748092306],[-122.52467984169265,38.337421773294174],[-122.52457968109144,38.33750649881877],[-122.52445758552216,38.337438349633246],[-122.52421727982399,38.337347578111654],[-122.52388245450518,38.33734408538462],[-122.523541565,38.337425139],[-122.5232395,38.33768525],[-122.52317107,38.338042279],[-122.52286297928264,38.33802228381876],[-122.52273121898594,38.33795291112402],[-122.52220982171201,38.33784456408718],[-122.52193532288612,38.33785688466283],[-122.52180712794787,38.3378960030023],[-122.52167702468823,38.337851437268206],[-122.52152964904504,38.33785007221912],[-122.52146089792238,38.3378769413212],[-122.52143522015268,38.33801214068622],[-122.521315318,38.338226729],[-122.5212909397267,38.33840774674137],[-122.52140756073695,38.33850954090251],[-122.521673081,38.338584491],[-122.52190099300894,38.33859723512085],[-122.52220313678104,38.33851786564585],[-122.5226251988364,38.338714652805685],[-122.522750937,38.339053614],[-122.52299516153519,38.3392647284975],[-122.52321009207317,38.339364193314694],[-122.523258839,38.339483732],[-122.52324556752131,38.33963522756993],[-122.523050708,38.339752509],[-122.522581991,38.340044548],[-122.52247791129462,38.34022301427897],[-122.52246596,38.340382972],[-122.52255297148504,38.34045508582988],[-122.522659345,38.340499003],[-122.52308387670406,38.34041703999411],[-122.52324785048059,38.34036639589796],[-122.52356408341794,38.340349006268426],[-122.52379211129428,38.34020351067115],[-122.52446883689815,38.34016959858439],[-122.524460831,38.340397243],[-122.524552093,38.340628904],[-122.524739177,38.340719898],[-122.524728517,38.340890463],[-122.524221283,38.340970785],[-122.523715783,38.341018387],[-122.523427954,38.34108235],[-122.523342671,38.341199613],[-122.52331069,38.341615367],[-122.523238297,38.341986665],[-122.52343178681573,38.34215823838121],[-122.524531165,38.34240759],[-122.525940179,38.343436377],[-122.526160724,38.34372689],[-122.526394112,38.343835477],[-122.526586031,38.343976433],[-122.526676735,38.344112489],[-122.526501806,38.34422263],[-122.5262956628996,38.34425852122555],[-122.526048286,38.344397559],[-122.525513976,38.344523364],[-122.52501932406392,38.345059883133274],[-122.52474732236206,38.345217276089556],[-122.52441547957999,38.345068647385325],[-122.524162032,38.34475555],[-122.52382322636724,38.34474213299965],[-122.523520831,38.344823979],[-122.52337991235322,38.34501177661824],[-122.5233927043216,38.34521986063822],[-122.52348451360668,38.34596772583562],[-122.52371247235622,38.346135160658285],[-122.52421318351882,38.346467774814734],[-122.52469827210587,38.34682407051168],[-122.5248686631982,38.34674713010801],[-122.52491833786722,38.34639253017585],[-122.52511070171029,38.346057980259445],[-122.5253346969858,38.3462069863871],[-122.52554379685773,38.34656471261108],[-122.52574397498107,38.34675373590491],[-122.52600811885773,38.34683400861108],[-122.52626262452486,38.34688125739796],[-122.52651027898482,38.346854968337034],[-122.526974115,38.346565387],[-122.52708605686789,38.34643242213221],[-122.52746757581816,38.34642314049476],[-122.52755063139192,38.346342775340155],[-122.52761702649988,38.34615387598948],[-122.52760587500991,38.345985645322635],[-122.52780064867893,38.34585761243079],[-122.52785551570328,38.346009244336216],[-122.528093855,38.346311534],[-122.52801577159606,38.34641512615998],[-122.528096578,38.346483753],[-122.528144198,38.346599401],[-122.528055761,38.34664702],[-122.52768781220166,38.34670038376106],[-122.527314255,38.346932738],[-122.527056444,38.347348946],[-122.527045429,38.347817946],[-122.52732853402418,38.34839273879358],[-122.52766595202418,38.34892795379358],[-122.52784709636586,38.34921661784544],[-122.52809723003395,38.349379342497706],[-122.52823221,38.349819184],[-122.528418372,38.350075157],[-122.528790695,38.35044748],[-122.529323432,38.350573651],[-122.530163332,38.350634433],[-122.53047010960398,38.35044746857881],[-122.53067717270115,38.35043548625865],[-122.53070504871212,38.35055923752783],[-122.5308369308693,38.35074202668211],[-122.53109448042984,38.350915952971576],[-122.53150858342993,38.35092948951583],[-122.5318392,38.350799851],[-122.53224763257772,38.35059801009913],[-122.53248593271312,38.35048225011109],[-122.53278693189083,38.350445582593046],[-122.533324167,38.350474572],[-122.53375372123045,38.3503048596508],[-122.53387217903678,38.350279638452115],[-122.53397199500503,38.35033350073978],[-122.53412959291198,38.35050344087237],[-122.5344462519661,38.35056590340205],[-122.535134413,38.35057357],[-122.535685972,38.350615998],[-122.53582209630218,38.35065719132835],[-122.535855683,38.350757423],[-122.53560724822233,38.35082133116114],[-122.5350875676791,38.35089222900961],[-122.534582854,38.350955419],[-122.53404102209966,38.35097010319745],[-122.533607018,38.351139272],[-122.533493878,38.35135141],[-122.532885748,38.351365553],[-122.53230955761366,38.351424172170866],[-122.53212609857799,38.35152755850535],[-122.531984471,38.351825849],[-122.531592425,38.352048949],[-122.531675842,38.352313103],[-122.532134635,38.352674577],[-122.532464828,38.35295611],[-122.532624711,38.35300477],[-122.532843637,38.353141193],[-122.532836729,38.353279351],[-122.532961854,38.353345389],[-122.532980914,38.353544043],[-122.532694812,38.353441141],[-122.532352428,38.353400747],[-122.532000579,38.353325692],[-122.531800967,38.353338438],[-122.531672366,38.35354698],[-122.53164456,38.353904979],[-122.531696335,38.354087659],[-122.53155026709213,38.354388928703045],[-122.53151473645785,38.354544049913756],[-122.531600014,38.354763427],[-122.531761406,38.354900366],[-122.532077971,38.355147415],[-122.532229852,38.355375237],[-122.53217224684586,38.355676607984655],[-122.532015721,38.355937188],[-122.531986377,38.356181722],[-122.531986377,38.356480053],[-122.532040174,38.356661008],[-122.53223870749372,38.356710385952965],[-122.53251946,38.356548523],[-122.532788448,38.35631377],[-122.532919101,38.356083698],[-122.532993856,38.356147487],[-122.532988965,38.356318661],[-122.532910714,38.35652896],[-122.532788448,38.356690352],[-122.53274749166668,38.35687271247019],[-122.53286317399265,38.35721643028947],[-122.532998746,38.3573995],[-122.53336974735909,38.35750446346225],[-122.53353580075145,38.35758319342641],[-122.533492705,38.357878786],[-122.533502486,38.358157554],[-122.53359638971615,38.35822015533325],[-122.533737832,38.358265962],[-122.533900159,38.358251533],[-122.5340941781587,38.358263315025056],[-122.53417908686512,38.358444611747956],[-122.53424066112888,38.35859838576439],[-122.53416040764176,38.35867954465533],[-122.53411867116328,38.35883767387303],[-122.534175426,38.359018348],[-122.534673528,38.359372262],[-122.535099536,38.359719623],[-122.535283047,38.359922796],[-122.53535881725529,38.360023798281254],[-122.535505882,38.360119415],[-122.53562937999702,38.360107782886054],[-122.53577255,38.360061005],[-122.53583364712694,38.35992149474527],[-122.53577496058053,38.35982466942746],[-122.53559992683665,38.359345623513484],[-122.535799663,38.359020621],[-122.53589317046475,38.35860277466674],[-122.536081209,38.358490651],[-122.53625221091225,38.35834557472574],[-122.53649081512704,38.358242226931395],[-122.53657867115061,38.35826805969315],[-122.53659930240593,38.35837733756459],[-122.536279948,38.358871567],[-122.53622233500359,38.35898626014655],[-122.536279948,38.359368414],[-122.53627192087966,38.35965123608079],[-122.536412441,38.359732768],[-122.53682648,38.359749329],[-122.537290203,38.359633398],[-122.53740131244453,38.35966891251009],[-122.53710096830234,38.359942914198555],[-122.53675275738524,38.35997652697253],[-122.5365501136372,38.360128623617385],[-122.53633020027115,38.36046726783117],[-122.53621177859247,38.360637459024645],[-122.53611333869277,38.36085205331336],[-122.53593999837521,38.36088784019953],[-122.53572968670144,38.36078026879325],[-122.53547404461217,38.36061009222494],[-122.53518790987488,38.360604013675704],[-122.53484894791471,38.360611530727176],[-122.53453791935712,38.36070588544317],[-122.53426926550237,38.36084928409297],[-122.53413259939603,38.36104125039634],[-122.53357468825573,38.361050998235854],[-122.5332843370657,38.361060413508675],[-122.53314963530495,38.36111470709197],[-122.533067006,38.361223308],[-122.53303854318932,38.361379843117824],[-122.53315992065941,38.36152719565939],[-122.5334699470529,38.361556840307074],[-122.53376950338483,38.361550720187914],[-122.5339102752974,38.36164682422293],[-122.53389274606117,38.36179548394928],[-122.53395157090237,38.36196105120958],[-122.53419040625923,38.36219860085371],[-122.53406492139163,38.362290302203284],[-122.53374607113835,38.36234953513835],[-122.53330602985184,38.36239134496658],[-122.53306673059922,38.362601015182385],[-122.53308001050303,38.36270861565387],[-122.53321842062668,38.36276442648351],[-122.53353509710877,38.36285468926831],[-122.533762592,38.363028518],[-122.53416355557478,38.36322134461417],[-122.53441947864911,38.36329441180688],[-122.5347474596727,38.36357746974378],[-122.53503017696512,38.36365780976087],[-122.5352270062669,38.36364598180022],[-122.53539257130166,38.36353853435323],[-122.535716855,38.363310064],[-122.53623402345335,38.36300726584634],[-122.53664078381638,38.36290997375228],[-122.53711026614894,38.362921987324064],[-122.53730036251108,38.362962144450805],[-122.53742148828597,38.36312217017139],[-122.53753739063487,38.36341517560834],[-122.53762056002503,38.36357712486369],[-122.53778505010335,38.36372628169551],[-122.53797148809694,38.36372969160933],[-122.53831333794646,38.36360375516957],[-122.538631689,38.36337631],[-122.53886394976573,38.36298322367091],[-122.53886031795491,38.362696327833916],[-122.53866307342176,38.36229995595269],[-122.53834555053997,38.36175927649245],[-122.53835121587564,38.3612651554318],[-122.53854960355724,38.361362624798446],[-122.538814768826,38.3617086269888],[-122.53945063774049,38.36256655849792],[-122.540084565,38.363313288],[-122.540516166,38.363774216],[-122.54077021,38.36394949],[-122.541018418,38.364073581],[-122.541353391,38.36428786],[-122.541248415,38.364585304],[-122.54109936213712,38.36476399062165],[-122.54078682243885,38.364895239801974],[-122.54063062501471,38.36501152098713],[-122.54049159895692,38.36510314450818],[-122.54035735657895,38.365303538090394],[-122.540229879,38.365537593],[-122.54008905042737,38.365602541413644],[-122.539948333,38.365802578],[-122.53988741126736,38.36596979078935],[-122.53991521,38.366150371],[-122.5400000726835,38.366256093357116],[-122.540180195,38.366324267],[-122.540602514,38.366307706],[-122.54085150212886,38.36617528598849],[-122.54127944160643,38.365972580413896],[-122.54166035760643,38.3655502614139],[-122.54187658605233,38.36531181839623],[-122.541993685,38.364883412],[-122.542101335,38.364775762],[-122.54229779082254,38.364362867769145],[-122.5425312303929,38.36429721837781],[-122.54274142174555,38.36448334087492],[-122.542900144,38.364515455],[-122.54338313021516,38.3642702805343],[-122.54377462517328,38.36403052187108],[-122.54419650118771,38.363820624493684],[-122.544584992,38.363548664],[-122.54480701333375,38.36340232575016],[-122.54502450413209,38.363180072653556],[-122.545179326,38.363126879],[-122.545409391,38.363126879],[-122.54560698539315,38.36313297243431],[-122.5455458693622,38.36337002548542],[-122.54527076764403,38.36364968457257],[-122.5448887584557,38.363875421200554],[-122.54440501950184,38.36410027385467],[-122.54393014976519,38.36435649229603],[-122.54361009895929,38.364589160071276],[-122.54363513501691,38.364837559711646],[-122.543635975,38.365111188],[-122.54340591,38.365427527],[-122.5431898219716,38.365747119269066],[-122.54324924784268,38.36592810219879],[-122.54339667142752,38.36603342780517],[-122.54374857103447,38.366100770583046],[-122.54448271710987,38.36646995260454],[-122.54443389103447,38.366559915042416],[-122.544249481,38.366539507],[-122.544048174,38.366520335],[-122.543578458,38.366520335],[-122.543195017,38.36660661],[-122.54299371,38.366836675],[-122.54298635867418,38.36695045727794],[-122.54309399107503,38.3670702803473],[-122.543818109,38.367325562],[-122.54384973462231,38.36751993205334],[-122.543981072,38.36771859],[-122.54393567168603,38.367867164745526],[-122.5439404468059,38.36803320335822],[-122.544144034,38.368217064],[-122.54456582,38.368399198],[-122.544776713,38.368619677],[-122.545083466,38.368667607],[-122.54533900939852,38.36876365752548],[-122.54552815807216,38.36891106764485],[-122.54594109959622,38.369045098252755],[-122.545982111,38.369245072],[-122.546198305,38.369461266],[-122.546808736,38.369632949],[-122.547126669,38.369995393],[-122.54780424285156,38.37021220655476],[-122.54806900289391,38.37040251185649],[-122.548309378,38.370542237],[-122.548875298,38.370567671],[-122.5491341345286,38.37069750893981],[-122.54938976981033,38.37074209981431],[-122.549899041,38.370701203],[-122.55009811343604,38.370624899],[-122.55016132881343,38.37054113915413],[-122.55021669217737,38.37047494647201],[-122.55037577208785,38.37039384170359],[-122.55058693864328,38.37037354591914],[-122.55093067680397,38.370137289809556],[-122.55107195442557,38.37011721718756],[-122.55124706990898,38.37016956500279],[-122.551654029,38.370141642],[-122.552175438,38.370027186],[-122.55259218985142,38.36993416601765],[-122.55271997469535,38.369774395264706],[-122.55272730491774,38.3696489170753],[-122.552798586,38.369569363],[-122.55301478,38.369531211],[-122.55309022232804,38.36949171245591],[-122.55313203215017,38.36941226480277],[-122.55313458704015,38.369304981777674],[-122.55322828868914,38.36922375263389],[-122.55341379040901,38.369217798376106],[-122.55364305528546,38.36913202959289],[-122.5538386209099,38.36895597366942],[-122.5539547165115,38.36897280582294],[-122.55397351561072,38.36909154750695],[-122.55398468009861,38.36918954151064],[-122.55396217119707,38.369323806254044],[-122.55397170509146,38.36942329497758],[-122.55402925530156,38.3694791466366],[-122.55402320733452,38.369572452863025],[-122.55393479297929,38.36972876578479],[-122.55393489589427,38.37016916489328],[-122.55394525803892,38.37041074533796],[-122.55401656389635,38.370555347832145],[-122.55427890026924,38.37068185010061],[-122.55452596981894,38.37072043702308],[-122.5548094696114,38.370755829564],[-122.55495139812417,38.37075918295227],[-122.55504755078205,38.37081650771112],[-122.55503543973326,38.370975281385654],[-122.55498452081778,38.371133025993515],[-122.55500891812471,38.37126701907947],[-122.55509762846673,38.37139494053452],[-122.55528739501426,38.371532235164764],[-122.55524752654478,38.37166868830405],[-122.55525209103718,38.37185537458857],[-122.55536670968907,38.3720498100045],[-122.55552608949101,38.37215549296519],[-122.55589740950558,38.37230838944178],[-122.55599206177821,38.37233695894955],[-122.55607478930962,38.37237751428313],[-122.55615591687572,38.3725020175885],[-122.5561055270635,38.372610125941485],[-122.55600347844457,38.372619621114445],[-122.55573593156656,38.372578305390725],[-122.55549956788249,38.372487013071805],[-122.55520044543081,38.37238854583308],[-122.55496913571191,38.37236766583342],[-122.55486979459641,38.372483871422745],[-122.55484315807142,38.372659403527244],[-122.55485412040153,38.372834289611355],[-122.55521214150329,38.37311724871795],[-122.5552641662216,38.37340200748379],[-122.55513128249572,38.373563689055786],[-122.55515583324919,38.37385338700201],[-122.55523033559889,38.374091241875746],[-122.5552800950556,38.374276860814945],[-122.55534809853513,38.37446342709183],[-122.55547967667609,38.374620887384935],[-122.55580932236322,38.374807156119985],[-122.556228890694,38.37497219371224],[-122.55644901452443,38.375045678355164],[-122.55669916723181,38.37517658508053],[-122.55689348678939,38.37532349024504],[-122.55731980753018,38.37565475197637],[-122.558014798687,38.37606341071308],[-122.55840261063126,38.37612692142258],[-122.55872422327245,38.37602190592287],[-122.55909471963696,38.37590712281502],[-122.55948974320258,38.37587355782505],[-122.55988738714939,38.37577042210241],[-122.56029156372173,38.375539791261986],[-122.5606246425896,38.375355297981194],[-122.56091074312245,38.37530544340389],[-122.56138932426602,38.375272666604914],[-122.56167477213754,38.37517817537023],[-122.56208395323881,38.37491371229158],[-122.56224179446049,38.3747900875558],[-122.56246957176198,38.374786601605855],[-122.56268518288276,38.37471635006307],[-122.56292035789964,38.37459806845866],[-122.56319724382566,38.37443570918085],[-122.56327074665063,38.37450510246254],[-122.5632991030105,38.374671731],[-122.56331687580759,38.37492804001217],[-122.5633219226312,38.37525286075389],[-122.56360438981905,38.375522498541095],[-122.56400209241951,38.37580836517503],[-122.5644148324427,38.37608312151438],[-122.5653987996827,38.37609203806395],[-122.56550058947857,38.3772401032802],[-122.5655800532267,38.37838942688758],[-122.5656504208409,38.37872048171417],[-122.56580452028207,38.37898145894588],[-122.56610574755811,38.37921912046803],[-122.56632938816118,38.37933693750054],[-122.5666412030305,38.37944900854777],[-122.5669792056156,38.37954268090589],[-122.56732071083003,38.3795952807869],[-122.56775200872165,38.379670314299815],[-122.56814380469908,38.37977635206064],[-122.56838269165235,38.37990124988105],[-122.56861961227112,38.380135804326216]]]}}]}
