{"type":"FeatureCollection","features":[{"type":"Feature","properties":{"ava_id":"west_sonoma_coast","name":"West Sonoma Coast","created":"2022-05-23","within":"Sonoma Coast, North Coast","cfr_index":"9.283","valid_end":null},"geometry":{"type":"Polygon","coordinates":[[[-123.4609809613522,38.77124290032778],[-123.44126343532646,38.75567846542399],[-123.44116110863114,38.755467769724795],[-123.44105753466852,38.75530142366361],[-123.44096023791575,38.75517587946649],[-123.44088636901047,38.755102010561224],[-123.44077362173398,38.755055356515776],[-123.44055590285522,38.75505146867865],[-123.44033429613935,38.75516032811803],[-123.44005437186668,38.75529640241725],[-123.43983276515081,38.755319729439975],[-123.43949063548419,38.755319729439975],[-123.43927680444257,38.755265299720286],[-123.43889788292692,38.75509356310273],[-123.43866674016463,38.75496971101705],[-123.43851358975175,38.75496971101705],[-123.43825833906364,38.75518752493758],[-123.4381596421309,38.75528622187032],[-123.43805413851314,38.75535088537798],[-123.43781930788006,38.755347482035475],[-123.43764233406962,38.75529643189785],[-123.43744153759744,38.755209857887955],[-123.43712390709449,38.75515268439742],[-123.43643782520812,38.754879522164885],[-123.43627265734658,38.75486681694477],[-123.43610748948504,38.75493034304536],[-123.43594232162351,38.75511456873707],[-123.43585973769274,38.75529879442878],[-123.4358660903028,38.75588958716427],[-123.43579621159215,38.75621357027728],[-123.43573268549156,38.75637873813882],[-123.43556116501996,38.75656931644059],[-123.43529435539749,38.756728131692064],[-123.43483696747323,38.756867889113366],[-123.43420805907739,38.75707117263525],[-123.433908852581,38.757267996889674],[-123.43344508315579,38.75769723029386],[-123.43319839729132,38.75786004296441],[-123.43297144629601,38.757958717310196],[-123.4326951581278,38.757958717310196],[-123.43247807456707,38.75787484411627],[-123.43229552702736,38.75773176631488],[-123.43213764807409,38.75749494788499],[-123.43197483540355,38.75711011793641],[-123.4315308008475,38.756370060343],[-123.43137785561153,38.75614310934769],[-123.43125451267929,38.75614310934769],[-123.43081047812325,38.75635525919114],[-123.43041686628389,38.75655163312369],[-123.43020602842856,38.756630697319444],[-123.4300320871979,38.75662542637306],[-123.42965785000469,38.75648311082071],[-123.42948917972042,38.756446214196025],[-123.42932578038254,38.756446214196025],[-123.42874070533398,38.75689424463861],[-123.42817671407097,38.75721577236799],[-123.42801858567947,38.75726321088545],[-123.42789208296627,38.75725793993906],[-123.42767070321817,38.75682572233563],[-123.42748094914836,38.75653054933816],[-123.42728592413218,38.75634079526836],[-123.42656380447767,38.75587168104024],[-123.4262370058019,38.75562394656023],[-123.42583968074803,38.75508028110669],[-123.42574565665659,38.75495491565144],[-123.42554977313274,38.75479037349142],[-123.42525203017652,38.7547433614457],[-123.42471139165073,38.754774702809506],[-123.42395919891922,38.75486089155999],[-123.4236927973268,38.75484522087809],[-123.42327752425628,38.75460232530853],[-123.42293276925433,38.75424973496563],[-123.42254100220666,38.753740437803664],[-123.42232944800092,38.75345053018839],[-123.42225109459139,38.75337217677886],[-123.4219141749304,38.75339568280172],[-123.42166344401988,38.75352104825697],[-123.42120115890363,38.75417921689705],[-123.42105228742552,38.75458665462663],[-123.42073103844643,38.75489223292381],[-123.42037844810353,38.754978421674295],[-123.42016984621885,38.75496352152784],[-123.41975858640183,38.75483862950572],[-123.41942186370022,38.75458965262094],[-123.41916217173915,38.75424041170779],[-123.41895620914934,38.75380162184254],[-123.41900098362538,38.75345238092938],[-123.41909948747269,38.75326432812999],[-123.41906366789185,38.75304941064497],[-123.41892934446372,38.75264644036056],[-123.41886666019725,38.75257480119888],[-123.41834727627511,38.75248525224679],[-123.41799803536196,38.752189740704885],[-123.41727268885002,38.752010642800705],[-123.416672710871,38.75173304104922],[-123.41638615422431,38.75143752950732],[-123.41590258988302,38.75124052181272],[-123.4154996195986,38.75099873964207],[-123.41450597620744,38.750899198479885],[-123.41437321908296,38.751036872534904],[-123.41421096037526,38.75132205450602],[-123.4140142831538,38.75162690419927],[-123.41362584564142,38.752079261808625],[-123.41336033139245,38.75232510833544],[-123.41320790654584,38.75254145327904],[-123.41316857110154,38.752600456445485],[-123.41314398644886,38.75275288129211],[-123.41311940179618,38.75295939237464],[-123.41302598011598,38.75328882672058],[-123.41279488438077,38.753529756316865],[-123.41266704418682,38.753559257900086],[-123.41247036696537,38.75354942403901],[-123.41194425539797,38.753342912956484],[-123.41142797769164,38.7533183283038],[-123.41125588512287,38.753259325137364],[-123.41104445710981,38.753092149499125],[-123.4108821984021,38.75287088762499],[-123.41070027197226,38.752802050597474],[-123.41040432594366,38.752682558922196],[-123.41023291145409,38.75251114443261],[-123.41017971385386,38.75228062149834],[-123.41023291145409,38.75205600940854],[-123.41023291145409,38.7518195756298],[-123.41018545491076,38.75169075480773],[-123.40984627243112,38.751257354972644],[-123.4096955246624,38.75101710071624],[-123.40948824648041,38.75057899001339],[-123.4092998117695,38.75029162707926],[-123.40902658143868,38.74999955327735],[-123.40891997947001,38.74992441225472],[-123.40852039543041,38.749931547684],[-123.40844904113763,38.74971748480564],[-123.40844190570834,38.74956050536151],[-123.40808513424442,38.749332171624594],[-123.40789247765389,38.74911097331696],[-123.40764987305842,38.74906102531201],[-123.406922059272,38.74918946303902],[-123.40660096495446,38.74916092132191],[-123.4062584643491,38.74903248359489],[-123.40626559977837,38.74888263958004],[-123.40655815237879,38.74873993099447],[-123.40670799639364,38.74864003498457],[-123.40687924669633,38.74830466980847],[-123.40704603682504,38.74821483158172],[-123.39615190660798,38.748237304126064],[-123.39216875203766,38.748260571500985],[-123.39236061173659,38.74870852876773],[-123.39238266298867,38.749145320902706],[-123.39244775041301,38.749476181976455],[-123.39223621628389,38.74949245383254],[-123.3917263647932,38.749421942456166],[-123.39148771090395,38.749432790360224],[-123.39126532887077,38.749459910120365],[-123.39110803426193,38.74942736640819],[-123.39109718635788,38.74932973527168],[-123.39123820911063,38.74913989695067],[-123.39124905701468,38.7488415795891],[-123.39120566539845,38.74853241432347],[-123.39116344613183,38.748276218966005],[-123.39066327019559,38.7481039221132],[-123.3906849660037,38.74776763708743],[-123.3909887073173,38.747046251467616],[-123.39090192408484,38.7469865879953],[-123.39089650013283,38.74691607661893],[-123.39073378157195,38.74689980476285],[-123.39056563905908,38.746975740091244],[-123.39031613726576,38.74702997961153],[-123.38945915284523,38.74712218679602],[-123.38916083548365,38.74735541673325],[-123.38885709417005,38.74742592810962],[-123.38861301632876,38.74748559158194],[-123.38831469896718,38.74763746223874],[-123.3878807828049,38.747626614334685],[-123.38757704149128,38.74771339756714],[-123.3872772223511,38.74765080665659],[-123.38728897706369,38.74743922182999],[-123.38745354303992,38.747221759647104],[-123.38777679763612,38.74703368424568],[-123.3880001371753,38.74678683528132],[-123.38814119372637,38.746675165511725],[-123.38845628564138,38.74649722322294],[-123.38870541993062,38.74634015620295],[-123.38894776498077,38.74573191056538],[-123.38904645680213,38.74564460626188],[-123.38912400547109,38.745598330909004],[-123.38939606043374,38.7455750119122],[-123.39016622939063,38.74559905619048],[-123.39032945047981,38.745390285029906],[-123.39047748821184,38.74526502233357],[-123.39048887572969,38.74492339679809],[-123.39054345987624,38.74473024493066],[-123.39036794933887,38.74442764055586],[-123.39034374098888,38.744155296618544],[-123.39040426186384,38.743985838168655],[-123.39024085550145,38.74385874433124],[-123.38979905311425,38.74361060874391],[-123.38957512587689,38.74361060874391],[-123.3892664694146,38.74368323379386],[-123.38907885470222,38.743640869181384],[-123.38905464635224,38.74333826480659],[-123.38914542766467,38.74323537931915],[-123.3891030630522,38.74311433756924],[-123.38858258352755,38.74252123299463],[-123.38848575012761,38.742412295419705],[-123.38829208332774,38.7424183475072],[-123.38815288531534,38.74247886838216],[-123.3879229059905,38.742515180907134],[-123.38769292666564,38.742696743532015],[-123.3874689994283,38.742587805957086],[-123.38725717636594,38.74250307673214],[-123.38722691592845,38.74233967036975],[-123.38732374932839,38.74210363895741],[-123.38737216602834,38.74175866997014],[-123.38751136404076,38.74150448229531],[-123.38749320777826,38.74104452364562],[-123.38748110360328,38.74072376300833],[-123.38757793700321,38.74042721072103],[-123.38754767656573,38.74035458567108],[-123.38726322845342,38.740390898196054],[-123.38653092586641,38.74024564809615],[-123.38629489445407,38.740221439746165],[-123.3859438733793,38.74009434590875],[-123.38578046701691,38.73950729342164],[-123.38527814375475,38.73930152244678],[-123.3848847580675,38.73905943894694],[-123.38467293500514,38.739041282684454],[-123.38427954931791,38.739543605946615],[-123.38400720538058,38.73964649143405],[-123.3836864447433,38.73964043934655],[-123.38347462168095,38.73959202264658],[-123.38319017356866,38.73964043934655],[-123.38292388171885,38.73975542900897],[-123.38261522525656,38.73976148109647],[-123.38204027694444,38.73953755385912],[-123.3817981934446,38.73944677254668],[-123.38165294334469,38.739543605946615],[-123.38158995512228,38.739671029201475],[-123.38156192304044,38.73983121252632],[-123.38135768930125,38.740275721252765],[-123.38140974888184,38.74058407415309],[-123.38141775804807,38.7407562712273],[-123.38122153347514,38.74089242705341],[-123.3807970476643,38.74096050496647],[-123.38063285243325,38.74109145284413],[-123.3803737379027,38.74159704217204],[-123.38023470083752,38.74177399843681],[-123.38010830350554,38.741837197102804],[-123.37998190617357,38.74178031830341],[-123.37991238764097,38.74166024083803],[-123.37957111484464,38.74154648323925],[-123.37955847511144,38.74135056737468],[-123.37968487244342,38.741097772710724],[-123.37964063337722,38.74073122044799],[-123.3796975121766,38.74039626751824],[-123.37996294657377,38.7400802741883],[-123.38000086577335,38.739865398723936],[-123.37995030684057,38.73977692059155],[-123.37900232685072,38.73904381606607],[-123.37897704738434,38.738797341268715],[-123.37905288578352,38.73872782273613],[-123.3791224043161,38.73858246580435],[-123.3791097645829,38.73847502807217],[-123.37898968711754,38.738165354608824],[-123.37901496658392,38.73802631754365],[-123.37938151884667,38.73776720301309],[-123.37940047844646,38.7376976844805],[-123.3791224043161,38.737501768615935],[-123.37855993618884,38.736831862756446],[-123.37842089912365,38.736774983957055],[-123.37805434686092,38.73693930048863],[-123.37745395953402,38.73761552621471],[-123.37728332313584,38.73773560368009],[-123.37710004700448,38.737779842746285],[-123.37663237687616,38.737792482479485],[-123.3763732623456,38.7376597652809],[-123.37625674174727,38.7375930983523],[-123.37610150808185,38.73753336794893],[-123.37573447408121,38.737316913985715],[-123.3751102438462,38.73730957010059],[-123.37439054310465,38.737023158580996],[-123.37426569705765,38.73704519023635],[-123.37435382367906,38.73736097729642],[-123.37461085965819,38.73791911256538],[-123.37464023519865,38.73819083631474],[-123.37453007692189,38.738345057902215],[-123.37368553013333,38.73852865503016],[-123.3731347387495,38.73855803057063],[-123.37229753584606,38.73851396725993],[-123.37207721929252,38.738580062225985],[-123.37177612000269,38.738748971583696],[-123.37118860919325,38.73915288526518],[-123.3708728221332,38.73919694857589],[-123.37065250557966,38.73918960469077],[-123.37007968254046,38.738998663677705],[-123.37008702642558,38.738888505400936],[-123.3705056278773,38.73871225215811],[-123.3705056278773,38.73863146942181],[-123.37006499477022,38.738440528408745],[-123.3700576508851,38.73824224351056],[-123.37022656024281,38.73802192695703],[-123.37017515304699,38.7378456737142],[-123.36950685950127,38.7375151988839],[-123.3693967012245,38.73741972837736],[-123.36937466956914,38.737177380168475],[-123.36924247963702,38.73715534851312],[-123.36912497747514,38.73733894564106],[-123.36900013142814,38.73744910391783],[-123.36891200480672,38.73770613989696],[-123.36844199615916,38.73802927084215],[-123.36789854866045,38.73830833847663],[-123.36769291987714,38.7383377140171],[-123.3675460421748,38.73830099459151],[-123.36742854001291,38.73810270969333],[-123.36737713281708,38.73788973702491],[-123.36711275295283,38.737735515437436],[-123.36706868964212,38.73753723053925],[-123.36705400187189,38.73719941182383],[-123.36686306085883,38.73706722189171],[-123.3663563327857,38.73698643915541],[-123.36622414285357,38.73683221756794],[-123.36620211119822,38.73647236719716],[-123.36615804788751,38.73636955280551],[-123.36575413420603,38.73608314128592],[-123.36580554140185,38.73590688804308],[-123.3663196133601,38.735620476523486],[-123.36634164501545,38.73548828659137],[-123.36573210255068,38.73522390672712],[-123.36556319319297,38.73497421463311],[-123.3656146003888,38.73481999304564],[-123.36566009812148,38.73473085061729],[-123.36298020680044,38.73478867502889],[-123.36299967620687,38.734862137156455],[-123.3630174121208,38.735335094861256],[-123.36314156351831,38.73564842934069],[-123.36317703534617,38.73614503493073],[-123.36335439448547,38.73631057012741],[-123.36340760222726,38.73646428138147],[-123.36344411524885,38.73657268306353],[-123.36350107240193,38.73673406166388],[-123.36352955097846,38.73717073317072],[-123.36347259382539,38.73742704035951],[-123.36364821171401,38.73757892610102],[-123.36376212602013,38.737745051130794],[-123.36398046177356,38.73785896543693],[-123.36415607966218,38.73795864045479],[-123.36434593683906,38.73813900477283],[-123.36451680829826,38.738438029826426],[-123.36455952616306,38.738547197703134],[-123.3644171332804,38.73894589777459],[-123.36436966898617,38.73914524781033],[-123.36454528687479,38.73966260861734],[-123.36456427259247,38.73987145151191],[-123.36445510471577,38.73994739438266],[-123.36417031895044,38.74001859082399],[-123.36397571534414,38.74014199798897],[-123.36381433674379,38.740284390871636],[-123.36363397242575,38.74045051590141],[-123.36345835453712,38.74046000876025],[-123.36323527235429,38.74041254446603],[-123.36281284013572,38.74009928012417],[-123.36242837935252,38.73987145151191],[-123.3622100435991,38.73988569080017],[-123.36167369707441,38.73996638010035],[-123.36129398272064,38.73983822650595],[-123.36103292910242,38.73973855148809],[-123.36058201830731,38.73982873364711],[-123.36035893612447,38.73991416937671],[-123.3600646575003,38.74007080154764],[-123.35991751818821,38.74015623727724],[-123.3598083503115,38.74013725155955],[-123.35969443600537,38.73994739438267],[-123.35955678955213,38.7398477193648],[-123.3594001573812,38.73979550864116],[-123.3593574395164,38.73965786218792],[-123.35948084668138,38.73947749786988],[-123.35981784317035,38.73918796567513],[-123.36018806466527,38.73896488349229],[-123.36046335757176,38.73882249060962],[-123.36049183614828,38.7385377048443],[-123.36059625759557,38.738328861949725],[-123.36074339690767,38.7381532440611],[-123.36074814333708,38.738072554760926],[-123.36057727187789,38.73791117616057],[-123.360601004025,38.737588418959874],[-123.36077662191362,38.737389068924145],[-123.36080984691957,38.73721345103552],[-123.36080512254486,38.7371187806514],[-123.36043568581657,38.73693406228726],[-123.36009172748334,38.73653914716392],[-123.35989426992167,38.73640538558988],[-123.3595566811872,38.73616334083687],[-123.35944202840945,38.73598499207149],[-123.35946113720574,38.73567288173207],[-123.35965859476741,38.735418097781526],[-123.35966496436617,38.73529707540502],[-123.35949935479832,38.73523337941739],[-123.35935922362552,38.735016813059424],[-123.35934011482924,38.73478113790517],[-123.35942928921192,38.7341632868251],[-123.35939107161934,38.734074112442414],[-123.35929552763788,38.7340422644486],[-123.35921272285395,38.73412506923252],[-123.35877322053928,38.73411869963376],[-123.3587859597368,38.7345836803435],[-123.35867130695905,38.73487031228786],[-123.35839104461346,38.73527159700996],[-123.35806619507652,38.73569199052836],[-123.35792606390372,38.73611875364552],[-123.35787510711361,38.73635442879977],[-123.35777319353339,38.736488190373805],[-123.35767127995318,38.73653914716392],[-123.35751840958285,38.73652003836762],[-123.35741012640386,38.73635442879977],[-123.3572827344286,38.736067796855416],[-123.35706616807063,38.73585760009622],[-123.35684323211392,38.735641033738254],[-123.35669036174359,38.735379880188944],[-123.3566011873609,38.73536714099142],[-123.35638462100293,38.735379880188944],[-123.35600881467589,38.73578116491105],[-123.35565211714513,38.73604868805912],[-123.35538459399706,38.73616971043563],[-123.3552189844292,38.73613149284305],[-123.35474126452193,38.73577479531229],[-123.35465209013924,38.73563466413949],[-123.3547476341207,38.735488163367926],[-123.35497057007743,38.735265227411205],[-123.35494509168237,38.73513783543593],[-123.3546266117442,38.735112357040876],[-123.35422532702208,38.734863942689095],[-123.35403423905917,38.73490852988044],[-123.35385589029379,38.73495948667056],[-123.35363932393582,38.734902160281685],[-123.35306606004711,38.734080482041186],[-123.35304695125082,38.73383843728817],[-123.35319982162115,38.733640979726495],[-123.35318071282485,38.733526326948756],[-123.35312975603475,38.73339893497348],[-123.35318708242362,38.73329702139326],[-123.35342275757786,38.73306771583778],[-123.35341638797911,38.732959432658795],[-123.35314886483103,38.73287662787487],[-123.35304058165205,38.73280019268971],[-123.35305969044835,38.73257088713422],[-123.35318708242362,38.73244349515895],[-123.35343549677539,38.73230973358491],[-123.35359473674448,38.73208679762819],[-123.35393232547895,38.73187023127023],[-123.35435271899735,38.73171099130114],[-123.35440367578745,38.73162181691845],[-123.35432724060229,38.731583599325866],[-123.35401513026288,38.731539012134526],[-123.35395143427525,38.73146257694936],[-123.35395143427525,38.73137977216543],[-123.35407882625051,38.73132244577656],[-123.35417437023197,38.731290597782746],[-123.35416163103444,38.731220532196346],[-123.35381767270121,38.73097848744333],[-123.35384952069502,38.73078739948042],[-123.35386862949132,38.73060905071504],[-123.35383678149749,38.73053898512864],[-123.35356925834942,38.73037337556079],[-123.35342912717663,38.730156809202825],[-123.35326351760878,38.7300740044189],[-123.35314886483103,38.72999119963497],[-123.35305332084958,38.72989565565352],[-123.35293229847306,38.72988291645599],[-123.3528749720842,38.72994024284487],[-123.35284949368915,38.730169548400355],[-123.35289408088049,38.730417962752135],[-123.35282401529409,38.730806508276714],[-123.35282401529409,38.731182314603764],[-123.35233992578806,38.73178105688754],[-123.35202781544865,38.73210590642448],[-123.35188131467709,38.73219508080717],[-123.35176029230057,38.73222692880099],[-123.3515819435352,38.73220145040593],[-123.35129531159083,38.73201673204179],[-123.35108511483163,38.73177468728878],[-123.35094498365883,38.7317874264863],[-123.35091950526378,38.732169602412114],[-123.35115518041803,38.73327154299822],[-123.35105963643657,38.733539066146285],[-123.35086854847367,38.7337110453129],[-123.35085659030011,38.734112219887166],[-123.350815618035,38.73439219703212],[-123.3509590209629,38.734747289996456],[-123.35093170611948,38.73500678100885],[-123.3506858725288,38.735204813623575],[-123.3504536963598,38.7352731007321],[-123.3502829785885,38.73534821655148],[-123.3503239508536,38.73547796205768],[-123.35064490026367,38.73584671244372],[-123.35084293287841,38.73598328666077],[-123.35093170611948,38.73601743021503],[-123.35108876646909,38.73597645794991],[-123.3515189752528,38.73573062435922],[-123.35174635387254,38.735699596497625],[-123.35198057231537,38.73583799830475],[-123.3521402667082,38.736146740797565],[-123.35212962041535,38.73633837406897],[-123.35203380377965,38.73638095924039],[-123.35188475567968,38.736423544411814],[-123.3511075763012,38.7364767758761],[-123.35051138390128,38.73691327388318],[-123.35041556726559,38.73723266266885],[-123.35040492097272,38.73745623481882],[-123.35050073760843,38.73761592921166],[-123.35075624863697,38.73780756248306],[-123.352672581351,38.73879766771864],[-123.3529813238438,38.73886154547578],[-123.35320489599378,38.73885089918292],[-123.35371591805085,38.73871249737579],[-123.35390755132227,38.738744436254365],[-123.3540339985367,38.73890895524886],[-123.35395365117752,38.739113475799506],[-123.35358113160312,38.73950790829005],[-123.35335469813633,38.739968079529014],[-123.35312826466954,38.74053781534869],[-123.35279957092742,38.74092494353385],[-123.3523978341315,38.74115137700064],[-123.35231748677231,38.741202507138304],[-123.35208374900013,38.741217115749066],[-123.35193766289252,38.7411659856114],[-123.35163088206654,38.74072772728858],[-123.35122914527062,38.74039172924108],[-123.35098810319307,38.74015068716353],[-123.35078358264242,38.74020181730119],[-123.35068862667248,38.740289468965756],[-123.35046219320569,38.740289468965756],[-123.35028688987656,38.740179904385045],[-123.34992897891291,38.7396759073138],[-123.34964411100309,38.739405648014724],[-123.34949802489547,38.73915730163179],[-123.34888446324352,38.738470696926036],[-123.34886255032738,38.738280784986145],[-123.34893559338119,38.73799591707631],[-123.34898672351885,38.73766722333419],[-123.34903054935113,38.73690757557463],[-123.3491431740829,38.73655368807818],[-123.34911575017468,38.73647141635352],[-123.34896034802809,38.73648055765626],[-123.34877752197328,38.73657197068366],[-123.34857641331297,38.73659025328914],[-123.3483570220472,38.73642570983981],[-123.34821076120335,38.73580410125344],[-123.3480645003595,38.73560299259315],[-123.34787253300195,38.73552986217123],[-123.34778111997454,38.73528304699723],[-123.34773541346084,38.73496310140131],[-123.34790909821291,38.73458830798895],[-123.34784510909373,38.73451517756702],[-123.34749773958958,38.73454260147524],[-123.34729663092929,38.734442047145095],[-123.34720521790189,38.734112960246435],[-123.34728748962655,38.733783873347775],[-123.34701325054434,38.73348221035734],[-123.34688527230597,38.733217112577854],[-123.34694012012241,38.73280575395453],[-123.34704067445256,38.732732623532605],[-123.34737890265396,38.7326869170189],[-123.34795480472661,38.73279661265179],[-123.34815788274464,38.73265907002458],[-123.34814264384727,38.732369530974616],[-123.34773541346084,38.732220710579135],[-123.34749773958958,38.73192818889143],[-123.34755258740603,38.73159910199277],[-123.34723592945396,38.73104374690372],[-123.34719021276186,38.730815163443225],[-123.34683209867374,38.73054848273931],[-123.34661113466193,38.73060943832878],[-123.34631397616327,38.73057134108536],[-123.346032056562,38.73047228825247],[-123.34594824262648,38.73057896053404],[-123.34587966758833,38.73083040234059],[-123.34562822578178,38.73102088855767],[-123.34533106728313,38.73103612745504],[-123.34485104201609,38.730815163443225],[-123.34424148612142,38.730182749202505],[-123.34401290266092,38.73019036865119],[-123.3440205221096,38.73051038549589],[-123.34395194707145,38.730815163443225],[-123.34373860250832,38.731005649660304],[-123.34372336361095,38.73131804705632],[-123.34357859408597,38.731653302798385],[-123.34340334676625,38.73211808916807],[-123.34344906345835,38.732247619795686],[-123.3436090718807,38.732384769871985],[-123.34386813313594,38.73250668105092],[-123.34494247540029,38.73289527293377],[-123.34509486437395,38.733093378599534],[-123.34523201445025,38.73360388166132],[-123.34535392562918,38.733817226224446],[-123.34533868673182,38.734068668031],[-123.34525896701336,38.73437503653434],[-123.3450302896418,38.73461133648495],[-123.34449670910814,38.734763788066],[-123.34445097363384,38.73493148480515],[-123.34432138978995,38.7350839363862],[-123.34403173178596,38.735091558965244],[-123.34394026083734,38.73517540733482],[-123.34392501567923,38.7352745008625],[-123.34404697694407,38.73540408470639],[-123.34438999300141,38.73551842339217],[-123.34477874453309,38.73551842339217],[-123.345350437962,38.73541170728544],[-123.34576967980988,38.73538121696923],[-123.34596786686522,38.73551842339217],[-123.34597548944429,38.73570898786848],[-123.34563247338693,38.736181587769714],[-123.34530470248768,38.73649411351086],[-123.34525896701336,38.73670754572432],[-123.34508364769518,38.73689811020063],[-123.3450302896418,38.737164900467455],[-123.34489308321886,38.737553651999114],[-123.3446948961635,38.73778232937068],[-123.34440523815952,38.73794240353078],[-123.34396312857449,38.738056742216564],[-123.34333006330272,38.73810816347192],[-123.34326961117362,38.738470876246446],[-123.34297490704432,38.73882603250484],[-123.34253662910844,38.73904517147278],[-123.3425290725923,38.73931720605368],[-123.34279355065705,38.73927942347299],[-123.34297490704432,38.739332319085946],[-123.34342074149635,38.73915096269869],[-123.34365499349656,38.73915851921482],[-123.34390435852904,38.73939277121504],[-123.34404037581949,38.73939277121504],[-123.34425951478744,38.739332319085946],[-123.34447109723924,38.739407884247306],[-123.3447129057556,38.73943811031185],[-123.34487914911058,38.73922652786005],[-123.34515874020762,38.739098067085735],[-123.34549878343374,38.739105623601866],[-123.345680139821,38.73921897134391],[-123.34589172227281,38.73945322334412],[-123.34598995698258,38.73947589289253],[-123.3463300002087,38.73943811031185],[-123.34644334795074,38.73948344940867],[-123.34684384330593,38.73992172734455],[-123.34682873027367,38.74037511831271],[-123.34722999689107,38.74061483510811],[-123.34764543341339,38.741378702262054],[-123.34787325344176,38.742222976484825],[-123.34780624755106,38.74251780240389],[-123.34749802045387,38.742625011829006],[-123.34655993798411,38.74265181418529],[-123.34654653680597,38.7427590236104],[-123.34737740985061,38.743536291942476],[-123.34769903812595,38.74401873435549],[-123.34763203223525,38.74421975202758],[-123.3471361886441,38.744353763808974],[-123.34710938628783,38.745358852169424],[-123.34692176979387,38.74525164274431],[-123.34655993798411,38.74450117676851],[-123.34602389085855,38.74379091432713],[-123.34583627436459,38.743630100189456],[-123.34554144844553,38.74349608840806],[-123.34493682028065,38.74416923137637],[-123.34472397657903,38.7443269614527],[-123.34421255744299,38.744138080286575],[-123.34388547100018,38.744324986825326],[-123.3434337801982,38.744363925687566],[-123.34276403176767,38.74419259469371],[-123.342491459732,38.74431719905288],[-123.34210207110961,38.74430162350798],[-123.34191516457085,38.74428604796309],[-123.34160365367293,38.74431719905288],[-123.34094948078732,38.7442237457835],[-123.34006167472825,38.74416923137637],[-123.33968786165076,38.743927810430485],[-123.33935298743549,38.74353842180809],[-123.3389387815603,38.743050973771446],[-123.33839380333995,38.74285442424935],[-123.338107913126,38.742622138450514],[-123.33762547338995,38.7420503580226],[-123.33718770399983,38.7419878195383],[-123.33690181378587,38.74172873153191],[-123.33672313240216,38.741657258978414],[-123.33621389045855,38.74164832490923],[-123.33586117946682,38.74158368302026],[-123.33560482280778,38.74162213651911],[-123.33536128398168,38.741532411688446],[-123.33511774515559,38.74158368302026],[-123.33427296456465,38.741380251191146],[-123.33396661274669,38.74126612012171],[-123.33366626782713,38.74126612012171],[-123.33268591145568,38.740928711482674],[-123.33158780403986,38.74042083680285],[-123.33107992936003,38.73976197235335],[-123.33080540250607,38.73948058232804],[-123.3292680521239,38.73832756954141],[-123.32869154573059,38.73803931634476],[-123.3279777759103,38.73779910534754],[-123.3272777324327,38.73764811557787],[-123.32677672092423,38.737600073378424],[-123.32622080404497,38.73759321020707],[-123.32575372917053,38.737770546818325],[-123.32555637321386,38.73771134003132],[-123.32434263408025,38.73683310602408],[-123.32370122722102,38.73625090595186],[-123.32348413566868,38.73595487201684],[-123.32281312541596,38.73527399396628],[-123.32201383379139,38.73476086847891],[-123.32164872527153,38.73448457013955],[-123.32101718621014,38.734168800608856],[-123.31983305047004,38.733783956493326],[-123.31939670874226,38.733782288129454],[-123.3141726016243,38.73373441378528],[-123.31463091325,38.73352877487808],[-123.31499551214195,38.733248314191975],[-123.31535076234435,38.73308938646984],[-123.31588363764796,38.73250976771855],[-123.31630432867713,38.732276050480124],[-123.31668762494814,38.731958195035865],[-123.31692631123951,38.731727561545654],[-123.31708477940529,38.73125215704834],[-123.31728286461251,38.730214190562535],[-123.31759980094404,38.72967539879891],[-123.31788504364243,38.729009832502676],[-123.31799597135847,38.7282967257567],[-123.31821676425017,38.727628487950795],[-123.31853719131571,38.727265942791576],[-123.31890017074767,38.72703000616081],[-123.31915425635003,38.72693926130282],[-123.31964427858316,38.72693926130282],[-123.31998910904352,38.72700278270341],[-123.32037023744707,38.7271298255046],[-123.32076044033641,38.72731131522057],[-123.32145010125711,38.727656145680925],[-123.32213068769202,38.72790115679749],[-123.32245736918078,38.72811894445666],[-123.32283849758433,38.72826413622944],[-123.32313795561569,38.72833673211583],[-123.32348278607604,38.728291359686835],[-123.3238820634512,38.72825506174364],[-123.32401818073816,38.72834580660163],[-123.32408170213876,38.72846377491701],[-123.32426319185474,38.72879045640577],[-123.32459894782929,38.72896287163594],[-123.32495285277544,38.72911713789453],[-123.32541565155118,38.72945289386908],[-123.32612346144349,38.72981587330103],[-123.32721968821112,38.7302355320243],[-123.3278387724069,38.7305156001073],[-123.32832773808067,38.73077446428754],[-123.32911008315871,38.731033328467774],[-123.32947249301104,38.73111386399051],[-123.33003048913288,38.731142626677205],[-123.33029510585047,38.731171389363894],[-123.33084734943496,38.7311426266772],[-123.33115223391391,38.73123466727461],[-123.33154915899027,38.731309450260014],[-123.33167571481171,38.73133821294671],[-123.33216468048549,38.731389985782755],[-123.33262488347258,38.73155105682823],[-123.3330333136236,38.73163734488831],[-123.33338421840125,38.73167761264968],[-123.33358555720811,38.7317696532471],[-123.33374662825358,38.73188470399387],[-123.33432763452477,38.73217233086079],[-123.33503519661741,38.73242544250369],[-123.33531107089581,38.73245955431699],[-123.33565288617329,38.73242398012634],[-123.33585529789723,38.73236705182898],[-123.33628542281058,38.732170965471425],[-123.33650048526725,38.73211403717407],[-123.33669657162481,38.73207608497583],[-123.33705079214168,38.7318040942218],[-123.33747459168866,38.73147517517041],[-123.3376770034126,38.73138662004119],[-123.33794266880025,38.73137396930845],[-123.33811345369233,38.731139930752654],[-123.33838544444636,38.73078571023577],[-123.33896105278629,38.730393537520655],[-123.33923936890669,38.72984323064622],[-123.33936853765653,38.72969445987669],[-123.34011832687273,38.72929457229471],[-123.34015998182919,38.728928008677904],[-123.3403349326463,38.728461473165595],[-123.34040991156792,38.728144895496534],[-123.34048489048955,38.72758671908002],[-123.34057653139375,38.72714517654159],[-123.34083479212377,38.726487028229585],[-123.34102640492347,38.726320408403765],[-123.34165122927031,38.725645598109175],[-123.34207610982615,38.72523737953591],[-123.3426926031817,38.72527903449237],[-123.34261382764306,38.72281097677536],[-123.3240150393641,38.70517683873476],[-123.3236669010343,38.70496493556162],[-123.32303269534037,38.70472182337895],[-123.3227449527033,38.704573102313844],[-123.32271559249341,38.704436430816685],[-123.32274730277811,38.704071762542675],[-123.32271559249341,38.70379165502786],[-123.32266274201892,38.70368595407887],[-123.32253061583269,38.70350097741814],[-123.32248833545309,38.703263150282915],[-123.3224249148837,38.70310459885943],[-123.32231392888725,38.70294604743595],[-123.32192812042345,38.70278221096502],[-123.32171143347803,38.70273993058542],[-123.32148946148516,38.70272407544308],[-123.32121992406523,38.70272936049053],[-123.32081297541163,38.70286677172421],[-123.32040602675802,38.70305703343239],[-123.32030032580904,38.70309402876453],[-123.32019462486005,38.70308345866964],[-123.32005721362637,38.702919622198706],[-123.3198141014437,38.702771640870125],[-123.31956570421357,38.702317126789474],[-123.31943357802734,38.70222728098283],[-123.31936280694394,38.70219393530709],[-123.31910404962782,38.7022318022314],[-123.31855497922533,38.70255998224209],[-123.31820786575247,38.70246531493132],[-123.31782919650936,38.702446381469166],[-123.31769666227429,38.702263358001666],[-123.31783550766342,38.70180895490994],[-123.31782288535531,38.701644864904594],[-123.31764617304187,38.70161330913434],[-123.31736848226359,38.70145553028304],[-123.31710341379342,38.70139241874253],[-123.3168572787854,38.70141766335873],[-123.31633345299912,38.701625931442436],[-123.31616305183971,38.70161962028839],[-123.31580331605876,38.70139241874253],[-123.31548775835618,38.701322996047956],[-123.31514064488334,38.70134824066417],[-123.31479353141049,38.70140504105062],[-123.31465468602136,38.701329307201995],[-123.31443379562954,38.7013419295101],[-123.31436437293497,38.70127881796958],[-123.31437699524308,38.70113997258044],[-123.3148313983348,38.700799170261654],[-123.31563291489937,38.70031952255372],[-123.31637763107747,38.69971365176475],[-123.31638394223152,38.69954325060536],[-123.31587904990738,38.69925924867303],[-123.31591060567764,38.699063602897425],[-123.31608100683704,38.69847666557062],[-123.31609362914514,38.69826839748691],[-123.31600997177564,38.69818996867786],[-123.31566256865166,38.698207937804966],[-123.3154409494174,38.698411587912126],[-123.3152852169825,38.6986691454006],[-123.31518938163796,38.69903451765169],[-123.31508156687534,38.69905248677879],[-123.31485395793204,38.69881888812645],[-123.31472218433329,38.69883086754452],[-123.31421305906538,38.69919025008658],[-123.31378180001491,38.69922019863175],[-123.31388961477752,38.69887279550776],[-123.31399143983111,38.69869310423674],[-123.31398545012208,38.6984595055844],[-123.31367997496133,38.69809413333331],[-123.31368596467037,38.69796235973456],[-123.31403336779435,38.69747719330279],[-123.31402138837628,38.697177707851075],[-123.31391357361366,38.69705192396136],[-123.31376383088781,38.69699801658005],[-123.3134643454361,38.69702796512522],[-123.31314689085728,38.697189687269145],[-123.31294324075012,38.69740531679438],[-123.3127635494791,38.69774673020933],[-123.31263776558937,38.697728761082224],[-123.31250000228158,38.69757901835637],[-123.31226041392021,38.697513131556995],[-123.3118890519601,38.697698812537055],[-123.31136794727412,38.697704802246086],[-123.31121221483923,38.69780662729967],[-123.31106247211338,38.69796235973456],[-123.31097262647786,38.698022256824906],[-123.31082887346103,38.69798032886166],[-123.31069709986228,38.697926421480354],[-123.31040959382864,38.697926421480354],[-123.31016322578178,38.69801456791623],[-123.3100634569389,38.697983869810734],[-123.3100276424825,38.69791991542428],[-123.31010182957078,38.697743401317666],[-123.31063994450729,38.6970709140924],[-123.31092281472041,38.69668074828118],[-123.31105937275434,38.69638324685013],[-123.31127396395051,38.696144270290766],[-123.31145929271084,38.695963818603076],[-123.31180068779564,38.69552000499282],[-123.31194699997485,38.695354184523055],[-123.31207868093614,38.695222503561766],[-123.31212745166253,38.69507131430992],[-123.31212257458989,38.69484696896848],[-123.31190310632108,38.69472991922511],[-123.31128371809578,38.69477868995151],[-123.31082527326761,38.694871354331674],[-123.3107033464516,38.6950322977288],[-123.310630190362,38.69551512792018],[-123.31048875525543,38.69564680888146],[-123.31024002455078,38.695705333753146],[-123.30964014461604,38.69568094838995],[-123.30940604512931,38.69572971911635],[-123.30900612517281,38.6961247620002],[-123.30881104226721,38.69618816394453],[-123.30857694278048,38.69627107417941],[-123.30841599938336,38.696363738559576],[-123.30828919549471,38.696446648794456],[-123.3081038667344,38.696661239990625],[-123.30791366090143,38.69668562535383],[-123.30778685701279,38.696758781443435],[-123.3074357077827,38.69677341266135],[-123.30745521607325,38.69662710048215],[-123.30754300338079,38.69630521368789],[-123.3075088638723,38.69617840979925],[-123.30735279754781,38.69594918738516],[-123.30736255169309,38.695832137641794],[-123.30764054483359,38.69569070253523],[-123.30782099652127,38.69554439035603],[-123.30787464432031,38.69543709475794],[-123.30787464432031,38.69519811819857],[-123.30780148823071,38.695061560164646],[-123.30756738874398,38.69482258360528],[-123.30764054483359,38.69467627142607],[-123.30804274075732,38.69426984870606],[-123.30823928678471,38.69401282697792],[-123.30822920750126,38.69384147915916],[-123.30810825609979,38.693740686324595],[-123.30778067938745,38.69354917993893],[-123.30770508476152,38.69338287176189],[-123.30760429192696,38.69324680143523],[-123.30738758733266,38.69311073110857],[-123.30720112058872,38.692994819348826],[-123.30716080345488,38.69280331296315],[-123.3070398520534,38.69254125159328],[-123.3072716755729,38.69221367488095],[-123.30750853873413,38.69205744598738],[-123.30792682899757,38.69195161351109],[-123.30815361287534,38.691886098168624],[-123.30842575352867,38.69171475034987],[-123.30882892486693,38.69168451249949],[-123.30893979698494,38.69163411608221],[-123.3090405898195,38.69152828360592],[-123.30902043125259,38.6914174114879],[-123.30888940056767,38.69124102402741],[-123.30869789418199,38.69109991405902],[-123.30849126887114,38.690933605881995],[-123.30842071388695,38.690817694122245],[-123.30822416785955,38.69080257519706],[-123.30797722541486,38.6908983283899],[-123.30781091723783,38.69090336803163],[-123.30659261601134,38.68850342503869],[-123.30664465093606,38.68836813423439],[-123.3066186334737,38.68772290116773],[-123.30654578457909,38.68744191257419],[-123.30631683091026,38.68683830744732],[-123.30630122043284,38.68638560360216],[-123.30640008678984,38.686078597546256],[-123.30653537759413,38.68580801593765],[-123.30688401158983,38.6854333644796],[-123.30715459319842,38.68511595143874],[-123.30747720973173,38.68477252093552],[-123.3075604656113,38.684215747240906],[-123.30762846455217,38.6841067756975],[-123.30779462277259,38.684007607541986],[-123.30811723930591,38.684023218019405],[-123.30835659995968,38.68408565992908],[-123.30917354827794,38.684606009176385],[-123.30932965305213,38.68448112535703],[-123.30933485654461,38.684038828496824],[-123.30945974036396,38.68360693862156],[-123.30947535084138,38.68341961289253],[-123.30943892639407,38.68334156050543],[-123.30918915875536,38.68309179286673],[-123.30910590287579,38.68294089158501],[-123.3091423273231,38.68259225758932],[-123.30920997272526,38.68245176329255],[-123.3094129089317,38.68221760613126],[-123.30964706609299,38.68205109437213],[-123.30991764770158,38.68194182103019],[-123.31001651405857,38.681894989597936],[-123.31013619438545,38.681759698793634],[-123.31030270614458,38.68163481497428],[-123.31046921790373,38.68158278004955],[-123.31059410172308,38.681556762587185],[-123.31159837577037,38.681535948617295],[-123.31168683514241,38.681499524169986],[-123.31168163164995,38.68141626829041],[-123.31149430592092,38.681348622888265],[-123.31096875318114,38.681150890174294],[-123.31051604933599,38.68088551205817],[-123.31037555503922,38.68070338982161],[-123.31032352011448,38.68050565710764],[-123.31040677599405,38.679974900875386],[-123.31052645632093,38.67961065640227],[-123.3105316598134,38.67944414464313],[-123.31025587471234,38.67918397001948],[-123.31007895596825,38.67925161542163],[-123.30973552546503,38.67977196466893],[-123.30927761812741,38.680240278991505],[-123.30868962347795,38.68052126758505],[-123.30829936154247,38.680640947911925],[-123.30786747166721,38.68071379680655],[-123.30760209355108,38.680672168866764],[-123.30734712241991,38.680464029167844],[-123.30712857573604,38.680058156754946],[-123.30705572684141,38.67975115069904],[-123.30706613382637,38.67961065640227],[-123.30708694779625,38.67916835954206],[-123.30701409890163,38.679095510647436],[-123.30681116269518,38.67899664429045],[-123.30667066839841,38.67887696396357],[-123.30657180204142,38.67865321378723],[-123.30662904045863,38.678372225193684],[-123.30669668586077,38.67821612041949],[-123.3067487207855,38.67804960866036],[-123.30672270332315,38.677924724841006],[-123.30662383696615,38.677794637529175],[-123.30661863347368,38.67762812577004],[-123.30667587189087,38.67747722448832],[-123.30680075571023,38.67725867780445],[-123.30687360460486,38.67697248571844],[-123.30696726746937,38.67677475300446],[-123.30710776176615,38.67658742727543],[-123.30711816875109,38.67605146755071],[-123.30702970937905,38.67596300817867],[-123.30675392427797,38.67584332785179],[-123.30661342998118,38.67563518815287],[-123.30650415663925,38.675276147172234],[-123.30642610425215,38.67515126335288],[-123.3063012204328,38.675041990010946],[-123.30614511565861,38.67500036207116],[-123.30591095849732,38.67496393762385],[-123.30565598736614,38.67493271666901],[-123.30546345814464,38.67485986777439],[-123.3051824695511,38.6747610014174],[-123.30498994032959,38.67445919885397],[-123.30496392286723,38.67407934390343],[-123.30520848701346,38.67310629081098],[-123.30517726605862,38.673002220961514],[-123.30502636477691,38.67301262794646],[-123.30452162600702,38.67322597113785],[-123.30426145138337,38.67325719209269],[-123.3041209570866,38.673251988600214],[-123.30399086977476,38.67321556415291],[-123.30383476500057,38.67311669779592],[-123.3037358986436,38.67297620349915],[-123.29551980880765,38.67118386498633],[-123.29540185102228,38.67094487296515],[-123.29520214342541,38.67080314499319],[-123.29480917041222,38.670674301382306],[-123.29457725191264,38.670300654910754],[-123.29439042867686,38.67029421273021],[-123.29387505423335,38.67038440325783],[-123.29374621062247,38.67035863453565],[-123.29328881580385,38.67005585205008],[-123.2929151693323,38.669959219341926],[-123.29203259059778,38.67005585205008],[-123.29168471284841,38.67016536911933],[-123.2914914474321,38.67004940986954],[-123.29108559005783,38.6695598041482],[-123.29109847441892,38.668818953385646],[-123.29093741990532,38.66827781021995],[-123.29108559005783,38.66792993247058],[-123.29162673322352,38.66711177554149],[-123.29169115502896,38.66687985704191],[-123.29174269247332,38.66584910815488],[-123.29180711427875,38.66539815551681],[-123.29194884225072,38.66503739340635],[-123.29186509390364,38.66465730475426],[-123.29160740668189,38.66388424308898],[-123.29173625029276,38.6632851202984],[-123.29167182848732,38.66295012691011],[-123.2915501577209,38.66268504038576],[-123.29162559439663,38.66187052798599],[-123.29026484624588,38.65997875616662],[-123.29021506277694,38.65928178760159],[-123.28893728707439,38.658501846588344],[-123.28840626340579,38.657605744147595],[-123.28812415708185,38.65735682680294],[-123.28780886177863,38.65724066537544],[-123.28697913729644,38.65702493701007],[-123.28656427505535,38.65662666925863],[-123.28583411751104,38.65649391334148],[-123.28470569221528,38.656394346403616],[-123.28407510160882,38.655962889672885],[-123.28371002283667,38.655315704576786],[-123.28351088896095,38.655182948659636],[-123.28178506203801,38.65476808641855],[-123.28057366429404,38.65476808641855],[-123.28024482079122,38.654885576086414],[-123.27970465862195,38.65528529609167],[-123.27917529969608,38.65520967338797],[-123.2788620056379,38.6552636896049],[-123.2782786304951,38.65564180312339],[-123.27754400994489,38.655685016096925],[-123.27622601425189,38.655933490694785],[-123.27486480558534,38.655685016096925],[-123.2745299050404,38.655803851774166],[-123.27387090719388,38.656235981509575],[-123.27362243259603,38.65631160421327],[-123.27315789313046,38.656268391239735],[-123.27270415690828,38.6562899977265],[-123.27195873311469,38.65585786799109],[-123.27085680228939,38.65569581934031],[-123.27041775569845,38.655262814676426],[-123.26931787078618,38.65490964062203],[-123.26827852999753,38.654950003371106],[-123.26795562800494,38.654869277872955],[-123.26647229697647,38.65415283907689],[-123.26642184354013,38.65392075326972],[-123.26636129941653,38.653819846397035],[-123.26613930429662,38.65365839540074],[-123.26548340962417,38.653254767910006],[-123.26526141450427,38.65300250072829],[-123.2645147036464,38.65291168454287],[-123.26419180165381,38.652124610935935],[-123.2638083555376,38.65170080207066],[-123.26345518148321,38.651196267707235],[-123.26356617904315,38.65081282159103],[-123.26401016928297,38.65031837791488],[-123.26407071340658,38.65011656416951],[-123.26372763003945,38.64920840231535],[-123.2630414633052,38.648774502762805],[-123.26278919612348,38.6485222355811],[-123.26242593138181,38.648350693897534],[-123.26210302938922,38.64809842671582],[-123.26170949258577,38.64754343891605],[-123.26172967396029,38.646988451116286],[-123.26161867640035,38.64638300988018],[-123.26194157839294,38.64621146819662],[-123.26200212251655,38.64600965445125],[-123.26177003670936,38.64581793139315],[-123.2605793356117,38.64534366909153],[-123.25990325956471,38.64492995091352],[-123.25960053894664,38.64462723029546],[-123.25926754626678,38.644516232735505],[-123.25756222011842,38.64349707332139],[-123.25754203874388,38.64305308308158],[-123.25737049706032,38.64297235758343],[-123.25688614407143,38.64292190414709],[-123.25480746249413,38.641650477551266],[-123.25460967584196,38.641102950991595],[-123.25438341961588,38.6408766947655],[-123.25367636890932,38.64033933622853],[-123.25313901037235,38.63957572146546],[-123.25299760023104,38.639519157408934],[-123.25279019869045,38.63957572146546],[-123.25219627609695,38.63914206369878],[-123.25168719958825,38.6385858504763],[-123.25174376364477,38.63826532082266],[-123.25153636210418,38.637803381027716],[-123.25155521678968,38.63746399668858],[-123.25115926839402,38.63734144123278],[-123.25056534580052,38.63657782646971],[-123.25006569663456,38.63654954444145],[-123.24994314117876,38.636445843671154],[-123.25002798726355,38.63634214290086],[-123.25046164503023,38.63621016010231],[-123.25074446531285,38.635870775763166],[-123.25107442230923,38.63569165625084],[-123.25126816980519,38.63558304195498],[-123.2514349057766,38.63518502705545],[-123.25146717725495,38.63495912670706],[-123.25166618470472,38.63479239073563],[-123.25161239890748,38.634588004706146],[-123.2511121909932,38.63420612554578],[-123.25077871905034,38.6338672750232],[-123.25033767551302,38.63357145313841],[-123.25006336794713,38.63335093136975],[-123.25016556096188,38.63318957397804],[-123.25074106899228,38.63288837351353],[-123.25071955467338,38.63268398748404],[-123.2502677539766,38.63204931507668],[-123.2502892682955,38.63182879330801],[-123.25052009780399,38.63155641852428],[-123.25039581272299,38.63154056995744],[-123.24978306998246,38.63120935766526],[-123.24961746383637,38.630966468650996],[-123.24960642342663,38.63085054434874],[-123.24951810014872,38.6307843018903],[-123.24918136765167,38.630707019022125],[-123.24894399884228,38.63060213512961],[-123.24859622593549,38.6303482057056],[-123.24822637220923,38.63003355402803],[-123.2479945236047,38.62990106911116],[-123.24795588217061,38.629779624604026],[-123.24800004380957,38.629669220506635],[-123.24830365507741,38.62950361436055],[-123.24840301876506,38.62938769005829],[-123.24835333692123,38.62920000309272],[-123.24829813487253,38.62867006342523],[-123.24779027602453,38.62848789666454],[-123.24740386168365,38.62823396724054],[-123.2469788059087,38.627692987163314],[-123.24688496242591,38.627477699173404],[-123.24673591689442,38.62743353753444],[-123.24640470460226,38.62752186081236],[-123.24611213374416,38.62748873958314],[-123.24562083551076,38.627256890978614],[-123.24528130129742,38.62691694074635],[-123.2450990368493,38.62662687065777],[-123.2450847368885,38.62637662134401],[-123.24494173728064,38.6262872465891],[-123.24464143810414,38.62619072185379],[-123.24447698855509,38.62604772224593],[-123.24429108906487,38.62566877328509],[-123.24417668937858,38.62562229841254],[-123.24431509180432,38.62614401280785],[-123.24428014744117,38.62630475687834],[-123.24411241449805,38.62657732291092],[-123.24406349238964,38.62697568865083],[-123.24416133660647,38.62759070944227],[-123.24409144788017,38.627632452307864],[-123.24404431151393,38.62780214322629],[-123.24397832060122,38.628348925074576],[-123.2436907887672,38.62863174327196],[-123.24321471146827,38.62892398874259],[-123.24303559327659,38.62895698419896],[-123.24240867960572,38.628980552382075],[-123.24235682960285,38.62904182965817],[-123.24239453869585,38.62925865694284],[-123.24246524324519,38.62937649785841],[-123.24240867960572,38.62958389786983],[-123.24230969323663,38.629711166058655],[-123.24214942959145,38.629852575157344],[-123.2419184613969,38.629852575157344],[-123.24156493865019,38.629725306968524],[-123.24142824318811,38.62980072515449],[-123.24134811136551,38.62989028425033],[-123.24114542499072,38.62994684788981],[-123.2408343249736,38.629960988799674],[-123.24051851131985,38.63017781608434],[-123.24006600220403,38.630366361549264],[-123.23991987946872,38.63030979790979],[-123.23966062945445,38.63006468880538],[-123.23924582943161,38.629503766047236],[-123.23870847485658,38.62949905241061],[-123.23822768392102,38.62948491150074],[-123.23770918389248,38.62945191604438],[-123.23740279751198,38.629319934218934],[-123.23703984749199,38.62947077059088],[-123.23677117020448,38.629532047866974],[-123.2363469429084,38.62950847968386],[-123.23573417014738,38.6293529296753],[-123.23542778376688,38.62922566148647],[-123.23490928373835,38.62913138875401],[-123.23442064332079,38.628895552306666],[-123.23409373114136,38.62850158121862],[-123.23372689083463,38.62862469322766],[-123.2333979949646,38.62849319885505],[-123.2332835529818,38.62850074931181],[-123.23318821150806,38.62876293836457],[-123.23292125538163,38.62904419571206],[-123.23250175289724,38.62923011158583],[-123.23193923820224,38.62934928842799],[-123.23161031011789,38.629473232343834],[-123.2309047832123,38.629811694575565],[-123.23053771853844,38.62993087141773],[-123.229784520896,38.62997854215459],[-123.22960078426497,38.62996011248073],[-123.22904562447461,38.62943986282803],[-123.22882157201134,38.629435095754346],[-123.22857845125334,38.62933498720693],[-123.22843543904274,38.62933022013325],[-123.2283114951269,38.6294493969754],[-123.22801593655835,38.62961624455443],[-123.22762980358975,38.62974495554396],[-123.22753922918972,38.62982599579663],[-123.22729134135803,38.63014062265993],[-123.22720076695798,38.63015492388099],[-123.22696241327365,38.63009295192307],[-123.22647617175765,38.62992133727035],[-123.22612817537855,38.62957334089125],[-123.22602329975744,38.629568573817565],[-123.22594225950478,38.62962101162812],[-123.22561809849411,38.629630545775484],[-123.22529870455712,38.62956380674389],[-123.22510325453598,38.62944939697542],[-123.22500314598857,38.629463698196474],[-123.22492687280958,38.62957334089126],[-123.22468851912527,38.6297020518808],[-123.22438819348302,38.62979739335452],[-123.22404973125128,38.62986413238613],[-123.22392578733545,38.630164458028375],[-123.22381614464065,38.63048385196536],[-123.22363499584057,38.630788944681285],[-123.22350628485104,38.630812780049716],[-123.22335850556676,38.63077941053391],[-123.2229962079666,38.630541056849594],[-123.22263391036644,38.63053628977591],[-123.22244322741898,38.630612562954894],[-123.22207139567145,38.630655466618066],[-123.22140877242904,38.63066500076544],[-123.2209749687236,38.63068406906019],[-123.22054116501813,38.630860450786585],[-123.22036001621805,38.630955792260316],[-123.22007399179687,38.630993928849804],[-123.21988807592311,38.63096532640768],[-123.21856759651197,38.629825995796644],[-123.21854376114355,38.62966391529131],[-123.2187010745752,38.62952090308072],[-123.21907767339641,38.62941126038593],[-123.21943043684921,38.62918720792267],[-123.21965925638615,38.62900605912259],[-123.2197498307862,38.62898222375416],[-123.22001678691264,38.628953621312036],[-123.22008352594425,38.62891071764886],[-123.22007399179687,38.628772472511955],[-123.22015503204953,38.62867236396454],[-123.22053639794444,38.628391106617045],[-123.22046965891283,38.628257628553825],[-123.22046489183916,38.62809554804849],[-123.220345714997,38.62808601390112],[-123.22012642960742,38.628167054153785],[-123.21991667836522,38.62820995781696],[-123.21969739297565,38.628329134659126],[-123.21955914783874,38.6284435444276],[-123.21938753318604,38.628462612722345],[-123.21903476973324,38.628391106617045],[-123.21899663314375,38.62828623099595],[-123.21923021975438,38.62790963217472],[-123.21935893074391,38.62754733457456],[-123.21930172585968,38.627494896764006],[-123.2188393197121,38.62741385651134],[-123.21864386969096,38.62744245895345],[-123.21832924282766,38.62755210164824],[-123.21795741108012,38.62755686872193],[-123.21781439886954,38.62748536261663],[-123.21763325006945,38.62717073575333],[-123.21739012931144,38.627089695500665],[-123.21739489638513,38.62699435402694],[-123.21749500493254,38.62691331377427],[-123.21787637082745,38.62677030156368],[-123.21801938303804,38.62667019301627],[-123.21830064038554,38.62631742956347],[-123.21864386969095,38.626079075879154],[-123.2188726892279,38.62605047343704],[-123.21914441242802,38.626017103921235],[-123.21924452097544,38.62595513196331],[-123.2193636978176,38.625611902657894],[-123.21937323196497,38.62553086240522],[-123.2189441953332,38.62544505507887],[-123.21878688190154,38.62537354897357],[-123.21871060872256,38.625297275794594],[-123.2186248013962,38.62499695015235],[-123.21830540745923,38.62505892211027],[-123.21809088914333,38.62511135992082],[-123.21777626228003,38.62508752455239],[-123.21756651103783,38.625030319668156],[-123.21742826590092,38.62490160867862],[-123.21733186880236,38.62484729707276],[-123.21740737594614,38.62464981685057],[-123.21738414297882,38.62446395311205],[-123.21714600506384,38.624080609151335],[-123.21697175780896,38.623842471236344],[-123.21665230450837,38.62363918277233],[-123.21666392099203,38.623412661341],[-123.21673942813581,38.62333715419722],[-123.21709373088737,38.623168715184185],[-123.217140196822,38.62240202726276],[-123.21719247099846,38.622239396491544],[-123.21759323968466,38.62189671022364],[-123.21759323968466,38.62168761351779],[-123.21741318418796,38.62149013329561],[-123.21673839999998,38.6211752],[-123.21657679736458,38.62107774812575],[-123.21655356439727,38.62085703493625],[-123.2167394281358,38.6207466783415],[-123.21694271659982,38.6206653629559],[-123.217140196822,38.62050854042651],[-123.2171808545148,38.62029944372067],[-123.21725055341675,38.62013100470763],[-123.2174828830899,38.62007292228934],[-123.21765132210295,38.620113579982146],[-123.21799981661269,38.6203052519625],[-123.2183018451878,38.62029944372067],[-123.2184642,38.6202488],[-123.2186132,38.6200998],[-123.21867918394248,38.61991589790714],[-123.21873746332497,38.61975346898874],[-123.21880135398509,38.61966053711948],[-123.21891171057983,38.619590838217526],[-123.21909176607653,38.619544372282895],[-123.21920793091311,38.619364316786196],[-123.21933571223335,38.619323659093396],[-123.21964935729211,38.619259768433274],[-123.2196411,38.6191414],[-123.2193413,38.6190757],[-123.21916727322031,38.61902163051829],[-123.21836573584791,38.618760259635984],[-123.21825917872862,38.61872941415408],[-123.2179875,38.6186796],[-123.21788620327176,38.61865525998769],[-123.21780638321111,38.61863623776214],[-123.21766874682844,38.6186034371066],[-123.21741318418796,38.61827817556418],[-123.21727378638407,38.618260750838694],[-123.21698918253445,38.618301408531494],[-123.2167800858286,38.618301408531494],[-123.21653033142995,38.61824332611321],[-123.21644636360601,38.61825151809603],[-123.2161319,38.6183572],[-123.21605405559998,38.618359490949786],[-123.21595531548888,38.61828979204784],[-123.21600758966535,38.61815039424394],[-123.21618183692021,38.61806907885834],[-123.21636189241691,38.6180226129237],[-123.21643739956069,38.61796453050542],[-123.21644320780253,38.61791225632896],[-123.21641416659338,38.61787159863615],[-123.21587400010328,38.617854173910665],[-123.21558939625366,38.617679926655796],[-123.21546161493343,38.61755795357739],[-123.21542676548245,38.61733724038789],[-123.21546742317526,38.61715137664936],[-123.21540353251514,38.61709329423107],[-123.21513859999999,38.6171026],[-123.21503180503808,38.61707586950559],[-123.21464265283555,38.61708167774742],[-123.21424769239117,38.61718622610034],[-123.21414314403826,38.617314007420575],[-123.21393404733242,38.617784475008726],[-123.21369590941742,38.61788902336165],[-123.21351585392073,38.61788321511982],[-123.21310346875087,38.617639268962996],[-123.21291760501234,38.61757537830288],[-123.21255168577711,38.61762184423751],[-123.2123077396203,38.61758118654471],[-123.21193601214324,38.61734885687155],[-123.21173853192106,38.61716880137485],[-123.21155847642436,38.6171571848912],[-123.21123902312377,38.61693066345987],[-123.21099507696695,38.6168377315906],[-123.21082082971208,38.6168377315906],[-123.21078017201928,38.61692485521804],[-123.21090795333951,38.61710491071474],[-123.21109381707804,38.61725011676046],[-123.21123902312377,38.61751729588459],[-123.21123902312377,38.61770896786495],[-123.21118094070547,38.61779028325055],[-123.21108800883621,38.61784836566884],[-123.210925378065,38.61790644808713],[-123.21064077421538,38.61793548929628],[-123.21054784234612,38.617999379956395],[-123.21050718465332,38.61813296951846],[-123.21024000552919,38.618191051936755],[-123.21021677256186,38.618278175564186],[-123.21030970443113,38.61838853215894],[-123.21043167750955,38.61875445139416],[-123.21055365058795,38.61887642447257],[-123.2107453225683,38.61899258930915],[-123.21081502147025,38.6191029459039],[-123.21090214509769,38.61925396019145],[-123.21086952115667,38.61956572685322],[-123.21067698468822,38.619802694814375],[-123.21050666396614,38.619906368297386],[-123.2102548855074,38.620024852277965],[-123.21024748025862,38.62015814675612],[-123.21049185346857,38.620454356707576],[-123.21045482722464,38.62090607688354],[-123.21046223247342,38.62124671832771],[-123.21018823826833,38.62151330728402],[-123.21017342777075,38.621676222757316],[-123.21015861727318,38.62183173298183],[-123.2100993752829,38.62190578546969],[-123.21007715953652,38.62215756392843],[-123.21023266976104,38.622335289899304],[-123.210580716454,38.622483394875026],[-123.2109583841421,38.62264631034833],[-123.21111389436662,38.62277960482648],[-123.21142491481564,38.62353494020269],[-123.21185441924523,38.62414957585194],[-123.21190625598673,38.62432730182281],[-123.21189144548916,38.62444578580339],[-123.211654477528,38.62457167503276],[-123.21097319463965,38.62480864299392],[-123.21089914215179,38.62491231647693],[-123.21083249491271,38.62506042145266],[-123.2104622324734,38.625289984165036],[-123.21018083301952,38.62543068389197],[-123.21000310704865,38.62545289963833],[-123.20971430234597,38.625371441901684],[-123.2095884131166,38.62539365764804],[-123.20941068714573,38.62550473637984],[-123.20924777167244,38.625519546877406],[-123.20924036642366,38.62568246235071],[-123.20924777167245,38.62579354108251],[-123.20893675122343,38.62597126705338],[-123.20898118271614,38.62632671899513],[-123.20912188244309,38.626608118449006],[-123.20918852968217,38.626859896907746],[-123.20921815067732,38.627133891112834],[-123.20919593493095,38.62731902233249],[-123.20852205729139,38.627822579249965],[-123.20833692607174,38.62781517400118],[-123.20799628462757,38.62754858504487],[-123.20768526417854,38.62723015934706],[-123.20755196970039,38.62714129636162],[-123.20737424372952,38.626859896907746],[-123.20583395198196,38.62683768116138],[-123.20546368954264,38.62677843917109],[-123.20534520556205,38.62657849745386],[-123.20536001605963,38.62636374523906],[-123.20536742130842,38.626274882253625],[-123.20552293153293,38.62611937202911],[-123.20533780031327,38.62589721456552],[-123.20526374782541,38.62561581511164],[-123.20520450583513,38.625578788867706],[-123.2049971588691,38.62555657312135],[-123.20438992846863,38.625401062896835],[-123.20415296050746,38.62539365764805],[-123.20410852901475,38.625282578916256],[-123.20426403923926,38.624882695481794],[-123.20412333951232,38.62471978000849],[-123.20387156105359,38.62457167503276],[-123.20371605082907,38.62446059630097],[-123.20344205662397,38.62442357005703],[-123.20330876214582,38.62436432806675],[-123.20309400993102,38.62435692281796],[-123.20284223147229,38.6243347070716],[-123.20253121102326,38.62412736010558],[-123.20213269336026,38.62362132761628],[-123.20189069738832,38.62351611197631],[-123.20143827013645,38.62346350415632],[-123.2012383604205,38.62336881008035],[-123.20109105852455,38.6231794219284],[-123.20037559217275,38.62358976292429],[-123.20005994525283,38.62360028448828],[-123.19963908269295,38.62347402572032],[-123.19928134951705,38.6231794219284],[-123.19894465946913,38.6231899434924],[-123.1987552713172,38.62308472785243],[-123.19857640472924,38.622769080932514],[-123.19856588316524,38.6224534340126],[-123.19822919311734,38.622442912448605],[-123.1979766755814,38.6220957008367],[-123.19741903268957,38.621937877376745],[-123.19735590330558,38.62180109704478],[-123.19741903268957,38.62167483827682],[-123.19765050709749,38.621611708892836],[-123.19779780899346,38.62156962263685],[-123.19803980496539,38.62128554040892],[-123.19808189122138,38.62112771694897],[-123.19806084809338,38.62089624254103],[-123.19793458932541,38.62074894064507],[-123.19770311491749,38.620696332825084],[-123.19676669572173,38.620875199413035],[-123.19628270377787,38.62079102690106],[-123.19619853126589,38.6206437250051],[-123.19634583316186,38.620475379981144],[-123.19627218221387,38.62040172903317],[-123.19590392747398,38.62044381528916],[-123.1954830649141,38.62029651339319],[-123.19541993553011,38.62010712524125],[-123.19546960986794,38.61973408944789],[-123.1954304570941,38.61960209016939],[-123.19523675652586,38.61943138010317],[-123.19529946510993,38.619102160036874],[-123.19514269364977,38.61883564855464],[-123.19493986851464,38.61864550007353],[-123.19457894583437,38.6184650387334],[-123.19417727381924,38.618360254729446],[-123.19395024181067,38.61840100406432],[-123.19346124979225,38.61872699874327],[-123.19333900178763,38.61872699874327],[-123.19318182578172,38.61847086006695],[-123.19311196977908,38.61815068672155],[-123.19303047110934,38.617976046714965],[-123.19307704177777,38.61789454804523],[-123.1933797511225,38.61762094536825],[-123.19348453512646,38.61758019603338],[-123.19376395913699,38.617597660034036],[-123.19397352714489,38.61760348136759],[-123.19402009781331,38.61754526803206],[-123.19397352714489,38.617440484028116],[-123.19384545780673,38.61731823602351],[-123.19381797481158,38.61711900106608],[-123.19380470847186,38.61694567067613],[-123.19358931913041,38.616800137337314],[-123.19338557245607,38.616520713326786],[-123.1933681084554,38.616101577310985],[-123.19354879018083,38.61587377545306],[-123.19353693188515,38.61576705079199],[-123.19340056148488,38.61567218442658],[-123.19340056148488,38.61557731806118],[-123.19344799466758,38.615429089365236],[-123.19330569511948,38.615381656182535],[-123.1930744583538,38.615280860669294],[-123.192884725623,38.615108915381995],[-123.19238074805679,38.6151563485647],[-123.19206057407357,38.615138561121185],[-123.1918767704906,38.61507926964281],[-123.19174632923816,38.61492511179903],[-123.19182340816005,38.61466422929417],[-123.1917819041252,38.61458122122444],[-123.19140243866357,38.6145278588939],[-123.19115341445439,38.6144329925285],[-123.19105854808899,38.61430848042391],[-123.19111783956737,38.614083172806076],[-123.19108226468035,38.614000164736346],[-123.19086881535819,38.613934944110134],[-123.19044191671387,38.613875652631755],[-123.19026997142657,38.613739282231485],[-123.1902759005744,38.61359698268338],[-123.19034705034846,38.61350804546582],[-123.19054864137495,38.61337760421339],[-123.19063757859251,38.61330645443934],[-123.19066129518386,38.61317601318691],[-123.19048342074873,38.61302185534313],[-123.19048934989657,38.61289734323854],[-123.19065536603603,38.61278468942962],[-123.19063164944467,38.612719468803405],[-123.19038855438333,38.612594956698814],[-123.19031147546144,38.61249416118557],[-123.19032926290495,38.6123577907853],[-123.19040634182684,38.61223327868071],[-123.19040634182684,38.61210283742828],[-123.19020475080036,38.61212062487179],[-123.19014545932198,38.6120257585064],[-123.19012174273062,38.61191903384532],[-123.18957626112956,38.611747088558026],[-123.18929166203336,38.611604789009924],[-123.18901299208498,38.61140319798344],[-123.18887662168471,38.6113972688356],[-123.18856237684932,38.61142098542695],[-123.18852680196228,38.6113024024702],[-123.18861573917985,38.61083992893886],[-123.18821848627472,38.61082807064318],[-123.18764928808231,38.61060869217319],[-123.18746548449934,38.61054940069481],[-123.1875069885342,38.61041895944238],[-123.1877263670042,38.610330022224815],[-123.18779158763041,38.610205510120224],[-123.187916099735,38.610116572902655],[-123.18784494996095,38.60988533613698],[-123.18789238314366,38.60972524914536],[-123.18798724950906,38.60959480789293],[-123.18805247013528,38.6093695002751],[-123.18823034457041,38.6091323343616],[-123.18821848627474,38.60899596396133],[-123.18824220286608,38.608841806117546],[-123.1884793687796,38.608729152308634],[-123.1884793687796,38.608663931682415],[-123.1884319355969,38.608586852760524],[-123.18819476968338,38.60847419895161],[-123.18799910780474,38.60832004110783],[-123.18790424143934,38.60808880434216],[-123.18787459570015,38.60794650479405],[-123.18758999660393,38.60784570928081],[-123.18759592575178,38.607685622289196],[-123.18784494996096,38.607537393593255],[-123.1879279580307,38.60738916489731],[-123.18806432843095,38.60712235324461],[-123.18820662797907,38.60703341602705],[-123.18846751048393,38.60695040795732],[-123.18848529792744,38.60687925818327],[-123.18814606382912,38.60687007871994],[-123.18772637024743,38.607012616162784],[-123.18725916418481,38.60717099109927],[-123.18678403937535,38.60719474733974],[-123.18672378467225,38.60702789593955],[-123.18643353504429,38.60675471981911],[-123.18618881476972,38.606640896435586],[-123.1860522267095,38.60650999954454],[-123.18593271215681,38.60639048499185],[-123.18542619810016,38.606270970439155],[-123.18521562484064,38.60616283822481],[-123.18497090456609,38.60532623635596],[-123.18458390506211,38.60458638436309],[-123.18448715518613,38.604455487472045],[-123.18428796426497,38.6042050760283],[-123.18401478814454,38.60402864978385],[-123.18351965642623,38.60383515003187],[-123.1826112378753,38.60323886998543],[-123.18238524034143,38.60292043535465],[-123.18229929399213,38.60254343915029],[-123.18227020183762,38.60222924388151],[-123.18225856497581,38.602083783108924],[-123.18214801478865,38.60188595645821],[-123.18192109598343,38.60167067451479],[-123.18167090345457,38.60156012432763],[-123.1813508897549,38.60147284786407],[-123.18113560781147,38.601368116107814],[-123.18091450743715,38.60123429219704],[-123.1806643149083,38.600984099668196],[-123.18039666708675,38.60092591535916],[-123.18019302200513,38.60090846006646],[-123.17989628202906,38.60082700203381],[-123.17968100008564,38.60065826753761],[-123.17951226558944,38.600477896179605],[-123.17946571814221,38.60031498011431],[-123.17946330089431,38.600170583953556],[-123.16229278122736,38.600255125259544],[-123.16156802747741,38.58586426161522],[-123.1621097,38.5786771],[-123.16199692682304,38.577199337751075],[-123.16174301291214,38.572193030165955],[-123.16137355738992,38.55951861966058],[-123.16130633732375,38.557684472140885],[-123.16149566919437,38.543455523683434],[-123.16188459481315,38.52943773546391],[-123.1619142,38.5284398],[-123.1616872,38.5284501],[-123.1614976,38.5284477],[-123.1612762,38.5283921],[-123.1613141,38.5281873],[-123.16142000191203,38.52797383007872],[-123.16166159999999,38.5277451],[-123.1618199,38.527523],[-123.16186219999997,38.5273522],[-123.1619513,38.5271498],[-123.16185739999997,38.5270075],[-123.16152983770007,38.526525119229],[-123.16135535592977,38.5262681707007],[-123.1610953,38.5260219],[-123.1603566,38.5256358],[-123.160106,38.5255264],[-123.1598925,38.5254921],[-123.15978396128413,38.525452636770694],[-123.159653,38.5254024],[-123.15924192958676,38.525189080073794],[-123.1590538,38.5250776],[-123.1587178,38.5248389],[-123.1584009,38.5246578],[-123.1580559,38.5244913],[-123.1577895,38.5242923],[-123.1574556,38.5239698],[-123.15709640000001,38.5236254],[-123.15694713087882,38.52346396758952],[-123.15679580000001,38.5232773],[-123.1566499,38.5231099],[-123.1563947,38.5229349],[-123.156184,38.5227673],[-123.15614776803557,38.52274311359693],[-123.15588369281056,38.522414803857735],[-123.15564102909028,38.52219355164219],[-123.155436,38.5219701],[-123.1553313,38.5217723],[-123.1552285,38.5213879],[-123.155137,38.5210502],[-123.15502309999998,38.5205881],[-123.15494872377067,38.52034502506715],[-123.1550418,38.5199],[-123.155066,38.519672],[-123.155051,38.5194226],[-123.1550816,38.51937],[-123.1552607,38.5192446],[-123.155399,38.5191964],[-123.1555933,38.5191637],[-123.1559557,38.5190859],[-123.15630789999999,38.5189986],[-123.15657739999999,38.5189096],[-123.1568605,38.5187656],[-123.15700949999999,38.5186116],[-123.15719820000001,38.5183435],[-123.1573621,38.5179462],[-123.1574167,38.5177178],[-123.15737815812153,38.517591315064664],[-123.1572956,38.51732409999999],[-123.157131,38.5171174],[-123.15698459999999,38.5169034],[-123.15686396505642,38.51677338166734],[-123.1566712,38.5165572],[-123.156493,38.5163224],[-123.1562432,38.516018],[-123.1560564180808,38.51581101215265],[-123.15600680000001,38.5155397],[-123.15585409999998,38.515332],[-123.15571069999999,38.51524159999999],[-123.15552880000001,38.5151254],[-123.15538319999999,38.5150177],[-123.15528934458254,38.5148732248815],[-123.15520633664404,38.514745447688924],[-123.1551351,38.5145997],[-123.15383177279897,38.51425624326755],[-123.11994799381026,38.50532708717743],[-123.04979929999999,38.465586],[-123.04948490000001,38.4657359],[-123.0489168,38.4658829],[-123.048535,38.4659045],[-123.04814289999999,38.4658437],[-123.0475748,38.4656478],[-123.0462621,38.4651482],[-123.04508530000001,38.4644953],[-123.0441928,38.4638135],[-123.043774,38.4633066],[-123.043469,38.4626454],[-123.04252969999999,38.4622525],[-123.04155024266586,38.462607771354584],[-123.04057,38.4631562],[-123.0394051,38.4639335],[-123.0378963,38.4653525],[-123.03674489999999,38.4660962],[-123.0356338,38.4671269],[-123.0352679,38.4673388],[-123.03461480000001,38.4677868],[-123.0338901,38.4682436],[-123.0333416,38.4690567],[-123.03306729999998,38.469282],[-123.0309514,38.4700754],[-123.0291633,38.4705487],[-123.02836,38.4707853],[-123.02786305395017,38.47141530236721],[-123.02766980000001,38.4718681],[-123.0273846,38.4729873],[-123.0268666,38.4746892],[-123.026749,38.4755121],[-123.0263762,38.4758941],[-123.0257499,38.4763349],[-123.02508369999998,38.4767464],[-123.02478149999999,38.4771605],[-123.0242805,38.4773341],[-123.02369270000001,38.4771578],[-123.0228895,38.4768051],[-123.0220471,38.4762174],[-123.02160507360375,38.47574714689643],[-123.0211263,38.4752378],[-123.0207148,38.4750615],[-123.0191279,38.4734354],[-123.0188156,38.4727958],[-123.0166944,38.470756],[-123.01591489999998,38.470242],[-123.0145043,38.4692036],[-123.0137599,38.4686942],[-123.0129958,38.467793],[-123.0121338,38.4672249],[-123.01172229999999,38.4664412],[-123.0112521,38.4661278],[-123.01037009999999,38.4660351],[-123.0100179,38.4661082],[-123.00973719477692,38.4658679790706],[-123.00825065835396,38.46418830678448],[-123.00817697558023,38.46368438349315],[-123.0083509120814,38.46323214859008],[-123.00900027501915,38.46251321105187],[-123.00944091415548,38.46201459308182],[-123.00968442525712,38.46100576137497],[-123.00989314905854,38.46072746297308],[-123.01022942629416,38.46026363230327],[-123.01018304322717,38.4600433127351],[-123.00982357445807,38.45957948206529],[-123.00816537981348,38.457979266254426],[-123.0080146348458,38.45712117951527],[-123.00772474067715,38.456912455713855],[-123.00740005920828,38.456808093813144],[-123.0067622920373,38.45687766841362],[-123.00554473652902,38.456715327679184],[-123.00517367199318,38.45649500811102],[-123.00467505402312,38.455938411307244],[-123.00439675562123,38.455648517138606],[-123.00307483821226,38.454628089665015],[-123.00222834723985,38.454141067461705],[-123.00111827695802,38.45401831332045],[-123.0005181952089,38.45401929830152],[-123.00027344961626,38.45346596043988],[-123.00009255069996,38.453162688727254],[-123.00007658903087,38.45249761918202],[-122.99954453339468,38.45138562290239],[-122.99972144254521,38.45063006059701],[-122.9997347100197,38.45013916404125],[-123.00055729343744,38.44909103355736],[-123.00050422353951,38.44889202144016],[-122.9999898453788,38.44841210262485],[-122.99920627153902,38.447881085642514],[-122.99894076304786,38.44766738368621],[-122.99866230292298,38.44729178630847],[-122.99845507678353,38.446935616381296],[-122.99826202035244,38.446649818253086],[-122.99755142086586,38.446065733535214],[-122.99731533301657,38.445575694841175],[-122.9971481533345,38.4452423776545],[-122.99677536038034,38.44487109563144],[-122.99610349090034,38.44453068176158],[-122.9955032874982,38.44430672526824],[-122.99427379386421,38.44408067103524],[-122.9940437020366,38.443954668367745],[-122.9934573505158,38.44317578881489],[-122.99320870282986,38.44312024206812],[-122.99257827267247,38.44303305491869],[-122.99178688162385,38.443006228103485],[-122.99099549057523,38.443012934807285],[-122.99043883415968,38.44285197391604],[-122.98978828389089,38.442590412467766],[-122.98933893473617,38.44243615828032],[-122.98901030624987,38.442362384538505],[-122.98857437050275,38.442362384538505],[-122.9880512476062,38.44244286498412],[-122.98734033700319,38.442825147100834],[-122.9866629599192,38.443220842625145],[-122.98631234008526,38.44340254590014],[-122.98603829946364,38.443478668295036],[-122.98580232003948,38.44351672949249],[-122.984706157553,38.44350150501351],[-122.98392209688559,38.44344060709759],[-122.9835567093901,38.44347105605555],[-122.98333595444491,38.443615688605846],[-122.98315326069716,38.44381360683257],[-122.98301624038636,38.44403436177776],[-122.98233277575987,38.445185385569175],[-122.98198858805529,38.44568621774696],[-122.98166126175725,38.44597548284756],[-122.98128064978278,38.44609727867939],[-122.98082391541341,38.44608205420041],[-122.98056509927078,38.445884135973685],[-122.9802606096912,38.445556809675644],[-122.97995650121878,38.445065719999725],[-122.97979146548403,38.44490937035627],[-122.97958299929276,38.44475302071282],[-122.97895760071894,38.44442294924331],[-122.9779152697626,38.443979958586866],[-122.97658629779326,38.443467479199995],[-122.9760651323151,38.443128721639184],[-122.97566429893348,38.442789777297506],[-122.97574030793119,38.44246704127316],[-122.97595044430136,38.4419650488333],[-122.97604383824367,38.441404685179506],[-122.97607886097202,38.4408559957685],[-122.97604383824367,38.44019056392962],[-122.97584537611628,38.439816988160416],[-122.97540281958295,38.43958862877931],[-122.97493478517886,38.43931499572056],[-122.97443279273901,38.43850947296823],[-122.97354555028716,38.437365397175064],[-122.97337043664535,38.43652485169437],[-122.97316030027518,38.435941139555005],[-122.97253439123023,38.434781305187414],[-122.97197024207588,38.434112385475835],[-122.97153504129967,38.433749718162325],[-122.97110679373355,38.4334641594875],[-122.97083320341865,38.4333214540446],[-122.97028881622381,38.43318535724589],[-122.96959321036375,38.43309462604675],[-122.96875394677173,38.4330643823137],[-122.9680280971786,38.43301145578087],[-122.96768029424858,38.43285267618238],[-122.96674273852415,38.43220243592189],[-122.9658278655995,38.43169585339336],[-122.96523055187183,38.43124975833093],[-122.96448958041219,38.430796102335236],[-122.96393966423148,38.43047504609974],[-122.96368533088048,38.43044187218439],[-122.96333700476933,38.430154364918046],[-122.96316007722082,38.4301211910027],[-122.9626679974765,38.43035340841013],[-122.96258405400539,38.43035264578602],[-122.96207639598616,38.43003825621433],[-122.96172806987501,38.429689930103194],[-122.96135209883441,38.42915361847175],[-122.96129073443555,38.42868941052412],[-122.96107885935004,38.428553205112],[-122.96049620286489,38.42832619609182],[-122.96002705088982,38.427978115594186],[-122.95964870252284,38.42762246812922],[-122.95957303284945,38.42739545910903],[-122.95965626949018,38.4271987179582],[-122.96001191695515,38.426790101721856],[-122.96011785449791,38.426578226636344],[-122.96013298843258,38.42619987826936],[-122.95998164908579,38.42573829326164],[-122.9597546400656,38.42547344940475],[-122.95953599916018,38.425298720449206],[-122.95928162318259,38.425188490858915],[-122.95898485120873,38.425120657264884],[-122.95856089124607,38.42507826126862],[-122.95811149368564,38.42506130287011],[-122.95757730413268,38.4249001980843],[-122.95712790657227,38.42461190530969],[-122.95683961379765,38.4242472997418],[-122.95665307141408,38.424103153354494],[-122.956415653835,38.424001402963455],[-122.95580515148876,38.42377246458362],[-122.95520312834178,38.42344177581274],[-122.95510137795074,38.4233230670232],[-122.95471133478509,38.42318739983515],[-122.95452479240151,38.42300933665083],[-122.95442304201048,38.422788877470246],[-122.95433825001794,38.422712564676964],[-122.9539595106899,38.42227107622581],[-122.95383769835088,38.4219148654728],[-122.95382208515123,38.42175092687638],[-122.95361130695584,38.42151672888149],[-122.95306484496777,38.421235691287634],[-122.9527838073739,38.42098588009309],[-122.95247934998056,38.42027547950861],[-122.9522529585855,38.41986953631748],[-122.9518548219942,38.41936991392839],[-122.95176894939608,38.419112296134024],[-122.95168307679795,38.418620480344764],[-122.95150352500188,38.41801937215789],[-122.95128950428816,38.41758069095259],[-122.95124018227843,38.417120352195056],[-122.95132238562799,38.416972386165845],[-122.95155255500676,38.41684908114151],[-122.95179916505543,38.416775098126905],[-122.95181218294891,38.41627157265859],[-122.95182883181785,38.415715820712194],[-122.95160631332212,38.4152151540968],[-122.9514639943817,38.41438558899608],[-122.9513615212718,38.41389185492115],[-122.95133357406002,38.412815887267286],[-122.95126248467794,38.41257235062188],[-122.95095043551386,38.4122122938941],[-122.95056460130024,38.411819083348874],[-122.94994227667608,38.41104410984397],[-122.94960622373014,38.41062804429187],[-122.94931829888912,38.410191986908536],[-122.94876438757873,38.409407279218826],[-122.94825663554423,38.408645651167056],[-122.94819577021893,38.408421515936034],[-122.947933179328,38.40632954183838],[-122.94775811873406,38.40519164797773],[-122.94760056419952,38.404272579859516],[-122.94755679905103,38.40419380259224],[-122.94747802178375,38.404009988968596],[-122.94727670210071,38.40383492837465],[-122.94689156879403,38.40358984354312],[-122.94583245220066,38.403152192058265],[-122.94547949608923,38.40308725306645],[-122.94498114200644,38.403056741591996],[-122.9446200895587,38.403031315363286],[-122.94441159448324,38.4029499514314],[-122.94430480432264,38.4029143547112],[-122.94407799061416,38.40280042357062],[-122.94388153097384,38.402630753881255],[-122.94352026416341,38.40224507017025],[-122.94310878225596,38.401696427627],[-122.94299905374731,38.40157298305477],[-122.94275216460285,38.40143582241896],[-122.94214865780528,38.401230081465236],[-122.94196349094693,38.40104491460689],[-122.94170974377067,38.40072944514452],[-122.94148342872158,38.40034539536425],[-122.94116110122742,38.39996134558397],[-122.94086620586043,38.39965959218518],[-122.9406673229385,38.39946070926325],[-122.9405233042709,38.39923439421416],[-122.94048901411195,38.39899436310149],[-122.94055759442985,38.39797251636468],[-122.94054387836627,38.39763647280694],[-122.94036409336269,38.39706153705747],[-122.94033265866938,38.39672754344102],[-122.9402543233599,38.39660432138219],[-122.93948206304661,38.39558973110853],[-122.9392487092113,38.39520911444439],[-122.93912855331524,38.3950723853213],[-122.93853191714176,38.39467462787231],[-122.93827917542939,38.39450060898838],[-122.93815073291981,38.394247867276],[-122.93805430105292,38.39385970152488],[-122.93803134577018,38.39370886581515],[-122.93796657432492,38.39360903248776],[-122.93778738491008,38.393392191289266],[-122.93743457385254,38.393213229158626],[-122.93697794994142,38.39306743342402],[-122.9367542003351,38.39299474662944],[-122.93629305401883,38.392893673464236],[-122.93587612721234,38.39279891737185],[-122.93554132235258,38.39262835640556],[-122.93419578584071,38.3918260881567],[-122.93338720051904,38.391301771112175],[-122.93284393225603,38.39097960039807],[-122.93254777446231,38.39076537282598],[-122.93240578590925,38.39040494034516],[-122.93209650165316,38.38897536414677],[-122.93201258683926,38.38829695644217],[-122.93211088660676,38.38784914639024],[-122.93251500787314,38.38739041414191],[-122.93281722089365,38.38668708055825],[-122.93323163445693,38.38638978387155],[-122.93356353872643,38.386079750575284],[-122.93391304901087,38.38567562930891],[-122.93420460543157,38.3852546510678],[-122.93441547004474,38.38479093140144],[-122.93448388413726,38.38456095879883],[-122.93463703697586,38.38400240138746],[-122.93489829770054,38.383317718109005],[-122.9350879980888,38.38282656868468],[-122.93504417273141,38.382642828978646],[-122.93435969060316,38.38227777184359],[-122.93365503160328,38.38187125769433],[-122.93281314940647,38.38139091387961],[-122.93265169843785,38.38116998097519],[-122.9323712835976,38.380974540328964],[-122.93198889972456,38.380787597102135],[-122.93170848488433,38.38066013581112],[-122.93132610101128,38.380379720970886],[-122.93053584100697,38.38014179322765],[-122.93022669820591,38.38007503201723],[-122.92972580208766,38.380000271402565],[-122.92937068916801,38.379921772757164],[-122.92904879261178,38.37977640419341],[-122.92800361002544,38.379139097738324],[-122.92696841351729,38.3785343855923],[-122.92652518998577,38.378251096886046],[-122.92628745839974,38.3780306548699],[-122.92598284655902,38.377545459622354],[-122.9255862044426,38.376770012690045],[-122.92544345734893,38.37658594406927],[-122.92517091536726,38.37643483871754],[-122.92204666241959,38.37529751028244],[-122.92181831795654,38.37521627234847],[-122.92152190927854,38.37511307821613],[-122.92115304514593,38.37504940524086],[-122.92001790969019,38.375038427141675],[-122.91989824569507,38.37501954996767],[-122.9196860454157,38.374943157867094],[-122.91957701123407,38.374740409709375],[-122.91850299609834,38.37378250431805],[-122.91782568925599,38.373163252347894],[-122.91733222284228,38.37304714260349],[-122.91694519036093,38.372892329610956],[-122.91674199830823,38.372727840806384],[-122.91641302069908,38.372311780888936],[-122.91620015283434,38.3721569678964],[-122.91584044362699,38.37219443979567],[-122.91500035214217,38.37239886319724],[-122.91396504025457,38.37246659388148],[-122.91306518973545,38.37279557149062],[-122.91252334426156,38.372950384483154],[-122.91204922947192,38.37306649422756],[-122.91043698147466,38.37345084721475],[-122.91006805799704,38.37357114834875],[-122.90940239172221,38.37417265401878],[-122.9090013879422,38.37448543696719],[-122.90861642431338,38.374605738101195],[-122.90805501902135,38.3746137581768],[-122.90761391486333,38.374645838479196],[-122.90706854972251,38.374774159688805],[-122.90672976356717,38.374862106628505],[-122.90618634140647,38.374982681654416],[-122.90559285581205,38.37522328392242],[-122.90505551074682,38.375560127097636],[-122.90480688840321,38.37571250853404],[-122.9045582660596,38.37583280966805],[-122.90334281786977,38.376407304195084],[-122.90205600247229,38.37700374070569],[-122.90151984870938,38.37718457877745],[-122.90093776374813,38.37734009766023],[-122.9005778486194,38.377544493906164],[-122.90029188097246,38.37774506859822],[-122.89969288014208,38.37812793510836],[-122.89931250043337,38.37839674938936],[-122.89945305057543,38.377806438792696],[-122.89951629813936,38.37769399867905],[-122.89980442593058,38.37753939352278],[-122.89987470100162,38.377349650831],[-122.89993092105844,38.37696313794033],[-122.90001525114369,38.37671014768462],[-122.89998011360817,38.37493921589464],[-122.90000276391622,38.37468373852901],[-122.89988305807482,38.371188327960155],[-122.89987547252638,38.370716258675834],[-122.90002379257028,38.37043445059242],[-122.90023885663395,38.37024163453534],[-122.90028335264712,38.370085898489236],[-122.90027593664493,38.369900498434355],[-122.90012761660103,38.36961127434874],[-122.90001637656809,38.369247890241176],[-122.8998383925154,38.36852853802823],[-122.89971973648028,38.36783884982407],[-122.89964516134665,38.367431763686696],[-122.8995417524276,38.3671639936243],[-122.89944829473055,38.367004117315446],[-122.89935148963652,38.36692637516225],[-122.89875731664155,38.3669332047369],[-122.8978763015111,38.36707662580466],[-122.8970021159553,38.36730883134291],[-122.89668112594653,38.367424934112044],[-122.89640111338569,38.367438593261355],[-122.89586982502651,38.36741122544742],[-122.89496520662556,38.367189337915114],[-122.89450436328922,38.367078394148955],[-122.89424833921348,38.36697598451866],[-122.89367655211099,38.36671142630706],[-122.89306209432921,38.366395663280315],[-122.89250737549843,38.366276185378304],[-122.8916795643202,38.366173775748],[-122.89081761659854,38.36612257093285],[-122.89039090980563,38.36605429784599],[-122.88968257652941,38.36587508099297],[-122.88890597016633,38.36566172759652],[-122.8880354883088,38.365482510743504],[-122.88747223534217,38.36527769148291],[-122.88713940404371,38.365166747716756],[-122.8866049801264,38.36505154019576],[-122.88599454157988,38.36494381574637],[-122.88549182748274,38.364889953521676],[-122.88496218227326,38.36470143573525],[-122.88457616966295,38.36453984906117],[-122.88436072076416,38.364378262387085],[-122.88411834075305,38.36430644608749],[-122.8837053970304,38.3642705379377],[-122.88337324664478,38.36430644608749],[-122.88258326734928,38.36441417053688],[-122.88199078287765,38.36450394091137],[-122.88145764859883,38.364509152727365],[-122.88010560501336,38.36430644608749],[-122.8795013051922,38.36418115250821],[-122.87882009420754,38.36395747128936],[-122.87784403070711,38.36362194946109],[-122.87746783956632,38.36355077816418],[-122.87667823198143,38.36358144003713],[-122.87612517953976,38.36363370708169],[-122.87594209541567,38.363643408497985],[-122.87583588971484,38.36235123913785],[-122.87558217609619,38.36154879606489],[-122.87503934695859,38.36052804127354],[-122.87423292031541,38.35907585248126],[-122.87373317299918,38.358181474520805],[-122.87286750466264,38.35662000448013],[-122.87166300446304,38.35436743267831],[-122.8711666553896,38.353297862766645],[-122.87074084442379,38.35242119313116],[-122.87050543284268,38.351974075138884],[-122.8693093280946,38.34950729306606],[-122.86916863042919,38.349299132007715],[-122.8686061277715,38.349104419549285],[-122.86774073906734,38.34883398557924],[-122.86698352395122,38.348617638403205],[-122.8662371261939,38.34802268366911],[-122.86531765069574,38.34698421722413],[-122.86476596539686,38.34651907079566],[-122.8644414446328,38.34633517569603],[-122.86337087330983,38.34626411990396],[-122.8613584973743,38.34612964587879],[-122.86016858790609,38.34597820285557],[-122.85875107761599,38.345734471888086],[-122.85762258797286,38.34600530940244],[-122.85705216442469,38.3460347076556],[-122.85658759280972,38.34598631477903],[-122.85639402130347,38.34585081472466],[-122.85623916409848,38.345357207383756],[-122.856006878291,38.34521202875408],[-122.855697163881,38.34516363587752],[-122.8535098058605,38.34501845724784],[-122.84939771934803,38.34473591658239],[-122.84819144980725,38.34463603439111],[-122.84564829555246,38.344459319745006],[-122.84215241885784,38.343959908788634],[-122.8408550595354,38.34350868164598],[-122.84002424118262,38.34318822313847],[-122.83836260447703,38.34270160096041],[-122.83740122895452,38.342499830789016],[-122.83649919760006,38.34225058528318],[-122.83603631308921,38.34202507744457],[-122.83558529741198,38.341645274769],[-122.83438654521724,38.34016167056759],[-122.83374562820224,38.33935458988202],[-122.83346077619557,38.33896291837285],[-122.8332204166743,38.33851884715558],[-122.83332208757902,38.338496606645165],[-122.83350001166228,38.338496606645165],[-122.83376054335564,38.338655467433796],[-122.834160872543,38.338938239637564],[-122.83480902456061,38.33937351819841],[-122.83493293597574,38.33951331569241],[-122.83503460688047,38.339792910680394],[-122.83506320182242,38.33984056891698],[-122.83512039170633,38.33985645499585],[-122.83536503732081,38.339850100564306],[-122.83551436646214,38.33988822715357],[-122.83570182219272,38.33994223982171],[-122.83589245513907,38.34001849300025],[-122.83607355643811,38.34014240441539],[-122.83620331565348,38.34035212245375],[-122.83622978599055,38.34058594376462],[-122.83628713838756,38.34062564927024],[-122.83639743145872,38.34058594376462],[-122.83659595898682,38.34049770930769],[-122.83672389894936,38.34040065140507],[-122.83691360303176,38.340334475562365],[-122.83704595471715,38.34031241694814],[-122.8371827181254,38.340334475562365],[-122.83740771599058,38.340334475562365],[-122.83879256114757,38.34043719994124],[-122.83897659124283,38.34043194193852],[-122.83909226730272,38.34047926396302],[-122.83922124013874,38.340485980426195],[-122.83935880519164,38.340585715089546],[-122.83945109848649,38.34071910275304],[-122.83959788715977,38.34083214095285],[-122.83988429726655,38.341023865713886],[-122.84021518276688,38.341206723490394],[-122.8403174960466,38.34123937666477],[-122.84038933303023,38.34123937666477],[-122.84047640816189,38.34122196163843],[-122.84056783705014,38.34123502290819],[-122.84071903982084,38.34130654907582],[-122.84080069004173,38.34130654907582],[-122.84080928480184,38.34125498051525],[-122.84075771624127,38.34113035649389],[-122.84076631100136,38.3409670560521],[-122.84083936646216,38.3408940005913],[-122.84100696428399,38.340812350370406],[-122.84184495339318,38.34080375561031],[-122.84202544335515,38.34085962155092],[-122.84223171759741,38.34081664775045],[-122.8423305573385,38.340820945130496],[-122.84249385778028,38.340868216311016],[-122.84285483770424,38.34087681107111],[-122.84303103028617,38.34080375561031],[-122.84325449404862,38.34080375561031],[-122.84339201021012,38.34082524251055],[-122.84375299013408,38.34082524251055],[-122.84384753249512,38.34070061848918],[-122.84384323511507,38.34041699140607],[-122.84380455869464,38.340236501444096],[-122.84384753249512,38.34012906694292],[-122.84406669887751,38.339961469121086],[-122.84434602858057,38.33982825033962],[-122.84452651854255,38.33983254771967],[-122.84472419802472,38.33994427960089],[-122.84470700850453,38.340257988344334],[-122.84458238448316,38.34055880494763],[-122.84460816876344,38.34073070014951],[-122.84474138754491,38.34088970321125],[-122.84487460632634,38.34130225169578],[-122.844934769647,38.3413495228763],[-122.84507228580851,38.34130225169578],[-122.84520980197001,38.34121200671479],[-122.84539458931204,38.341160438154226],[-122.84563524259468,38.34123349361503],[-122.84586300373718,38.34143117309719],[-122.84596614085831,38.34153860759837],[-122.84610795439986,38.34186520848195],[-122.84622398366113,38.34195115608289],[-122.84636149982263,38.34212305128477],[-122.84645174480363,38.342196106745575],[-122.84651190812428,38.34216602508525],[-122.84653339502452,38.34205859058407],[-122.84658926096513,38.34204999582397],[-122.84667520856607,38.342148835565055],[-122.84676975092711,38.342148835565055],[-122.84678264306724,38.34203710368383],[-122.84673537188674,38.341929669182655],[-122.84677617600919,38.34184166268923],[-122.84685569852805,38.34174917922068],[-122.84693734874894,38.34148703903781],[-122.84706627015035,38.34143117309719],[-122.84728113915271,38.341353820256344],[-122.84739287103393,38.341332333356114],[-122.84738857365389,38.341229196234984],[-122.84732411295317,38.34116903291432],[-122.84710064919074,38.34102721937277],[-122.84696743040928,38.34086821631102],[-122.84696313302922,38.34050723638707],[-122.8470791622905,38.34025798834434],[-122.84719089417172,38.34008609314246],[-122.84723201304978,38.33995369424357],[-122.84728417840938,38.33985337624432],[-122.84745672536809,38.339652740245825],[-122.84760519600698,38.339652740245825],[-122.84767742496643,38.33971694376534],[-122.84772156488611,38.33979318544477],[-122.84779379384557,38.34003394864297],[-122.84796634080428,38.34038706800032],[-122.84825124392215,38.34062381847855],[-122.84850404528025,38.340824454477044],[-122.84875283391838,38.341065217675244],[-122.8488451264777,38.34111738303485],[-122.84892538087709,38.34111337031488],[-122.84894143175697,38.341065217675244],[-122.84882907559782,38.34067598383816],[-122.84878894839811,38.3403629916805],[-122.84891334271718,38.340154330242065],[-122.84900964799647,38.34010617760242],[-122.84915410591537,38.340082101282604],[-122.84927850023445,38.34009413944251],[-122.84939085639361,38.340158342962035],[-122.84957142879226,38.34029076272104],[-122.84974798847094,38.340294775441016],[-122.84982423015036,38.340306813600925],[-122.85001684070892,38.340403118880204],[-122.85012919686808,38.340395093440264],[-122.8502054385475,38.34037101712044],[-122.85038199822618,38.34037904256038],[-122.85049435438535,38.34043120791999],[-122.85061473598444,38.34053553863921],[-122.85069751194169,38.340536326088056],[-122.85085715900291,38.3404767966754],[-122.85095727665147,38.34047950255779],[-122.85100868841695,38.34049032608736],[-122.85109257077114,38.340498443734546],[-122.85117915900774,38.34047950255779],[-122.85126304136195,38.340474090793],[-122.85137939430486,38.34052550255848],[-122.85164186489703,38.340536326088056],[-122.8517392766632,38.34051197314651],[-122.85173386489842,38.340422679027526],[-122.85164194345303,38.34036794469451],[-122.8516108598728,38.34022140781629],[-122.85143323941435,38.34010151400683],[-122.85132666713928,38.34008375196099],[-122.85118457077253,38.339981620197385],[-122.8510602364516,38.339861726387916],[-122.85099806929114,38.339772916158694],[-122.85082044883268,38.33974627308992],[-122.85066059042008,38.33965302234924],[-122.85063394735131,38.33956421212001],[-122.85042968382409,38.33955533109709],[-122.8503142305261,38.339519807005395],[-122.85021209876248,38.33941767524178],[-122.85022542029687,38.33924449529479],[-122.85030090899171,38.33912460148534],[-122.85026982541147,38.33902691023319],[-122.85009220495303,38.339018029210266],[-122.8498879414258,38.3389336594925],[-122.84970143994443,38.33881376568304],[-122.84969013544224,38.33843170358176],[-122.84987586228554,38.338077526810835],[-122.84991041611686,38.33792635379885],[-122.84988881997228,38.33776222310013],[-122.84984450080113,38.33771821051998],[-122.84968149698442,38.33772335003991],[-122.84954760088809,38.33776654232904],[-122.84940506633394,38.3377535846423],[-122.8492970856111,38.33772335003991],[-122.84915887028586,38.33774494618447],[-122.84897314344256,38.337749265413386],[-122.84889539732211,38.33769311543751],[-122.84886516271972,38.33764128469055],[-122.84884645448858,38.337414618797354],[-122.84861746455744,38.33717160907451],[-122.84847726664042,38.33695663893507],[-122.84843053400141,38.33663418372591],[-122.8484071676819,38.336400520530866],[-122.84852399927942,38.33626499587774],[-122.84872962289106,38.336110778169015],[-122.84888384059978,38.3360406792105],[-122.84904273157241,38.33597525351589],[-122.84902260119057,38.335814592012625],[-122.84898334985989,38.3354515172038],[-122.84901769477423,38.33534848246076],[-122.84908638460293,38.33526016696673],[-122.84925810917467,38.335235634885045],[-122.84939548883206,38.33516694505635],[-122.84974384439187,38.33517185147269],[-122.84986159838392,38.335186570721696],[-122.85010201278436,38.335265073383056],[-122.85020014111106,38.335323950379085],[-122.85030808227044,38.335426985122126],[-122.85041602342982,38.335515300616166],[-122.85064662499758,38.33550548778349],[-122.85095082281038,38.335515300616166],[-122.85107348321876,38.335534926281504],[-122.85121086287616,38.33561342894287],[-122.85133352328454,38.33571646368591],[-122.85144637086024,38.335814592012625],[-122.85160828259932,38.3358538433433],[-122.85192229324478,38.33586856259231],[-122.85203514082049,38.335907813922994],[-122.85210873706552,38.335981410168024],[-122.8522166782249,38.33597159733535],[-122.85230499371895,38.335961784502686],[-122.85242765412733,38.336010848666035],[-122.8526729749441,38.336005942249706],[-122.85284960593216,38.335917626755666],[-122.85311945883062,38.33591272033933],[-122.85337459248005,38.33595197167001],[-122.85378673145223,38.33606481924573],[-122.85385542128093,38.33611878982541],[-122.85385051486459,38.33618257323778],[-122.8537818250359,38.3363248593115],[-122.85382598278291,38.33637392347486],[-122.85403205226899,38.336383736307525],[-122.85429209233477,38.33640826838921],[-122.85449325540452,38.336442613303554],[-122.85462572864557,38.33648677105057],[-122.8547532954703,38.33656527371193],[-122.85478764038464,38.33674190470001],[-122.85486614304601,38.336781156030696],[-122.85494955212371,38.336781156030696],[-122.85525865635285,38.336712466201995],[-122.85548435150427,38.336663402038646],[-122.85569532740668,38.33668302770398],[-122.85597008672147,38.336717372618324],[-122.85633806794662,38.3368940036064],[-122.85655395026538,38.33698722551677],[-122.8566962363391,38.33699213193311],[-122.85681889674748,38.337144230839506],[-122.85683852241283,38.33734539390925],[-122.8568777737435,38.33745824148497],[-122.8570151534009,38.3374484286523],[-122.85725556780133,38.33734539390925],[-122.85753523353245,38.33735030032559],[-122.85768733243884,38.33733067466025],[-122.85790812117394,38.337281610496895],[-122.85807493932934,38.33728651691323],[-122.85818288048873,38.337306142578576],[-122.85837913714214,38.33733067466025],[-122.85853123604853,38.33737973882361],[-122.85866861570592,38.33745333506864],[-122.85874711836729,38.337561276228016],[-122.8587618376163,38.33766921738739],[-122.85870296062026,38.33773300079975],[-122.85864899004058,38.337801690628446],[-122.85863427079157,38.337890006122485],[-122.85868824137127,38.338012666530865],[-122.85873730553462,38.33819911035161],[-122.85882562102866,38.338189297518944],[-122.85893356218803,38.33810588844124],[-122.85905781477723,38.33800396942616],[-122.85915824169787,38.337988112543954],[-122.85929566801033,38.33799868379876],[-122.85942252306799,38.33803039756317],[-122.85954409249824,38.33806739695499],[-122.85991408641641,38.338178395130434],[-122.86000394208224,38.338157252620825],[-122.86008851212068,38.338136110111215],[-122.86016779653173,38.33812025322901],[-122.86029465158938,38.33812553885641],[-122.86043736352924,38.338225965777056],[-122.86047964854846,38.33833696395251],[-122.86045322041144,38.33844796212796],[-122.860342222236,38.338611816577426],[-122.86027879470717,38.338654101596646],[-122.86027350907978,38.33872281475288],[-122.860342222236,38.338780956654304],[-122.86046907729366,38.33881795604612],[-122.86054836170469,38.33886024106534],[-122.86060650360612,38.33892895422157],[-122.86064350299793,38.33908752304364],[-122.8607650724282,38.33908752304364],[-122.86088664185844,38.33903995239702],[-122.86107163881752,38.33903466676962],[-122.86114035197376,38.33913509369026],[-122.86121963638479,38.33911395118065],[-122.86130949205064,38.339066380534035],[-122.8614892033823,38.33905052365183],[-122.86160548718516,38.338913097339365],[-122.86188033981009,38.33871224349807],[-122.86199662361294,38.338696386615865],[-122.8621446211802,38.33871224349807],[-122.86220804870904,38.338802099163914],[-122.86223447684604,38.3389923817504],[-122.86227271417754,38.33916222794145],[-122.86229261874745,38.339399375060374],[-122.86233306889022,38.33948828530721],[-122.86246922854635,38.33953367185926],[-122.8627704302099,38.33973584831836],[-122.86284469911325,38.339797739071145],[-122.86292309406679,38.339797739071145],[-122.86298498481956,38.33964507521427],[-122.86307163187347,38.33953367185926],[-122.863261430182,38.33936450380164],[-122.86340171588833,38.33919533574402],[-122.86352962344408,38.339088058439195],[-122.86358738814668,38.33899728533511],[-122.8636699091504,38.33885287357861],[-122.86379781670617,38.338766226524704],[-122.86391747216155,38.338733218123224],[-122.86404537971731,38.338741470223596],[-122.86410727047009,38.33879098282582],[-122.86420216962436,38.33889413408046],[-122.86426406037715,38.33896015088344],[-122.86429706877863,38.33905917608789],[-122.86440847213365,38.33912931894105],[-122.86450749733811,38.33924897439644],[-122.86452400153885,38.33944702480535],[-122.8645652620407,38.339475907156654],[-122.86468491749609,38.33944702480535],[-122.86477156455,38.33941814245405],[-122.8648540855537,38.33936450380164],[-122.86492835445705,38.33929023489829],[-122.86498611915965,38.33920771389458],[-122.8651181527656,38.3391169407905],[-122.8652336821708,38.33905917608789],[-122.86535746367638,38.33900966348566],[-122.86546886703138,38.33900141138529],[-122.86565041323956,38.33903029373659],[-122.8657535644942,38.33910456263994],[-122.86581958129717,38.33924072229607],[-122.8658402115481,38.339401638253314],[-122.86585258969866,38.339612066812784],[-122.86586084179903,38.339772982770036],[-122.86588559810014,38.339838999573004],[-122.86588972415034,38.340078310483776],[-122.8659309846522,38.34012369703582],[-122.86599700145516,38.340119570985635],[-122.86610840481018,38.340090688634334],[-122.86624043841613,38.3400122936808],[-122.86636834597188,38.33999991553024],[-122.86657464848116,38.33999166342987],[-122.86664479133432,38.339913268476344],[-122.86671906023767,38.339838999573004],[-122.86686759804435,38.3398101172217],[-122.86698725349974,38.33980599117152],[-122.86710690895514,38.33988026007486],[-122.86719355600903,38.33999578948006],[-122.86724719466145,38.340045302082295],[-122.86733384171534,38.34009068863434],[-122.86747412742166,38.34006180628304],[-122.86759378287704,38.339975159229134],[-122.86764329547927,38.33989263822542],[-122.86780008538634,38.33970696596706],[-122.86792799294209,38.33963269706372],[-122.86801876604618,38.339587310511675],[-122.86814667360194,38.33956255421056],[-122.86834885006104,38.33953367185926],[-122.868592287022,38.33952954580907],[-122.86879858953128,38.33953367185926],[-122.86898426178965,38.33957080631093],[-122.86910016930912,38.33961736249621],[-122.8692284839379,38.33969365768089],[-122.86938801023312,38.339818504346724],[-122.86964810745361,38.34008206953015],[-122.8697174667124,38.34017570452952],[-122.86981110171179,38.34033869878769],[-122.86992207652585,38.34056411637878],[-122.87000530763642,38.34073404656283],[-122.87001571152523,38.34092478452452],[-122.86997756393289,38.34099414378331],[-122.87000877559935,38.34109124674563],[-122.87000530763642,38.341171009893245],[-122.8699044646285,38.34140679957229],[-122.86987125875247,38.34148704710606],[-122.86984912150177,38.34157282895249],[-122.86994320481722,38.34158389757784],[-122.8700013151003,38.34159219904685],[-122.87010093272842,38.34163647354824],[-122.87016181016783,38.34160603482854],[-122.87020885182555,38.3415202529821],[-122.87026419495228,38.34139019663427],[-122.87030846945368,38.34134038782021],[-122.87036104542408,38.341326552038524],[-122.87047726599022,38.34128781184981],[-122.87052430764794,38.341254605973766],[-122.870582417931,38.34111901531327],[-122.87064052821408,38.341013863372474],[-122.87074844731121,38.34091147858801],[-122.87090340806607,38.340817395272566],[-122.87102239578856,38.34075375067682],[-122.87121609673213,38.34069564039375],[-122.87174565919291,38.340695841342956],[-122.87207710027384,38.34072597235031],[-122.87236635794447,38.340810339170915],[-122.87253509158568,38.340912784595936],[-122.87264462084148,38.340990662735855],[-122.87275239700269,38.34114633941315],[-122.8728442063252,38.34139382541295],[-122.8729040819703,38.341417775671],[-122.8731835016475,38.34140979225165],[-122.87331123635708,38.34143374250969],[-122.87345892961503,38.341461684477416],[-122.87353477209884,38.34150958499351],[-122.87369044877613,38.34155349379992],[-122.87380620835668,38.34163731970308],[-122.87386209229213,38.34170118705787],[-122.87393793477594,38.34184488860615],[-122.87398583529203,38.34201254041246],[-122.87399381871138,38.342200150767155],[-122.87398184358236,38.342283976670316],[-122.87381419177603,38.342427678218584],[-122.8736345648407,38.34254343779914],[-122.8735866643246,38.34259932173458],[-122.87356670577623,38.342683147637736],[-122.87353876380851,38.342747014992526],[-122.87337111200219,38.34288273312145],[-122.87325934413131,38.34297853415364],[-122.87314358455076,38.34301845125037],[-122.87305177522825,38.3430304263794],[-122.87293202393802,38.34304240150842],[-122.87288412342194,38.34309429373419],[-122.8728751054473,38.34315412934984],[-122.87295782994778,38.34323198770322],[-122.87300162527156,38.34329038146825],[-122.87307948362493,38.34334877523329],[-122.87311841280162,38.34344123202793],[-122.87311354665454,38.34350449194005],[-122.87300649141864,38.34363587791138],[-122.87307948362493,38.34369427167641],[-122.87314760968414,38.343723468558935],[-122.87329359409672,38.34375753158854],[-122.87338605089137,38.34381105920649],[-122.87342498006805,38.343859720677344],[-122.87341524777388,38.34414682335544],[-122.8734833738331,38.344210083267555],[-122.87348823998018,38.344302540062195],[-122.87346877539183,38.344356067680145],[-122.87339091703845,38.34441446144518],[-122.87338605089137,38.34452151668108],[-122.8733033263909,38.34457017815194],[-122.87331792483216,38.344672367240754],[-122.87345417695057,38.344784288623735],[-122.87353203530395,38.34488161156546],[-122.8735466337452,38.344930273036326],[-122.87353690145105,38.34514438350812],[-122.87358069677482,38.34524170644985],[-122.87363909053985,38.34538769086243],[-122.87367315356946,38.345528809127934],[-122.87383373642331,38.34553854142211],[-122.87391159477669,38.345397423156605],[-122.87407217763052,38.34528063562654],[-122.87421329589603,38.34517844653772],[-122.87423276048438,38.345139517361034],[-122.87426682351398,38.34504219441931],[-122.8743641464557,38.344983800654276],[-122.87444687095618,38.344915674595065],[-122.87451013086829,38.34480861935917],[-122.87461231995711,38.34475509174122],[-122.87478750125221,38.34465776879949],[-122.87497728098857,38.34460910732863],[-122.87522545448998,38.34457504429903],[-122.87539576963799,38.34454584741651],[-122.87547362799137,38.34453124897525],[-122.87547849413846,38.34439986300392],[-122.87548822643264,38.34401543738411],[-122.87554175405059,38.34389378370695],[-122.87561961240397,38.3438061930594],[-122.87572180149277,38.343762397735624],[-122.8758531874641,38.34366020864681],[-122.87591644737623,38.34358235029343],[-122.8759943057296,38.343499625792965],[-122.87607703023006,38.34343636588084],[-122.87613415603734,38.34329873675393],[-122.8763955852213,38.34324135868399],[-122.87668299861558,38.34322698801427],[-122.876912929331,38.34327010002342],[-122.87713567471157,38.34333476803713],[-122.87729375207842,38.343435362725124],[-122.87737279076184,38.34352158674341],[-122.87757398013784,38.343629366766265],[-122.87770331616527,38.34365810810569],[-122.87781828152298,38.34370122011483],[-122.87801947089896,38.34378025879826],[-122.87835718163724,38.34378025879826],[-122.87853681500866,38.34378744413311],[-122.87866615103609,38.34384492681197],[-122.87872363371494,38.34394552149997],[-122.87873585906411,38.34414302838872],[-122.87873079303245,38.344244550627444],[-122.8786805217058,38.34439819759596],[-122.87866615103609,38.344556274962805],[-122.87906134445322,38.344563460297664],[-122.87924097782464,38.34459220163709],[-122.87944935253549,38.34462812831138],[-122.87965772724634,38.344678425655374],[-122.87978706327377,38.34476464967366],[-122.87993795530576,38.34495146837994],[-122.87995951131033,38.34506643373765],[-122.87997388198005,38.34536821780164],[-122.87987328729206,38.345490368494204],[-122.87988047262691,38.34564844586106],[-122.88000980865434,38.34561970452163],[-122.8801822566909,38.345583777847345],[-122.88029003671376,38.34560533385192],[-122.88036907539718,38.34567000186563],[-122.88041937274117,38.345777781888486],[-122.88044092874574,38.345921488585624],[-122.88041218740632,38.346029268608476],[-122.8803331487229,38.346129863296476],[-122.88032596338803,38.3462089019799],[-122.88041218740632,38.34638853535132],[-122.88041937274117,38.34653942738332],[-122.88044811408061,38.34666876341074],[-122.88037626073205,38.34682684077759],[-122.88039781673662,38.3469418061353],[-122.88046248475032,38.34700647414901],[-122.88057026477318,38.34715018084615],[-122.88064930345661,38.347322628882715],[-122.88064930345661,38.347401667566146],[-122.8805846354429,38.347559744932994],[-122.88069960080061,38.347732192969566],[-122.88087923417203,38.34778249031356],[-122.88095827285545,38.34783278765756],[-122.88107323821316,38.34786152899699],[-122.88113790622688,38.347760934308994],[-122.88128161292401,38.347638783616425],[-122.88148998763486,38.347610042277],[-122.88159058232286,38.34758130093757],[-122.881784586364,38.34735137022215],[-122.88205762908856,38.34711425417187],[-122.88227318913427,38.34706395682787],[-122.88247437851027,38.34709988350215],[-122.8826037145377,38.347171736850726],[-122.88279053324398,38.347186107520436],[-122.8828839425971,38.34710706883701],[-122.88296298128054,38.34691306479587],[-122.88310668797767,38.34675498742902],[-122.8834372133811,38.34654661271817],[-122.88363121742223,38.34643164736046],[-122.88387551880739,38.34623764331932],[-122.88403359617423,38.346050824613044],[-122.88416293220166,38.34600052726904],[-122.88431382423366,38.34607956595247],[-122.88454074948872,38.34627013587125],[-122.8847736856645,38.346489130039316],[-122.88507546972849,38.34669750475017],[-122.88536288312277,38.346970547474726],[-122.88547784848048,38.34715018084615],[-122.88559281383819,38.34735137022215],[-122.88563592584734,38.347509447589],[-122.88568622319133,38.34771063696499],[-122.88574370587018,38.34778249031356],[-122.8858586712279,38.347775304978704],[-122.88606704593874,38.34768189562556],[-122.88630416198903,38.347653154286135],[-122.8864766100256,38.34768189562556],[-122.88662750205759,38.347760934308994],[-122.88686461810786,38.347990865024414],[-122.88699395413529,38.348005235694124],[-122.887209514181,38.347983679689555],[-122.88743225956156,38.347990865024414],[-122.88760470759813,38.3480770890427],[-122.88773404362556,38.348105830382124],[-122.88785619431812,38.34817049839584],[-122.88790649166212,38.34827109308383],[-122.88802864235468,38.3482926490884],[-122.88815797838211,38.34819205440041],[-122.88838790909753,38.34814175705641],[-122.8886609518221,38.34816331306098],[-122.88881902918895,38.34820642507012],[-122.88886493649083,38.34817711460607],[-122.88886493649083,38.34812345161152],[-122.88879175968009,38.34803076098457],[-122.88866004142074,38.34795270571978],[-122.8885380800695,38.34784537973068],[-122.88833806345345,38.34759657857414],[-122.8883331849994,38.34741607577429],[-122.88822098055626,38.3473282636014],[-122.88803559930236,38.3471233685313],[-122.88795754403756,38.34700628563411],[-122.88797217939971,38.346757484477564],[-122.88795754403756,38.34668918612086],[-122.88781606887012,38.34651356177507],[-122.88768435061077,38.34628915288878],[-122.88765507988647,38.34615743462943],[-122.88751848317308,38.34592814728909],[-122.88735261573538,38.3456061693218],[-122.88735261573538,38.345411031159806],[-122.88741236177873,38.34525094224376],[-122.88746168010726,38.34503303207838],[-122.88756598596304,38.344732385788205],[-122.88772551256599,38.34448082460662],[-122.88789731044609,38.34432743364224],[-122.88798934502472,38.344174042677864],[-122.88809365088049,38.343996109159185],[-122.88808137960335,38.343713869784736],[-122.88802615885616,38.34357888573608],[-122.88786049661464,38.3434009522174],[-122.88781141150604,38.34326596816875],[-122.88782368278319,38.34310030592722],[-122.88792798863896,38.342983728794295],[-122.88807524396478,38.342891694215666],[-122.8883145338692,38.34283647346849],[-122.88844338227928,38.34282420219134],[-122.88869494346086,38.342885558577095],[-122.88889741953383,38.342971457517145],[-122.88904467485963,38.343094170288644],[-122.8890676869935,38.34318401128338],[-122.88909989560682,38.34333346019307],[-122.88905081049822,38.34351139371175],[-122.88895264028102,38.34360956392896],[-122.88894650464243,38.34372000542331],[-122.88901399666676,38.34384271819481],[-122.88906308177536,38.343965430966314],[-122.88909989560682,38.34430902672652],[-122.88914284507685,38.34456672354668],[-122.88914898071542,38.344781470896805],[-122.88930237167979,38.34498394696978],[-122.88943122008988,38.34505757463268],[-122.88963983180143,38.34521096559706],[-122.88973186638005,38.34532140709141],[-122.8897686802115,38.34540730603146],[-122.88977481585007,38.34553001880297],[-122.88981162968153,38.34557296827299],[-122.88997729192306,38.34554229008012],[-122.89017363235746,38.34548093369437],[-122.89029634512896,38.34546252677864],[-122.89053563503339,38.34549320497152],[-122.89070129727492,38.34558523955015],[-122.89088536643217,38.34572635923737],[-122.89111852069803,38.3460147342504],[-122.89138848879533,38.34643809331209],[-122.89157255795259,38.346935080036666],[-122.89167686380837,38.347039385892444],[-122.89179957657987,38.34703325025387],[-122.89205113776144,38.34702097897672],[-122.89233951277448,38.34703325025387],[-122.89246836118456,38.347051657169594],[-122.89257880267891,38.34716209866395],[-122.89264629470324,38.34723572632685],[-122.89276900747474,38.34743206676125],[-122.89284877077621,38.34748115186986],[-122.89298375482487,38.34754250825561],[-122.89306965376491,38.34761000027993],[-122.89315555270497,38.347634542834236],[-122.89324145164503,38.347622271557086],[-122.8933457575008,38.34756705080991],[-122.89348687718802,38.34752410133988],[-122.8935666404895,38.34747501623128],[-122.89358504740522,38.34733389654405],[-122.89370776017672,38.34719277685682],[-122.89388569369541,38.347063928446744],[-122.89406976285267,38.347039385892444],[-122.8941863399856,38.347051657169594],[-122.89431518839567,38.34713755610965],[-122.89442562989002,38.34722959068827],[-122.89454220702295,38.34721731941112],[-122.89463424160158,38.34713755610965],[-122.89481831075882,38.346904401843794],[-122.89490420969888,38.34662216246934],[-122.89495329480748,38.34635833001061],[-122.89504532938611,38.3459656491418],[-122.89509441449471,38.345793851261696],[-122.89523553418194,38.34562818902017],[-122.89532756876056,38.34550547624867],[-122.89545641717064,38.34535822092286],[-122.89565275760505,38.34520482995848],[-122.89588591187089,38.34511893101843],[-122.89614611982716,38.34503513614971],[-122.89643937556431,38.34504030239684],[-122.89680587078628,38.34508517936279],[-122.89697789915579,38.34506274087982],[-122.89707513258202,38.34495054846493],[-122.89735935336641,38.344703725152165],[-122.8975313817359,38.344584053242954],[-122.89793527442951,38.344359668413176],[-122.8980773848217,38.344195119538],[-122.89813155558939,38.34386726074911],[-122.89824193369688,38.343686513923835],[-122.89820453622525,38.34347708808271],[-122.89814470027063,38.34325270325293],[-122.8980474668444,38.34308815437775],[-122.8980154686152,38.34303070954788],[-122.8979318855443,38.34295641348485],[-122.89785758948126,38.34284961289424],[-122.89772757137095,38.342770673327266],[-122.89756504873307,38.34275674281545],[-122.89751397018973,38.342687090256355],[-122.897569692237,38.342617437697264],[-122.89762541428428,38.342524567618476],[-122.89764398830003,38.342427054035745],[-122.89764398830003,38.34236668848453],[-122.89750003967791,38.34219487883877],[-122.89744431763064,38.3420462867127],[-122.89750003967791,38.341897694586635],[-122.89756504873307,38.341758389468446],[-122.89763005778822,38.341674806397535],[-122.89768113633156,38.34155407529511],[-122.89773221487489,38.34148906623996],[-122.89778793692217,38.34143334419268],[-122.89798296408763,38.341414770176925],[-122.89823445420255,38.34144266562603],[-122.89855411507219,38.341498353247836],[-122.89872592471795,38.34155871879905],[-122.89878629026917,38.341512283759656],[-122.89942589557631,38.342139776901675],[-122.8999679908548,38.34254369103075],[-122.90024435315364,38.342639354903426],[-122.9005100861333,38.342639354903426],[-122.90076518979376,38.34252243239238],[-122.90115847460365,38.342288587370284],[-122.90143483690248,38.34218229417842],[-122.90205133741529,38.34195907847551],[-122.90252965677865,38.3416614575383],[-122.9030292347804,38.34136383660109],[-122.90352881278216,38.34105558634469],[-122.90407090806065,38.34080048268422],[-122.90465552061589,38.34053474970457],[-122.90485747768042,38.340332792640034],[-122.90518698657519,38.339418671190025],[-122.90539957295891,38.33866398952781],[-122.90576096981124,38.33822818744118],[-122.90638212626153,38.3374678894581],[-122.90805548696606,38.33797907868914],[-122.91616750318232,38.343936957705104],[-122.93097266645346,38.34657862743815],[-122.94957546186895,38.34715005072819],[-122.94967908860647,38.34713250413715],[-122.95016569451661,38.34684995876997],[-122.95036975505957,38.346716534568806],[-122.95065230042675,38.34663804974459],[-122.95085636096971,38.34662235277975],[-122.95135866384469,38.34664589822702],[-122.95158626983492,38.34661450429733],[-122.95182172430756,38.34655171643796],[-122.95195514850873,38.34648892857858],[-122.95210426967473,38.346410443754365],[-122.95236326959464,38.34630841348289],[-122.95275569371573,38.346284868035625],[-122.95298329970595,38.34626132258836],[-122.95388587518443,38.346253474105936],[-122.95441172350667,38.34630841348289],[-122.95479629914533,38.34636335285984],[-122.95509454147735,38.346379049824684],[-122.95536138987968,38.34635550437742],[-122.95562823828202,38.3462770195532],[-122.95595787454371,38.34618283776414],[-122.9563895410769,38.346010171150866],[-122.95660145010228,38.34596308025634],[-122.95700957118821,38.34586889846728],[-122.95722932869602,38.34578256516065],[-122.95740984379171,38.345735474266114],[-122.95767669219404,38.34564914095948],[-122.95781796487762,38.3455863531001],[-122.95804578246968,38.345440220341224],[-122.9582651563593,38.34532163986035],[-122.95834223367187,38.34519713035543],[-122.95831851757569,38.34510226597073],[-122.95829983867846,38.344971590849056],[-122.95833630464783,38.34468723428766],[-122.95835409171995,38.344521221614436],[-122.95834816269591,38.34436113796525],[-122.95832444659973,38.34428406065268],[-122.95811693075821,38.34395796433027],[-122.95809321466203,38.343774164584914],[-122.9580635695418,38.34353107459912],[-122.95809321466203,38.34341842314229],[-122.95810507271011,38.34331762973354],[-122.95814064685437,38.34322869437288],[-122.95822958221504,38.343151617060315],[-122.95834223367187,38.343068610723705],[-122.95843709805656,38.34307453974775],[-122.95866240097023,38.3431219719401],[-122.95880469754728,38.343151617060315],[-122.95891734900411,38.343181262180536],[-122.95904778753308,38.34322276534884],[-122.9592256582544,38.343287984613326],[-122.9594153870238,38.34329391363737],[-122.95959325774511,38.343264268517146],[-122.95974741237025,38.3432168363248],[-122.95986599285112,38.34312790096414],[-122.9600379345484,38.34296781731496],[-122.96014465698119,38.342843307810035],[-122.96018873823067,38.34270716753373],[-122.9603659016572,38.34256796769861],[-122.96053041055325,38.342466731454884],[-122.96068859218407,38.34237814974163],[-122.96082779201919,38.342314877089294],[-122.96104924630234,38.3422769134979],[-122.96127702785073,38.34226425896743],[-122.961637681969,38.34230222255883],[-122.96202364514821,38.342346513415464],[-122.96235899020554,38.34240978606779],[-122.96247920824497,38.342441422393954],[-122.96277026244569,38.34255531316815],[-122.9630423348507,38.34262491308571],[-122.96324480733816,38.34265022214664],[-122.9633903344385,38.34265022214664],[-122.9635801523955,38.34267553120757],[-122.96380879384027,38.34271286928109],[-122.96437508427123,38.34271961331038],[-122.9648282224901,38.34279804107903],[-122.96536850267415,38.342946182419816],[-122.96580421249999,38.343146608939705],[-122.96651877661438,38.34344289162128],[-122.96674534572381,38.34346903421083],[-122.96703291420887,38.34352131938993],[-122.96752962341033,38.34365203233768],[-122.9679304764501,38.34377403108892],[-122.96853175600977,38.34395702921577],[-122.96875832511921,38.34409645636004],[-122.96894132324606,38.34422716930779],[-122.96905460780077,38.34436659645206],[-122.9691678923555,38.34455830877543],[-122.96920274914156,38.344732592705775],[-122.96920274914156,38.34491559083263],[-122.96915917815898,38.345072446369926],[-122.96918532074854,38.34522058771071],[-122.96929860530325,38.3453687290515],[-122.9695861737883,38.34565629753656],[-122.97007416879325,38.3461442925415],[-122.97028330950965,38.34644057522308],[-122.97038787986786,38.34662357334993],[-122.9706144489773,38.346998283800154],[-122.97089330326584,38.34729456648173],[-122.9711285865718,38.347433993626],[-122.97135515568122,38.3474862788051],[-122.9715468680046,38.34750370719813],[-122.97163400996976,38.34755599237723],[-122.971756008721,38.34770413371802],[-122.9721092429679,38.34791383195871],[-122.97248462366885,38.34801353703685],[-122.97288847955326,38.348019990810265],[-122.97320934760086,38.348013015417926],[-122.97338373240933,38.34795721227921],[-122.97358601878716,38.347901409140505],[-122.97373250202627,38.34784560600179],[-122.97404639468152,38.34778980286308],[-122.97421380409766,38.347706098155015],[-122.9743812135138,38.347559614915895],[-122.97453467214525,38.34735035314573],[-122.9748136878388,38.34693182960539],[-122.97493226950857,38.34674349401224],[-122.97499504803962,38.34665281391183],[-122.97510665431705,38.346590035380785],[-122.97539264540293,38.34641565057231],[-122.9756716610965,38.346317995079566],[-122.97597857835942,38.34626916733319],[-122.9762645694453,38.34627614272553],[-122.97646685582313,38.34631101968723],[-122.97657148670822,38.3463598474336],[-122.97669006837798,38.34642262596465],[-122.97685747779411,38.34653423224207],[-122.97704581338726,38.34670164165821],[-122.97734575525784,38.346945780390065],[-122.97752711545866,38.347050411275156],[-122.97768754948245,38.34718294372959],[-122.97789681125262,38.34735035314573],[-122.97828045783126,38.3475247379542],[-122.97859435048652,38.347629368839286],[-122.97901391993274,38.34771038614197],[-122.97917478511106,38.34774158882678],[-122.97964094063023,38.34794593097217],[-122.97987082554381,38.34805448773692],[-122.9802966566954,38.34831677816505],[-122.98065041826631,38.34849136179744],[-122.9808571620415,38.34856946500141],[-122.98105931151059,38.348624596674796],[-122.98124767806134,38.34865216251149],[-122.98136713002033,38.3486843226543],[-122.98161981685669,38.34879918030719],[-122.98174845742793,38.348822151837766],[-122.98188169230528,38.34882674614388],[-122.98200573857041,38.348822151837766],[-122.98210221899883,38.34879458600107],[-122.9821803222028,38.34875783155215],[-122.98231815138627,38.34872567140934],[-122.98245138626362,38.348665945429836],[-122.98258921544708,38.34860621945033],[-122.98285109089566,38.34844541873629],[-122.98302108022195,38.34833515538951],[-122.98325694823474,38.34821928315224],[-122.98351880188119,38.34803527788717],[-122.98400712354619,38.3477805013663],[-122.98440344257865,38.34768849873377],[-122.98460867922046,38.34763895885471],[-122.9848705328669,38.34763188172913],[-122.98503330675524,38.347674344482606],[-122.9852526976482,38.34779465561746],[-122.98535177740632,38.34809189489181],[-122.98547208854117,38.34834667141268],[-122.98566317093183,38.348594370807966],[-122.98575517356436,38.34872883619398],[-122.98580471344341,38.34883499307767],[-122.9858825618248,38.34905438397064],[-122.98592502457828,38.34921715785897],[-122.98604533571313,38.34937285462173],[-122.98613733834566,38.349486088631],[-122.98622226385262,38.34964886251933],[-122.98634257498748,38.34978332790534],[-122.98655488875487,38.34995317891926],[-122.98676012539667,38.35011595280759],[-122.98679551102457,38.350193801188965],[-122.98683797377805,38.35031411232382],[-122.98683797377805,38.350455654835415],[-122.986788433899,38.35068212285396],[-122.98671058551761,38.350759971235334],[-122.98641334624327,38.35098643925389],[-122.9861585697224,38.35113505889106],[-122.98585425332247,38.35132614128171],[-122.98560655392718,38.35147476091888],[-122.98541547153654,38.35165876618395],[-122.98531639177843,38.35182861719787],[-122.9852597747738,38.351984313960614],[-122.9852243891459,38.3521612421001],[-122.98538716303423,38.352437249997706],[-122.98558532255046,38.3525787925093],[-122.98575517356437,38.35260002388604],[-122.98596748733176,38.3525787925093],[-122.98607364421545,38.35253632975582],[-122.9861939553503,38.352508021253506],[-122.98644873187118,38.35243017287213],[-122.9865478116293,38.35234524736517],[-122.98677427964783,38.35209754796988],[-122.98702197904312,38.35194185120713],[-122.98735460394538,38.3517436916909],[-122.9875173778337,38.351644611932784],[-122.98768015172203,38.35161630343047],[-122.98782169423363,38.351644611932784],[-122.98793492824291,38.35170122893742],[-122.98799154524754,38.35180738582112],[-122.98809770213123,38.35202677671409],[-122.98813308775914,38.35222493623032],[-122.9882109361405,38.35255048400698],[-122.98821801326609,38.352677872267414],[-122.9884232499079,38.35318034818357],[-122.9887700290613,38.35362620709509],[-122.98900357420543,38.35387390649038],[-122.9892229650984,38.35402960325313],[-122.98945651024253,38.35412868301125],[-122.98977498089361,38.35434099677864],[-122.98997314040984,38.3545957732995],[-122.99018755013812,38.354888664053135],[-122.9903097666354,38.355041434674746],[-122.99050836844351,38.35518402058825],[-122.99062040023269,38.35526040589906],[-122.9908953873516,38.35534697591797],[-122.99113472799212,38.35543354593688],[-122.9913791609867,38.355484469477425],[-122.99165924045965,38.355479377123366],[-122.99241800121366,38.355499746539586],[-122.9926013259596,38.35552520830985],[-122.99286103601635,38.35556085478823],[-122.99303926840822,38.355601593620655],[-122.99317676196767,38.355662701869306],[-122.99337536377577,38.355764548950376],[-122.99351285733522,38.35584602661524],[-122.99368599737305,38.355896950155774],[-122.9938896915352,38.35595296605037],[-122.99404755451087,38.35596824311253],[-122.99429198750545,38.35598861252874],[-122.99443966577302,38.35598861252874],[-122.99458225168651,38.355937688988206],[-122.9947604840784,38.355810380136866],[-122.99498964001081,38.35561687068282],[-122.99508130238377,38.355459007707154],[-122.99510676415403,38.35528586766933],[-122.99510676415403,38.35492940288557],[-122.99510676415403,38.35482755580449],[-122.99508639473781,38.35464932341261],[-122.99508639473781,38.35438452100181],[-122.99507111767565,38.354140088007235],[-122.99508639473781,38.35403824092616],[-122.99510167179997,38.35379890028563],[-122.99514750298646,38.35367668378834],[-122.99521370358916,38.35357483670727],[-122.99529008889996,38.35349845139646],[-122.99538175127293,38.35345262020998],[-122.99556507601886,38.353371142545114],[-122.9958247860756,38.35331512665052],[-122.99605394200803,38.35325401840188],[-122.99629328264855,38.353218371923504],[-122.99664465507826,38.35315726367486],[-122.99694510396743,38.35313180190459],[-122.99714879812959,38.35313689425864],[-122.99735758464578,38.353223464277555],[-122.99749507820523,38.353350773128895],[-122.99770386472144,38.35353919022889],[-122.99776497297009,38.353661406726175],[-122.99785663534306,38.35373269968293],[-122.99813162246195,38.353921116782914],[-122.99847281018356,38.35421138096398],[-122.998610303743,38.3543743362937],[-122.99864595022139,38.35449655279099],[-122.99861539609707,38.354547476331526],[-122.99855938020248,38.35458821516396],[-122.99849317959978,38.354679877536924],[-122.99827930072952,38.35489884876124],[-122.99814689952412,38.35510763527744],[-122.99797375948629,38.355290960023375],[-122.99789228182144,38.355469192415256],[-122.99785663534306,38.355616870682816],[-122.99786172769711,38.356049720777385],[-122.99792283594576,38.356187214336835],[-122.99797885184034,38.356360354374665],[-122.99839020328383,38.35703453355867],[-122.99850091093617,38.357127527986634],[-122.99878432252616,38.35731794514866],[-122.99908987564663,38.35748622078022],[-122.99929357772695,38.35755707367772],[-122.99958584592912,38.35762349826912],[-122.99978069139725,38.35764563979959],[-123.00007295959942,38.357663353023966],[-123.00044936561738,38.35766778133006],[-123.00060435633067,38.357650068105684],[-123.00085411860437,38.35762132322354],[-123.00099100094472,38.35759371334036],[-123.00118687000828,38.3575534662725],[-123.001342492004,38.35747297213679],[-123.00148469831042,38.357354914071074],[-123.00164300344399,38.35717782697251],[-123.00175032895828,38.35699805673608],[-123.0018126668394,38.35686115365194],[-123.0019724836656,38.3564923455915],[-123.00206468568071,38.35619729914314],[-123.00226138331294,38.35598830790889],[-123.00265477857742,38.3557485826696],[-123.00309734824995,38.35554573823635],[-123.00333092668824,38.35549041702729],[-123.0035583583255,38.355459683022254],[-123.00374276235573,38.355459683022254],[-123.0038841387789,38.3554965638283],[-123.00409927681416,38.3555826190424],[-123.0043021212474,38.35565023385348],[-123.0045418464867,38.3557485826696],[-123.00487271694443,38.35588329513153],[-123.00556788149323,38.356149324795226],[-123.006123247744,38.35634900704269],[-123.0062542892189,38.35641140774502],[-123.00660373315196,38.35661108999249],[-123.00680341539943,38.35671717118645],[-123.00713413912179,38.35685445273159],[-123.00743990256322,38.35692309350416],[-123.00775190607489,38.356979254136256],[-123.00793910818189,38.35702917469812],[-123.00812631028889,38.35714149596232],[-123.00825735176379,38.35721637680512],[-123.00837591309822,38.35734741828002],[-123.00847575422195,38.35748469982515],[-123.00851943471358,38.35764070158098],[-123.00851319464336,38.357840383828446],[-123.00844455387079,38.35807750649732],[-123.00843347156687,38.358399968192536],[-123.00848823436242,38.358576712115976],[-123.00857559534569,38.35870775359088],[-123.00866919639918,38.35884503513601],[-123.00884391836571,38.35888247555741],[-123.00901864033224,38.35887623548717],[-123.00914540738658,38.358852890922414],[-123.00943334371333,38.358724919221636],[-123.00968395496068,38.358634272600256],[-123.00996655913323,38.35860227967506],[-123.01011585945079,38.35857028674987],[-123.01040379577755,38.358564954595664],[-123.01058508902031,38.35853829382467],[-123.0111183044402,38.35854895813307],[-123.01129426552878,38.358527629516274],[-123.01141157292115,38.35849563659108],[-123.01169417709369,38.35845297935749],[-123.01193412403265,38.3584156542781],[-123.0122060638968,38.3583943256613],[-123.01258464684491,38.3583889935071],[-123.01290540750179,38.358402788910645],[-123.0130320364371,38.35841652262005],[-123.01313599361167,38.35843857414193],[-123.01331870622154,38.358529930446856],[-123.01347621709212,38.35863073740403],[-123.01358962491892,38.35874099501343],[-123.0139109470949,38.35901191371081],[-123.01409996013959,38.35915682371174],[-123.01420346692264,38.359240184864355],[-123.01429993242951,38.35927793223661],[-123.01456835818777,38.3593869802009],[-123.01471095937184,38.359466669097884],[-123.01482420148861,38.35957571706218],[-123.0148871137757,38.359684765026465],[-123.014916472843,38.359756065618505],[-123.01492905530043,38.359877696040215],[-123.0148871137757,38.360242587305336],[-123.01491227869053,38.36039357679436],[-123.01495002606279,38.360494236453704],[-123.01503810326471,38.36060328441799],[-123.01511779216169,38.360662002552615],[-123.01527716995565,38.360745885602064],[-123.015377829615,38.36076685636443],[-123.01549526588424,38.36078782712679],[-123.01561689630596,38.36079621543174],[-123.01575530333756,38.360833962803994],[-123.01591048697904,38.36087171017625],[-123.01609083553537,38.360896875091086],[-123.01631312561642,38.3609094575485],[-123.01661091044198,38.36090526339603],[-123.01682900637057,38.36089268093861],[-123.01706807306151,38.36085493356636],[-123.01724422746537,38.36080460373668],[-123.01756717720578,38.3607416914496],[-123.01772655499974,38.36067458501003],[-123.01795723338573,38.360573925350685],[-123.01813503335272,38.36046243270398],[-123.01845212210947,38.36024763064296],[-123.0185492944704,38.36014022961245],[-123.01867203850527,38.359981685234075],[-123.01882546854885,38.35965948214255],[-123.01900447026638,38.359296364372724],[-123.01922950099697,38.358994618620336],[-123.019394537071,38.358858557153816],[-123.01961307610594,38.35882584557239],[-123.0198534498409,38.35882073123761],[-123.02038534065865,38.358836074241964],[-123.0206257143936,38.35887698892025],[-123.02084518831492,38.35888699635258],[-123.02110716433323,38.35884500815432],[-123.0212614682369,38.35881581552389],[-123.02144496477098,38.358736578384175],[-123.02181612821494,38.35850720771656],[-123.02224411182415,38.35813701379239],[-123.02250833909133,38.35790214511046],[-123.02266981131015,38.35780917625719],[-123.02276278016342,38.357784710769494],[-123.02285574901668,38.357779817671954],[-123.02298786265027,38.35781896245227],[-123.02309061769861,38.357907038208],[-123.02322762442974,38.35797554157356],[-123.02342824142889,38.35804893803666],[-123.02357503435509,38.358078296621905],[-123.0239175511829,38.358083189719444],[-123.02404477171895,38.35809786901206],[-123.02418177845007,38.358146799987466],[-123.02431389208367,38.35821041025549],[-123.02445579191233,38.358298486011215],[-123.02451940218035,38.35841102725464],[-123.02464172961885,38.35851378230298],[-123.02471023298442,38.35857739257101],[-123.02482766732538,38.35869972000951],[-123.02497935334912,38.3588073681554],[-123.02520932893351,38.35886119222834],[-123.02554695266379,38.35892480249636],[-123.02585032471129,38.35894437488652],[-123.02603136932028,38.35901287825208],[-123.0262173070268,38.35907159542256],[-123.02634452756284,38.359135205690585],[-123.02642281712349,38.35920860215369],[-123.02657450314723,38.35932114339712],[-123.02670661678081,38.35939943295776],[-123.02682405112179,38.35947282942086],[-123.02700509573077,38.359590263761824],[-123.02717635414469,38.359712591200335],[-123.02732804016843,38.35976641527328],[-123.02753844336266,38.359800666956055],[-123.02775863275197,38.35983981173638],[-123.02786628089785,38.35986427722408],[-123.02798341526152,38.35992972474021],[-123.02799944062328,38.360025876910704],[-123.0280234786659,38.360122029081204],[-123.02803402917723,38.36025687792807],[-123.02815681083005,38.360524765170574],[-123.02830749740396,38.36067545174448],[-123.02847492693051,38.360803814381505],[-123.02863677547286,38.36088194816057],[-123.02888233877849,38.36090427209744],[-123.0290944161788,38.36094891997119],[-123.02935114145286,38.360982405876506],[-123.02958554279004,38.36104937768713],[-123.02972506739552,38.36110518752932],[-123.02989249692207,38.361116349497756],[-123.0300208595591,38.36106053965557],[-123.03012131727505,38.36099356784494],[-123.0302608418805,38.36100472981338],[-123.03055105305988,38.36104379670291],[-123.0307352255391,38.361099606545096],[-123.03102543671848,38.36113309245041],[-123.03115938033972,38.36107728260822],[-123.03126541903988,38.360999148829166],[-123.03137703872426,38.36093217701854],[-123.0317055374477,38.36090654150725],[-123.03229913131901,38.36087557139222],[-123.03288240181865,38.36083427790552],[-123.0330682225088,38.360782661047146],[-123.03332114511484,38.36075685261795],[-123.0339353857295,38.36072588250293],[-123.03422960182223,38.36070523575958],[-123.03445671599908,38.360607163728666],[-123.03469931523345,38.360488444954406],[-123.03494191446781,38.360364564494304],[-123.0351999987597,38.36031810932177],[-123.0354477596799,38.36030262426426],[-123.03569552060009,38.36030262426426],[-123.03588134129024,38.36024068403421],[-123.03601038343618,38.36013745031746],[-123.0361239405246,38.35998259974233],[-123.03614974895379,38.35991549782644],[-123.03613942558212,38.359848395910554],[-123.03607232366623,38.3597451621938],[-123.0360671619804,38.359667736906246],[-123.0360413535512,38.359595473304516],[-123.03595360489197,38.359543856446145],[-123.03592779646277,38.35950772464528],[-123.0359174730911,38.35945094610107],[-123.03599489837866,38.35928061046843],[-123.03615491063962,38.359151568322496],[-123.03627879109973,38.35908962809244],[-123.03637686313064,38.35910511314996],[-123.03645945010405,38.35917221506584],[-123.03660637164116,38.35928353833244],[-123.03684368619568,38.35929935930274],[-123.0369702539581,38.359241349078296],[-123.03706517977992,38.359135875942954],[-123.03709682172052,38.35900930818053],[-123.03713373731789,38.358856372134284],[-123.03723393679647,38.358745625342166],[-123.03733413627505,38.35861905757975],[-123.03734216643844,38.35853265779309],[-123.03733413627505,38.358466121533496],[-123.03728139970738,38.358329006457545],[-123.03724448411,38.35811278653008],[-123.03727612605061,38.357949303170294],[-123.03734995724535,38.35788601928908],[-123.03748179866454,38.35783328272141],[-123.03761891374049,38.35779636712404],[-123.03779821807058,38.357780546153734],[-123.037924785833,38.35779109346727],[-123.03820956329844,38.35781218809434],[-123.0383941412853,38.35779109346727],[-123.03852070904772,38.35774890421313],[-123.03861563486953,38.35768562033192],[-123.03865255046689,38.35760651548041],[-123.03865255046689,38.35747467406123],[-123.03862090852628,38.35733755898528],[-123.03858926658569,38.35717407562549],[-123.03858399292892,38.357026413236],[-123.03866309778043,38.35686820353298],[-123.03876857091578,38.356799645995004],[-123.03888986502143,38.35677855136793],[-123.03905136228742,38.35675675909077],[-123.03917914861943,38.35675406778172],[-123.03932789075698,38.35675919682095],[-123.0394663748161,38.35677458393863],[-123.03964076214979,38.356825874330895],[-123.03984079467962,38.35689768088006],[-123.03999979489564,38.35699513262536],[-123.040189569347,38.3570618101353],[-123.04044602130831,38.35715413284137],[-123.04065118287737,38.35723619746899],[-123.04078453789725,38.35729774593971],[-123.04094353811327,38.357369552488876],[-123.0410871512116,38.35748752039108],[-123.0413795064475,38.357872198333055],[-123.04161544225191,38.35819019876509],[-123.04180521670328,38.358400489373366],[-123.04193344268394,38.35847229592253],[-123.04202576539002,38.35853384439325],[-123.0420616686646,38.358605650942415],[-123.04211808809609,38.35872361884462],[-123.04224631407675,38.35894416753135],[-123.04237966909663,38.359026232158975],[-123.04293360533308,38.35927242604184],[-123.04332341231428,38.359364748747915],[-123.043543961001,38.35938013586559],[-123.04375938064851,38.35939039394405],[-123.04388247758995,38.359344232591006],[-123.04402096164905,38.359303200277196],[-123.04421586513965,38.359236522767254],[-123.04437999439489,38.35920061949267],[-123.04460054308163,38.35921087757112],[-123.04485186600371,38.35924678084571],[-123.04502625333741,38.35929294219874],[-123.04526218914181,38.35931345835565],[-123.04540067320093,38.35929807123797],[-123.04563978413347,38.359196389906884],[-123.0459963397813,38.359105503173126],[-123.0465696253327,38.35885381683349],[-123.04694715484216,38.35874894752531],[-123.04731070177718,38.35860213049385],[-123.04750645781913,38.35846929603682],[-123.04762530970173,38.358217609697185],[-123.0477791180204,38.35815468811227],[-123.04791894376464,38.35820362712276],[-123.0480028392112,38.35825955742045],[-123.04817762139149,38.35838540059027],[-123.04849698303391,38.35858814791944],[-123.04880777588644,38.35879549303941],[-123.04913718330268,38.35890967801816],[-123.04950203711876,38.35892888085058],[-123.05026054899957,38.35917851767211],[-123.05090384388582,38.35941855307743],[-123.05124949486948,38.35944735732607],[-123.05147032744237,38.35934174174773],[-123.05150873310723,38.359111307758624],[-123.05165275435041,38.3587944610236],[-123.05215202799349,38.358525621369644],[-123.05297774978779,38.35817036896977],[-123.0534482191822,38.357978340645516],[-123.05378426874965,38.357939934980664],[-123.05423553531165,38.35802634772658],[-123.05491723586276,38.358208774634626],[-123.05626143413255,38.35866004119662],[-123.057048750262,38.358871272353305],[-123.05783606639145,38.359111307758624],[-123.05806023513445,38.3590909684094],[-123.05829678762473,38.35890900495534],[-123.05840373487462,38.358514905940474],[-123.05830231270872,38.35817683205411],[-123.05808819924735,38.357511953410935],[-123.05813327576553,38.35680199824957],[-123.05814454489507,38.35565254703594],[-123.05848261878144,38.35523558924276],[-123.05891084570416,38.3549989375223],[-123.05957572434734,38.35473974754276],[-123.06072517556098,38.354458019304126],[-123.0612999011678,38.35431152062004],[-123.06154242422755,38.35425232753381],[-123.06161912748212,38.353945514515594],[-123.06153283632074,38.352967548020054],[-123.061465720973,38.35256485593366],[-123.06187800096622,38.351769059667674],[-123.06269297304584,38.35128966432672],[-123.06339289024363,38.351059554563065],[-123.06405445581414,38.350934911774424],[-123.0648406641733,38.35108831828352],[-123.06561728462565,38.35143348292901],[-123.06586657020294,38.351788235481315],[-123.06596244927113,38.352133400126796],[-123.06599121299159,38.35243062523819],[-123.0658953339234,38.35283331732459],[-123.06559810881201,38.35338941592009],[-123.06552140555746,38.353772932192854],[-123.06556934509155,38.354137272651975],[-123.06597203717794,38.35451120101792],[-123.0666592857546,38.355022635910906],[-123.06674489136068,38.355114826563614],[-123.06724535490395,38.35538481347511],[-123.0677577,38.355726],[-123.0676597,38.3565685],[-123.0676989,38.3577048],[-123.0678948,38.3583905],[-123.0681103,38.3587039],[-123.0681223,38.3590236],[-123.06826640000001,38.3591213],[-123.0682761,38.3592348],[-123.0682823,38.3595072],[-123.06839989999999,38.3599356],[-123.0690802,38.3609427],[-123.06923610000001,38.3612411],[-123.0692886,38.3615592],[-123.06926728738729,38.361808418021724],[-123.06953916081649,38.362395433080145],[-123.06976149999998,38.3626186],[-123.0704834,38.3634333],[-123.07047809999999,38.363713],[-123.0703521,38.3639325],[-123.07033960000001,38.3641237],[-123.07046719999998,38.3642799],[-123.0706847,38.3644376],[-123.0708826,38.3644912],[-123.0710937,38.3645235],[-123.0711368,38.3646488],[-123.07099279999998,38.3648754],[-123.0710652,38.3651073],[-123.0715372,38.36572659999999],[-123.0719583,38.3659811],[-123.0723283,38.3662432],[-123.072503,38.3663745],[-123.072462,38.3665548],[-123.07235809999999,38.3666726],[-123.07229059999999,38.3669127],[-123.07250610000001,38.3673384],[-123.0728858,38.3679361],[-123.073023,38.36811679999999],[-123.0730396,38.3683635],[-123.0730322,38.3685516],[-123.0732329,38.3687656],[-123.07330440000001,38.3689309],[-123.07329720000001,38.369123],[-123.07333740000001,38.3692862],[-123.0733732,38.36937789999999],[-123.0734551,38.369418],[-123.0736374,38.369426],[-123.07366660000001,38.3695691],[-123.07373989999998,38.3697638],[-123.0743328,38.3698346],[-123.074549,38.3699341],[-123.0748677,38.3702612],[-123.0749861,38.3707976],[-123.0752977,38.3713038],[-123.0756067,38.3714809],[-123.076144,38.3715769],[-123.07646529999998,38.3716341],[-123.0765534,38.3717866],[-123.0765036,38.3721944],[-123.0767325,38.3726699],[-123.07754989999998,38.3736486],[-123.077823,38.373972],[-123.0781749,38.3743136],[-123.0788839,38.3746586],[-123.0789523,38.3747785],[-123.078826,38.3748928],[-123.0786708,38.3749478],[-123.0786471,38.3750977],[-123.0782357,38.3755294],[-123.0782659,38.3761067],[-123.0786205,38.3766447],[-123.07927859999998,38.3771744],[-123.0796344,38.377248],[-123.0800753,38.377208],[-123.08031579999998,38.3772094],[-123.08078959999997,38.3775696],[-123.08099890000001,38.3777735],[-123.081489,38.3778008],[-123.0815382,38.3779937],[-123.0813983,38.3781335],[-123.0808798,38.3781501],[-123.0808453,38.3785435],[-123.0808703,38.3792867],[-123.0813475,38.3816418],[-123.08237480000001,38.3831779],[-123.0827363,38.3836402],[-123.0826817,38.3840787],[-123.08348760000001,38.3849559],[-123.0839486,38.3852057],[-123.08406919999999,38.3853855],[-123.0841667,38.385806],[-123.084279,38.3860774],[-123.084322,38.3868904],[-123.0847637,38.3887617],[-123.08503049999999,38.3899002],[-123.0853136,38.3902649],[-123.0853248003491,38.39031219327734],[-123.08564961963191,38.390766910240025],[-123.0867369,38.3913804],[-123.0875526,38.391819],[-123.08777469999998,38.3920479],[-123.087999,38.392098],[-123.08831130000002,38.3920632],[-123.0886088,38.3922337],[-123.0885687,38.3923225],[-123.08847120000001,38.3923443],[-123.0884376,38.3924284],[-123.0884562,38.3925249],[-123.0884998,38.3925721],[-123.08892820000001,38.3925827],[-123.0891787,38.392727],[-123.0893976,38.3930369],[-123.08955680000001,38.3932697],[-123.08970079999999,38.3935191],[-123.0899596,38.393727],[-123.090332,38.3938035],[-123.0905553,38.3937877],[-123.09074229999997,38.3937626],[-123.09098940000001,38.3937619],[-123.0911557,38.3938505],[-123.0916703,38.3941235],[-123.0918747,38.3941247],[-123.09202389999999,38.3941415],[-123.092072,38.3942959],[-123.092004,38.3943878],[-123.09195779999999,38.3945509],[-123.09205929999999,38.3946913],[-123.09230479999998,38.3948954],[-123.092488,38.3949382],[-123.0926373,38.39493069999999],[-123.0927481,38.3948884],[-123.09288160000001,38.3947239],[-123.09300119999997,38.3946841],[-123.0932136,38.3947723],[-123.09342140000001,38.3948357],[-123.0937984,38.3948644],[-123.09404509999999,38.394748],[-123.0940766,38.3945101],[-123.0936946,38.3939024],[-123.0937299,38.39339419999999],[-123.0942616,38.3930153],[-123.0950206,38.3930795],[-123.0955103,38.3933452],[-123.0957242,38.3938171],[-123.0958743,38.394095],[-123.0962195,38.3941612],[-123.0964505,38.3944141],[-123.09648079999998,38.3948008],[-123.096444,38.3950965],[-123.0961415,38.3952337],[-123.09605710000001,38.3956413],[-123.09590739999999,38.3958603],[-123.0957651,38.396311],[-123.09584369999999,38.3989467],[-123.0966564,38.4017651],[-123.0977672,38.4031558],[-123.098278,38.4038561],[-123.098485,38.4057414],[-123.09871380000001,38.4059702],[-123.0987728,38.4062044],[-123.09869010000001,38.4062896],[-123.0983722,38.4062828],[-123.09806150000001,38.4063386],[-123.09805769999998,38.4064448],[-123.0982451,38.4065243],[-123.09835849999999,38.4066316],[-123.0985165,38.4070324],[-123.09874079999999,38.4072459],[-123.098854,38.4072485],[-123.099045,38.4072634],[-123.09912909999998,38.407386],[-123.0991348,38.4075513],[-123.0990425,38.4077722],[-123.0990472,38.4079965],[-123.0990969,38.4081225],[-123.0991637,38.4082292],[-123.0995103,38.4086167],[-123.09979089999999,38.409107],[-123.0998945,38.4092385],[-123.09993,38.4093356],[-123.099871,38.4094692],[-123.09989890000001,38.4096147],[-123.09986939999999,38.4099895],[-123.0999243,38.4101333],[-123.1003361,38.4106977],[-123.10051789999999,38.4106925],[-123.1005887,38.4107466],[-123.1006561,38.41083719999999],[-123.10064380000001,38.4109367],[-123.1006275,38.4110824],[-123.10069460000001,38.4111725],[-123.100961,38.4115134],[-123.1012234,38.4116994],[-123.101303,38.4118442],[-123.1014586,38.4119509],[-123.10190909999999,38.4122638],[-123.1018933,38.412359],[-123.1017429,38.4127092],[-123.1016861,38.4132165],[-123.10204560000001,38.4136483],[-123.10304819999999,38.4147508],[-123.10338580000001,38.4152609],[-123.1039182,38.415642],[-123.1047564,38.4160517],[-123.10483160000001,38.4161294],[-123.1048402,38.4162454],[-123.1048012,38.4163543],[-123.1047777,38.4164962],[-123.10493450000001,38.416807],[-123.1059712,38.41768],[-123.10681089999999,38.4178785],[-123.10713760000002,38.417912],[-123.1071963,38.4179139],[-123.10731430000001,38.4179454],[-123.10760339999997,38.4179657],[-123.10769080000001,38.4179972],[-123.1079178,38.4181276],[-123.1080655,38.4183778],[-123.1084495,38.4188917],[-123.10848059999998,38.4190387],[-123.1083923,38.4191848],[-123.1083915,38.4194135],[-123.108478,38.4198036],[-123.10862030000001,38.4201802],[-123.1088908,38.4204642],[-123.1094405,38.4206463],[-123.109761,38.420706],[-123.1101944,38.4206952],[-123.11036739999999,38.4207513],[-123.1108895,38.4209203],[-123.1112232,38.4209014],[-123.11147360000001,38.4209168],[-123.1117254,38.4209624],[-123.1118792,38.4210609],[-123.1125733,38.4214201],[-123.1129695,38.4216201],[-123.1132255,38.4216361],[-123.1135559,38.4216006],[-123.11377770000001,38.4216059],[-123.11397070000001,38.4216727],[-123.1140717,38.4218],[-123.1140722,38.4220814],[-123.11410939999998,38.4222533],[-123.1142297,38.4224208],[-123.1144517,38.4226112],[-123.1146957,38.4229086],[-123.1148634,38.4232744],[-123.11531579999998,38.4239977],[-123.1157411,38.4246973],[-123.11587460000001,38.4251337],[-123.1159423,38.4257996],[-123.1162378,38.4264815],[-123.1164973,38.4273267],[-123.11650929999998,38.4279093],[-123.1166349,38.4282864],[-123.1167831,38.4285869],[-123.116991,38.428788],[-123.11709180000001,38.4287909],[-123.1171539,38.4288191],[-123.1171783,38.4288965],[-123.1172975,38.4289819],[-123.1175424,38.4291206],[-123.1178902,38.429281],[-123.118156,38.4293148],[-123.1183983,38.4292754],[-123.11861909999999,38.42906019999999],[-123.1187217,38.4288666],[-123.1188258,38.4288166],[-123.1190159,38.4288147],[-123.11916679999999,38.4289094],[-123.1192995,38.4291103],[-123.11931380000001,38.4295572],[-123.11954859999999,38.4297314],[-123.11999240000002,38.4297323],[-123.1202673,38.4296789],[-123.12043379999999,38.4296054],[-123.12057279999998,38.4296098],[-123.12077490000001,38.4297701],[-123.1210357,38.4298331],[-123.12156549999999,38.4299898],[-123.12169360000001,38.4301312],[-123.1215669,38.430238],[-123.12108749999999,38.4303769],[-123.1206904,38.4308008],[-123.1204162,38.431337],[-123.12044480000002,38.4316805],[-123.1205801,38.4320224],[-123.1209121,38.43243719999999],[-123.1213014,38.4326939],[-123.1213818,38.4333991],[-123.1215581,38.4353636],[-123.1218965,38.436924],[-123.122281,38.4374226],[-123.1225097,38.4379323],[-123.1224097,38.4382903],[-123.1228511,38.4390327],[-123.1234555,38.4402149],[-123.1241427,38.440694],[-123.125114,38.4410074],[-123.1255196,38.4409017],[-123.12643580000001,38.4403914],[-123.1266649,38.4404219],[-123.1267688,38.4406134],[-123.1267153,38.4408914],[-123.1262075,38.4414154],[-123.1259729,38.4420479],[-123.1258647,38.442549],[-123.12611359999998,38.4429647],[-123.1263866,38.4442564],[-123.1265361,38.4456102],[-123.12664529999998,38.4469589],[-123.1272238,38.4484953],[-123.1284347,38.4499093],[-123.1303267,38.4516618],[-123.1309458,38.4523509],[-123.1316458,38.4529441],[-123.13329340000001,38.454174],[-123.1340198,38.4544597],[-123.135874,38.4551],[-123.1364528,38.4551573],[-123.137006,38.4554034],[-123.1372166,38.4553691],[-123.1373979,38.4552075],[-123.1376868,38.4552417],[-123.13788729999999,38.4552973],[-123.13841180000001,38.4554748],[-123.1390387,38.455756],[-123.13953330000001,38.4561234],[-123.1401823,38.4564931],[-123.1405545,38.4565323],[-123.1406231,38.456498],[-123.1408288,38.456454],[-123.141157,38.456476],[-123.1416884,38.4563217],[-123.1422247,38.4561234],[-123.1425291,38.4561672],[-123.1427561,38.4562752],[-123.14307690000001,38.4562654],[-123.1434088,38.4562327],[-123.1435839,38.4561356],[-123.1437014,38.4559446],[-123.143842,38.4559302],[-123.14410789999998,38.4559299],[-123.1443585,38.4560109],[-123.14449489999998,38.4561356],[-123.14404519999998,38.4562874],[-123.14403940000001,38.4564246],[-123.1441667,38.4564956],[-123.14437,38.4565617],[-123.14464179999999,38.4566523],[-123.1446296,38.4568017],[-123.14446550000001,38.456814],[-123.14342710000001,38.4567944],[-123.1431578,38.4568997],[-123.143001,38.4571274],[-123.1430157,38.4574605],[-123.14313329999999,38.457627],[-123.1432704,38.4579013],[-123.1435104,38.4580727],[-123.1438239,38.4582343],[-123.1440051,38.4583666],[-123.14413729999998,38.4584939],[-123.1443822,38.4585772],[-123.14464179999999,38.4585429],[-123.14488669999999,38.4585233],[-123.14517079999999,38.4584303],[-123.1453765,38.4583617],[-123.145641,38.4584352],[-123.145543,38.4588711],[-123.14524919999998,38.459116],[-123.1451267,38.4593804],[-123.1455185,38.459831],[-123.145913,38.4599829],[-123.14657160000002,38.4599535],[-123.146784,38.4598444],[-123.1473454,38.4598947],[-123.1474973,38.4598017],[-123.1476246,38.4598017],[-123.1477079,38.4598164],[-123.1477814,38.4598506],[-123.14786950000001,38.4599045],[-123.1479283,38.4599143],[-123.1479871,38.4600515],[-123.1481114,38.4602335],[-123.1482809,38.4604139],[-123.14842789999999,38.4605608],[-123.14850619999999,38.4609135],[-123.14865320000001,38.4610114],[-123.1488981,38.461129],[-123.1495054,38.4613053],[-123.1500344,38.4616384],[-123.1502891,38.4616237],[-123.150485,38.4615796],[-123.1509895,38.462133],[-123.1511413,38.4622114],[-123.1514597,38.4622114],[-123.1518613,38.462182],[-123.15198860000001,38.4619812],[-123.1519984,38.4617461],[-123.1519984,38.4613788],[-123.1519348,38.4610898],[-123.1518515,38.4608765],[-123.15189869999998,38.4608369],[-123.1521845,38.46084],[-123.1522651,38.4607942],[-123.1523903,38.4607959],[-123.1524819,38.4609177],[-123.1528164,38.461511],[-123.1528702,38.4619028],[-123.1529388,38.46240729999999],[-123.1522629,38.4626473],[-123.1521258,38.4626081],[-123.152018,38.462471],[-123.151925,38.462373],[-123.1517094,38.4624318],[-123.15130780000001,38.4627159],[-123.15346695984844,38.46465333568687],[-123.1536784,38.4644889],[-123.1542074,38.464391],[-123.1555886,38.4645085],[-123.1563526,38.464822],[-123.1564016,38.4650179],[-123.15631339999999,38.4651844],[-123.15539260000001,38.4658407],[-123.1553829,38.4662228],[-123.1558628,38.4666342],[-123.15646670000001,38.46704],[-123.15701139999997,38.4669452],[-123.15732,38.4667787],[-123.15745709999999,38.4667983],[-123.1576971,38.4669942],[-123.1577804,38.4671754],[-123.15783420000001,38.4673811],[-123.1579518,38.4676995],[-123.1582457,38.4679689],[-123.15854440000001,38.4681599],[-123.15889219999998,38.4683068],[-123.1592693,38.4684048],[-123.1595289,38.4684097],[-123.1598424,38.4683852],[-123.1600971,38.468297],[-123.1603371,38.4681844],[-123.16065049999999,38.4681305],[-123.1609297,38.4681648],[-123.1612921,38.4681942],[-123.16155660000001,38.4682382],[-123.1619387,38.4678758],[-123.1621395,38.4678415],[-123.16227169999998,38.4679395],[-123.1626391,38.4680815],[-123.1629084,38.468008],[-123.1630701,38.4680472],[-123.1632072,38.4682431],[-123.1632562,38.4683901],[-123.16323659999998,38.4685958],[-123.16319740000002,38.4687623],[-123.1630309,38.4688603],[-123.16274890000001,38.4688928],[-123.16252150000001,38.4689191],[-123.1623648,38.4690268],[-123.1622374,38.4692325],[-123.1622178,38.4693403],[-123.16229620000001,38.4695313],[-123.1624284,38.4696978],[-123.1625607,38.4697762],[-123.16279579999998,38.4698594],[-123.16308970000001,38.4699476],[-123.16323659999998,38.4700456],[-123.16344230000001,38.4701631],[-123.1635011,38.4702905],[-123.1634619,38.4704668],[-123.1633933,38.4707215],[-123.1634325,38.4711721],[-123.1634325,38.4715541],[-123.163697,38.4721712],[-123.1637068,38.472759],[-123.16405940000001,38.4733957],[-123.1645394,38.4736014],[-123.165279,38.474292],[-123.1659843,38.4746643],[-123.16688059999998,38.475154],[-123.16713530000001,38.4751736],[-123.1673263,38.4751296],[-123.16741909999999,38.4750867],[-123.1677769,38.4749336],[-123.16799239999999,38.4750169],[-123.16821279999998,38.4753108],[-123.1683451,38.4753744],[-123.1684871,38.4753842],[-123.1686389,38.4753451],[-123.1690214,38.4751723],[-123.1692953,38.4749679],[-123.1696479,38.4750463],[-123.169785,38.4751345],[-123.1698389,38.4754038],[-123.16985849999999,38.4756291],[-123.16977569999999,38.4757169],[-123.1696469,38.475711],[-123.1694471,38.4756781],[-123.169163,38.4756928],[-123.1690896,38.4757957],[-123.1690798,38.4759426],[-123.16913849999999,38.4760602],[-123.1692708,38.4761238],[-123.169354,38.476212],[-123.1694471,38.4764471],[-123.1697997,38.4767067],[-123.1702014,38.4768781],[-123.1703091,38.4769663],[-123.1711565,38.4772454],[-123.17190579999998,38.4772503],[-123.17265030000002,38.4772601],[-123.1728511,38.477314],[-123.1731695,38.4774267],[-123.1733948,38.4774316],[-123.1735025,38.4776226],[-123.1735319,38.4780781],[-123.1737425,38.4783034],[-123.1740021,38.4784797],[-123.17455070000001,38.479185],[-123.1746535,38.4792389],[-123.17505519999997,38.4793025],[-123.17512370000001,38.4793417],[-123.1752217,38.4795083],[-123.1753098,38.4796993],[-123.17554980000001,38.4799246],[-123.1758682,38.4801499],[-123.1762502,38.480238],[-123.176549,38.48027719999999],[-123.1766764,38.4803311],[-123.1771368,38.4804046],[-123.17741009999999,38.4804193],[-123.1776118,38.4804388],[-123.1777882,38.4804829],[-123.1778959,38.4805711],[-123.17841019999999,38.481487],[-123.178611,38.4816878],[-123.17877750000001,38.4819033],[-123.1790068,38.4819554],[-123.17929749999998,38.4820784],[-123.1795025,38.482113],[-123.1799041,38.4821629],[-123.1812363,38.4825106],[-123.1815595,38.4826625],[-123.1817506,38.4828143],[-123.1818877,38.4829437],[-123.1819905,38.4830249],[-123.1819905,38.4831964],[-123.1820542,38.4833286],[-123.18220609999999,38.4835049],[-123.1824853,38.4840825],[-123.1828036,38.4845286],[-123.1831171,38.4847686],[-123.18314640000001,38.4848469],[-123.1832101,38.4848665],[-123.1833717,38.48487629999999],[-123.1834844,38.48494],[-123.1837538,38.4850551],[-123.1838591,38.4850624],[-123.1843611,38.4852461],[-123.18523289999997,38.4853784],[-123.18540440000001,38.4854763],[-123.1855758,38.4856967],[-123.18569330000001,38.4856967],[-123.1862713,38.4858975],[-123.18754469999999,38.486642],[-123.18804919999998,38.4869898],[-123.188539,38.4873326],[-123.1889332,38.4874349],[-123.18926879999998,38.4876167],[-123.18955289999998,38.4877293],[-123.18969980000001,38.4878567],[-123.18985160000001,38.4879155],[-123.1901945,38.4880575],[-123.19051770000002,38.4883171],[-123.1907871,38.4884101],[-123.19162960000001,38.4890567],[-123.1918647,38.4893946],[-123.1919871,38.4894632],[-123.19233,38.4894975],[-123.19254229999999,38.4895947],[-123.1930597,38.4898305],[-123.1932557,38.4900068],[-123.1933977,38.4900607],[-123.193574,38.4900901],[-123.1937014,38.4901048],[-123.1939365,38.4902321],[-123.1940834,38.4902468],[-123.1942205,38.4903007],[-123.19475089999997,38.4905774],[-123.19518049999998,38.4908003],[-123.19528830000002,38.490864],[-123.19536169999998,38.4908591],[-123.195636,38.4908836],[-123.1957683,38.4909472],[-123.19603269999999,38.4909619],[-123.19629230000001,38.4910599],[-123.1968877,38.4912866],[-123.1970368,38.491344],[-123.1971984,38.4914419],[-123.1973905,38.4915028],[-123.197605,38.4915693],[-123.19772250000001,38.4915497],[-123.1978841,38.4915497],[-123.19830049999997,38.4916868],[-123.1984572,38.4916917],[-123.1987756,38.491677],[-123.1989813,38.4917211],[-123.1992213,38.4918142],[-123.1994906,38.4919366],[-123.19965229999998,38.4920493],[-123.199862,38.4923132],[-123.20037230000001,38.4929554],[-123.2004947,38.4931464],[-123.2005388,38.4932835],[-123.2006857,38.4934647],[-123.20123919999997,38.4937194],[-123.2013127,38.4938223],[-123.2014596,38.493837],[-123.2016506,38.4939349],[-123.20183079999998,38.4940536],[-123.2020326,38.4941945],[-123.20240059999998,38.4943732],[-123.2030073,38.4946402],[-123.203693,38.4947872],[-123.2041436,38.4950419],[-123.20478039999998,38.4952868],[-123.2054758,38.4955023],[-123.20575009999997,38.4957178],[-123.2061811,38.4957765],[-123.2068794,38.495812],[-123.2079669,38.49587909999999],[-123.208527,38.4959179],[-123.2087476,38.4959333],[-123.20949939999998,38.4961761],[-123.2100211,38.4963447],[-123.2107887,38.4966748],[-123.21131589999999,38.4969015],[-123.2119691,38.49722159999999],[-123.212351,38.4974484],[-123.213137,38.4980106],[-123.21423319999998,38.498872],[-123.2146199,38.499009],[-123.2150071,38.4991463],[-123.21598669999999,38.4991659],[-123.218299,38.4987958],[-123.219425,38.4986369],[-123.2198999,38.49875739999999],[-123.2205221,38.498872],[-123.2211046,38.4990061],[-123.2218837,38.4991855],[-123.22235389999999,38.4992932],[-123.2226282,38.4995087],[-123.2227457,38.499734],[-123.2227653,38.4998516],[-123.22283390000001,38.4998908],[-123.2230494,38.4998908],[-123.2232845,38.4998418],[-123.22372530000001,38.4998908],[-123.22395739999999,38.5000285],[-123.2243523,38.500263],[-123.22515550000001,38.5011642],[-123.22554729999999,38.5014581],[-123.2260959,38.501556],[-123.2263898,38.5016344],[-123.2269971,38.5020262],[-123.2271734,38.5020458],[-123.2274281,38.501987],[-123.2279375,38.5022221],[-123.2285154,38.5025454],[-123.2287897,38.5025454],[-123.2291816,38.5025454],[-123.2295048,38.5025748],[-123.230073,38.5027805],[-123.230553,38.5028687],[-123.23142480000001,38.5027903],[-123.2315948,38.5028589],[-123.2316305,38.503045],[-123.2314836,38.5030842],[-123.2311211,38.5032311],[-123.2309707,38.5035372],[-123.2308468,38.5037895],[-123.2308118,38.5040526],[-123.2307293,38.5045829],[-123.23085660000001,38.5051315],[-123.2312289,38.5054058],[-123.2318362,38.5057486],[-123.23224759999998,38.5058662],[-123.23343290000001,38.5059249],[-123.2343733,38.50608169999999],[-123.2344615,38.50633639999999],[-123.23449079999999,38.5071494],[-123.2345857,38.5078227],[-123.2346778,38.5084731],[-123.23482389999998,38.5091379],[-123.23536270000001,38.5094808],[-123.2357643,38.50952],[-123.2359684,38.5095113],[-123.23622469999998,38.5095004],[-123.2363956,38.5094448],[-123.23661650000001,38.509373],[-123.2368908,38.5094122],[-123.23711609999998,38.5094808],[-123.23718359999998,38.5096203],[-123.237263,38.5097845],[-123.237515,38.5098377],[-123.2380369,38.5100391],[-123.23846789999999,38.5101371],[-123.2387422,38.5101077],[-123.2391015,38.5099281],[-123.23950629999999,38.5097257],[-123.2398981,38.5095787],[-123.2401038,38.5094416],[-123.2403095,38.509471],[-123.2404663,38.5096277],[-123.240574,38.509804],[-123.2407503,38.5099608],[-123.2411911,38.5100685],[-123.2416124,38.5100979],[-123.2419356,38.5101371],[-123.2422099,38.5102057],[-123.24226869999998,38.5102938],[-123.24217069999999,38.5105093],[-123.24196339999999,38.5108354],[-123.24187680000001,38.5110187],[-123.2419001,38.5113763],[-123.2420089,38.5116747],[-123.2421353,38.5118692],[-123.24235909999997,38.5120867],[-123.24259819999997,38.5122202],[-123.2430781,38.512409],[-123.24355,38.5124243],[-123.2438109,38.5123116],[-123.2440109,38.512033],[-123.244218,38.5117142],[-123.2444727,38.5116848],[-123.2446588,38.5117632],[-123.2451192,38.5120963],[-123.2453054,38.5123999],[-123.245707,38.5131542],[-123.2458904,38.513334],[-123.2461921,38.5132774],[-123.2467355,38.5133375],[-123.24739179999999,38.5133207],[-123.2477249,38.5131934],[-123.2480722,38.512647],[-123.2482204,38.5125159],[-123.2484253,38.5124048],[-123.24861140000002,38.5123167],[-123.2490326,38.5122285],[-123.24932159999999,38.5120326],[-123.2495705,38.5117871],[-123.2496529,38.511545],[-123.2497428,38.5112342],[-123.2499094,38.5110873],[-123.2499779,38.510862],[-123.249733,38.5105191],[-123.24980160000001,38.5104506],[-123.25012489999997,38.5103232],[-123.2504579,38.5103428],[-123.25075179999999,38.5103624],[-123.2511338,38.5104897],[-123.2512906,38.5106465],[-123.2514179,38.5107346],[-123.2515746,38.5109012],[-123.2516334,38.5110285],[-123.2516334,38.5111559],[-123.251702,38.5113126],[-123.2519077,38.5114301],[-123.2521654,38.5114874],[-123.25252479999997,38.5115673],[-123.2528481,38.5115771],[-123.2530968,38.5116628],[-123.2532595,38.5118416],[-123.2535926,38.5119395],[-123.253857,38.5119395],[-123.2541803,38.5119983],[-123.25452310000001,38.512155],[-123.2545815,38.5124124],[-123.2545427,38.5127036],[-123.25448139999999,38.5129039],[-123.2543566,38.5133109],[-123.25419989999999,38.5137028],[-123.2541411,38.5139574],[-123.2539648,38.5142121],[-123.25388640000001,38.5144276],[-123.2540432,38.5147509],[-123.25402360000001,38.5150546],[-123.254004,38.5153191],[-123.25402360000001,38.5154954],[-123.25416070000001,38.5156619],[-123.2544576,38.5159233],[-123.2547819,38.5160881],[-123.25504780000001,38.5162872],[-123.2552721,38.5164202],[-123.25550960000001,38.5164751],[-123.255679,38.5165533],[-123.25587669999997,38.5166713],[-123.2560237,38.5167122],[-123.2563647,38.5166905],[-123.2565848,38.5166845],[-123.25679179999999,38.5166738],[-123.2571876,38.5166317],[-123.25737190000001,38.5166092],[-123.2575892,38.5165827],[-123.2577044,38.516627],[-123.2578439,38.5166807],[-123.25799079999999,38.5167688],[-123.25806559999998,38.51702849999999],[-123.25813180000002,38.5172422],[-123.25816719999999,38.5173566],[-123.2581834,38.5174591],[-123.2582025,38.51758059999999],[-123.2582259,38.5177288],[-123.2582148,38.5179462],[-123.2582063,38.5181108],[-123.2581656,38.5182601],[-123.25809790000001,38.5183489],[-123.2580888,38.5184733],[-123.2581574,38.5186202],[-123.25836310000001,38.5188725],[-123.25860309999999,38.5190236],[-123.25878289999999,38.5191402],[-123.2589057,38.5191941],[-123.2590181,38.5191197],[-123.25921310000001,38.5190837],[-123.2593951,38.5191216],[-123.2595442,38.5191956],[-123.2596316,38.5193038],[-123.2596321,38.5194182],[-123.2596811,38.5195029],[-123.25992210000001,38.5195891],[-123.2601451,38.5197087],[-123.26033280000001,38.5197722],[-123.2606324,38.5198265],[-123.2610077,38.5198488],[-123.2611836,38.5198474],[-123.261272,38.5199087],[-123.2612822,38.5200112],[-123.2613164,38.5201594],[-123.2612987,38.5203601],[-123.2612936,38.5204824],[-123.2613725,38.5205342],[-123.2615816,38.5205408],[-123.2619841,38.5204681],[-123.26242129999999,38.5204036],[-123.26258329999999,38.5204338],[-123.2626732,38.5204814],[-123.262745,38.520584],[-123.26274830000001,38.5207856],[-123.2627666,38.5209189],[-123.262846,38.5209781],[-123.2629624,38.5210109],[-123.2631364,38.5210904],[-123.2633798,38.521321],[-123.2635396,38.5215567],[-123.2636824,38.521617],[-123.26381819999999,38.5216713],[-123.2640767,38.5217755],[-123.2642123,38.5218889],[-123.26424009999998,38.5219554],[-123.2642904,38.5219768],[-123.26447559999998,38.5221075],[-123.26451270000001,38.5222262],[-123.2645736,38.522421],[-123.26447559999998,38.5226169],[-123.2642753,38.5227389],[-123.264025,38.5228128],[-123.26396190000001,38.52287589999999],[-123.26381889999998,38.5231016],[-123.26381269999999,38.5233364],[-123.2640927,38.5236927],[-123.26455959999998,38.5240154],[-123.26480869999997,38.5239687],[-123.2651026,38.5239295],[-123.2654748,38.5239491],[-123.2657491,38.5240275],[-123.2660248,38.524214],[-123.2662026,38.5243532],[-123.2664014,38.5244003],[-123.26663069999998,38.5243801],[-123.26672060000001,38.52438009999999],[-123.26697530000001,38.5243801],[-123.267091,38.52438009999999],[-123.26723,38.5243801],[-123.26735559999997,38.5243801],[-123.26744760000001,38.5244195],[-123.2675831,38.5245066],[-123.26769639999998,38.5246507],[-123.2677985,38.5247503],[-123.2679207,38.5248424],[-123.2680201,38.5249041],[-123.2681658,38.5249212],[-123.268308,38.5249179],[-123.2684331,38.5249875],[-123.2685191,38.5250656],[-123.2686486,38.5251834],[-123.2686486,38.5253121],[-123.2686486,38.5254576],[-123.26845269999998,38.525634],[-123.2683147,38.52569839999999],[-123.2681189,38.5257939],[-123.26788449999998,38.5259278],[-123.2677073,38.526098],[-123.2673948,38.526398],[-123.26729359999999,38.5266383],[-123.2671888,38.5268873],[-123.2670813,38.5271425],[-123.2670621,38.5274174],[-123.26699090000001,38.5277714],[-123.2670585,38.5279779],[-123.26722640000001,38.5281409],[-123.26748459999997,38.5283988],[-123.26751479999999,38.5285865],[-123.2673262,38.5289743],[-123.2673899,38.5294209],[-123.26774959999999,38.5297775],[-123.267937,38.5299001],[-123.26813889999998,38.5299264],[-123.2687082,38.5299973],[-123.2692152,38.5299705],[-123.26960709999999,38.5300566],[-123.27007370000001,38.5301187],[-123.27052839999999,38.5301498],[-123.27079439999999,38.5302567],[-123.270882,38.5304241],[-123.2708577,38.5306043],[-123.2708331,38.5307865],[-123.27082409999998,38.530953],[-123.27081349999999,38.531149],[-123.27092510000001,38.5313371],[-123.27099960000001,38.5314624],[-123.2710987,38.5315615],[-123.27118569999998,38.5316486],[-123.2713053,38.5317265],[-123.271411,38.5317955],[-123.27156420000001,38.5318603],[-123.2716657,38.5319032],[-123.2717147,38.53206],[-123.27168390000001,38.5322823],[-123.27176319999998,38.5324192],[-123.2718775,38.5325315],[-123.272027,38.5325746],[-123.27219159999999,38.5325956],[-123.27248650000001,38.5325269],[-123.2729196,38.5325106],[-123.27308020000001,38.5325412],[-123.27325129999998,38.5326637],[-123.273343,38.5328276],[-123.2734093,38.5330446],[-123.27355909999999,38.5331058],[-123.273686,38.5331062],[-123.27387650000001,38.5329866],[-123.2741734,38.5328534],[-123.27435020000001,38.5328111],[-123.2747769,38.5328],[-123.274929,38.5329016],[-123.275237,38.5330825],[-123.275423,38.5330606],[-123.2755667,38.5330172],[-123.2757447,38.53280489999999],[-123.2759177,38.5327297],[-123.2761331,38.5326919],[-123.2765636,38.5324616],[-123.27729830000001,38.532011],[-123.2774746,38.5317759],[-123.277595,38.5316956],[-123.2778272,38.5315408],[-123.2781407,38.5314722],[-123.2784052,38.5314526],[-123.2785316,38.5315951],[-123.2784248,38.5318543],[-123.2782876,38.5320894],[-123.27834639999998,38.5322755],[-123.2784737,38.5323832],[-123.2785928,38.5324513],[-123.278748,38.53254],[-123.2789635,38.5325987],[-123.27902229999998,38.5326673],[-123.27902229999998,38.5327518],[-123.2789831,38.5328632],[-123.27894389999999,38.5330298],[-123.2789048,38.5331767],[-123.2788264,38.5332649],[-123.27869910000001,38.5334216],[-123.2786697,38.5335881],[-123.2786011,38.5339212],[-123.2785919,38.5340638],[-123.27858149999999,38.5342248],[-123.2786521,38.5343573],[-123.27873819999998,38.5345187],[-123.278769,38.5346831],[-123.278797,38.5348322],[-123.2788729,38.5350281],[-123.2789108,38.535202],[-123.2788821,38.5358242],[-123.27904350000001,38.5361037],[-123.2793658,38.5362923],[-123.27961549999998,38.5363421],[-123.27972159999999,38.5363854],[-123.27980590000001,38.5363306],[-123.2801831,38.5362849],[-123.2804131,38.5362973],[-123.2806849,38.536409],[-123.2810206,38.5364191],[-123.2811957,38.5363914],[-123.2813929,38.5363603],[-123.28161080000001,38.5362513],[-123.2818631,38.5361252],[-123.2819694,38.5361022],[-123.2822255,38.5360469],[-123.2823083,38.5360418],[-123.2824802,38.5361056],[-123.28250580000001,38.5361615],[-123.282588,38.5363407],[-123.28263690000001,38.5366248],[-123.28267980000001,38.5367319],[-123.2827349,38.5368697],[-123.2829014,38.5370558],[-123.2833716,38.5374085],[-123.2836098,38.5376409],[-123.283832,38.5377905],[-123.2840288,38.5379135],[-123.2840965,38.5380452],[-123.28409710000001,38.5381488],[-123.2840965,38.5382292],[-123.28400920000001,38.5383516],[-123.2842164,38.5385458],[-123.2844826,38.5389239],[-123.2847305,38.5391266],[-123.2850173,38.539397],[-123.28581969999998,38.5400836],[-123.2860655,38.5400925],[-123.28630050000001,38.5400925],[-123.286565,38.5401709],[-123.2867022,38.5402982],[-123.2868393,38.5404451],[-123.2869497,38.5404543],[-123.28714559999999,38.5404558],[-123.2873781,38.540406],[-123.2876034,38.5404353],[-123.28765240000001,38.5405137],[-123.28765240000001,38.5406215],[-123.28772089999998,38.54074879999999],[-123.2878385,38.5408957],[-123.2879854,38.5410133],[-123.2881715,38.541219],[-123.2882825,38.5413057],[-123.28847519999998,38.5413855],[-123.28869069999999,38.5413561],[-123.2888964,38.5412092],[-123.2891119,38.5410231],[-123.289219,38.5409925],[-123.28939760000002,38.5409551],[-123.28957229999999,38.54093489999999],[-123.28962279999998,38.5408998],[-123.28979760000001,38.5407782],[-123.290042,38.54072],[-123.2903168,38.5407684],[-123.2906695,38.5409545],[-123.2908164,38.5411994],[-123.2908536,38.5413058],[-123.290885,38.5413953],[-123.29094370000001,38.5415031],[-123.29112010000001,38.541601],[-123.29126110000001,38.5416244],[-123.29148250000001,38.5416304],[-123.2916417,38.5416009],[-123.291747,38.5415814],[-123.2919075,38.5415757],[-123.29202129999999,38.5415717],[-123.292142,38.5415802],[-123.292276,38.5416108],[-123.29237390000002,38.5417382],[-123.2924425,38.5419831],[-123.29249150000001,38.5421888],[-123.292707,38.5424043],[-123.29297450000001,38.5424631],[-123.2931655,38.5425533],[-123.29333079999998,38.5426244],[-123.29349060000001,38.5426982],[-123.29357580000001,38.542743],[-123.2936767,38.5427961],[-123.293768,38.5428554],[-123.2938727,38.5429235],[-123.293973,38.5431103],[-123.29415750000001,38.5433066],[-123.2944424,38.5434933],[-123.2946872,38.5436259],[-123.2948892,38.5437067],[-123.2950531,38.5437228],[-123.2951987,38.5437364],[-123.295351,38.5436826],[-123.29550230000001,38.5435762],[-123.29558630000001,38.5434978],[-123.29573389999999,38.5434328],[-123.29603750000001,38.543472],[-123.296302,38.5434916],[-123.2966155,38.543619],[-123.2967625,38.5437259],[-123.2969387,38.5438541],[-123.2971346,38.54394219999999],[-123.2973012,38.544001],[-123.2975657,38.5441185],[-123.29775180000001,38.5442655],[-123.29782029999998,38.5443928],[-123.29783010000001,38.5445202],[-123.29785929999998,38.5447537],[-123.2978741,38.5448719],[-123.2978889,38.5449904],[-123.2979575,38.5451079],[-123.2980163,38.5452744],[-123.2979467,38.5453796],[-123.2978889,38.5454508],[-123.2977322,38.5455193],[-123.2976854,38.54567],[-123.297644,38.5458034],[-123.2976028,38.5459087],[-123.2975559,38.5460287],[-123.2975461,38.5462442],[-123.29742849999998,38.5465087],[-123.2972518,38.5470429],[-123.29730079999999,38.5471507],[-123.29736779999999,38.5472354],[-123.2975698,38.5473048],[-123.2980016,38.5472896],[-123.29831259999999,38.5472816],[-123.29877820000002,38.5472548],[-123.29905159999998,38.5471755],[-123.29911069999999,38.5471437],[-123.2991958,38.54707279999999],[-123.2993448,38.5470308],[-123.2995411,38.5470452],[-123.2997501,38.5470851],[-123.29983820000001,38.5470794],[-123.29999629999999,38.54704069999999],[-123.3001554,38.5470294],[-123.3002567,38.54705769999999],[-123.30031520000001,38.547117],[-123.3005217,38.5472443],[-123.300737,38.5473026],[-123.3008922,38.5473037],[-123.30101820000002,38.5473204],[-123.301081,38.5473982],[-123.3011926,38.5475941],[-123.30138519999998,38.5477185],[-123.3016487,38.5478716],[-123.3018202,38.5479383],[-123.3020145,38.5480733],[-123.302203,38.5482371],[-123.30231219999999,38.5483682],[-123.30242509999998,38.5484441],[-123.3024883,38.548426],[-123.3025959,38.54832],[-123.30286519999999,38.548174],[-123.3030599,38.5480845],[-123.30322760000001,38.5480075],[-123.3033933,38.5480247],[-123.30355069999999,38.5480411],[-123.30369779999998,38.5480564],[-123.303776,38.5481115],[-123.30389069999998,38.5481922],[-123.3040251,38.5483029],[-123.304242,38.548575],[-123.3043646,38.5487414],[-123.30443919999998,38.5489178],[-123.3045137,38.5491168],[-123.3045794,38.5492809],[-123.3046433,38.5494158],[-123.3047021,38.5495399],[-123.3047557,38.5496531],[-123.3048375,38.5497383],[-123.3049074,38.5498111],[-123.30499080000001,38.549898],[-123.30504270000002,38.5499735],[-123.3050986,38.5500548],[-123.305053,38.5502456],[-123.30502119999998,38.5503785],[-123.30499080000001,38.5505054],[-123.304981,38.5506131],[-123.30503,38.5507797],[-123.3051346,38.5508668],[-123.3052063,38.5509266],[-123.30524979999998,38.5510678],[-123.3052847,38.5511813],[-123.30527490000001,38.5513478],[-123.3053631,38.5514947],[-123.30549040000001,38.5515731],[-123.305605,38.551651],[-123.3057353,38.5517396],[-123.3057353,38.5517975],[-123.3057353,38.5519845],[-123.305745,38.5520768],[-123.3057549,38.5521706],[-123.30577450000001,38.5522686],[-123.30591159999999,38.5524253],[-123.3060096,38.5525723],[-123.3060297,38.5526768],[-123.30605860000001,38.552827],[-123.3060234,38.5529091],[-123.3059704,38.55303269999999],[-123.3058235,38.5530719],[-123.3057157,38.5530719],[-123.30556879999997,38.5530229],[-123.3053558,38.5530406],[-123.3052063,38.5530621],[-123.3051641,38.5531834],[-123.3050888,38.5534147],[-123.3048341,38.5536988],[-123.3047083,38.55430219999999],[-123.3046706,38.5544121],[-123.30455019999998,38.5544947],[-123.3043247,38.5544824],[-123.3040504,38.5544041],[-123.3037762,38.5544335],[-123.303688,38.5545118],[-123.30361939999999,38.5546196],[-123.3035411,38.5547567],[-123.3034921,38.5549233],[-123.3034333,38.5550506],[-123.30348230000001,38.5552367],[-123.30355670000002,38.5553323],[-123.3036094,38.5554164],[-123.3041484,38.5558441],[-123.30426729999998,38.5558959],[-123.3046655,38.5561039],[-123.30486839999999,38.5561217],[-123.3051488,38.5561433],[-123.3054494,38.5561664],[-123.30594640000001,38.5561927],[-123.30631330000001,38.5560596],[-123.30675559999999,38.5560088],[-123.3068977,38.5560454],[-123.3069994,38.5560925],[-123.30706749999999,38.5561673],[-123.3071655,38.5562359],[-123.3072634,38.5562359],[-123.3073533,38.5562059],[-123.3074692,38.5561673],[-123.30758630000001,38.5561648],[-123.3077558,38.5561611],[-123.3079198,38.5561575],[-123.30808649999999,38.556147],[-123.3084486,38.5561025],[-123.30871320000001,38.5560889],[-123.3088771,38.5561227],[-123.3091197,38.5561826],[-123.3094479,38.5562947],[-123.30957520000001,38.5562947],[-123.3097418,38.5562849],[-123.31000630000001,38.5561967],[-123.31012949999997,38.5562131],[-123.3102436,38.5562784],[-123.3102988,38.5563982],[-123.31037440000001,38.5564108],[-123.3104764,38.556373],[-123.3106152,38.5564135],[-123.3107115,38.5564416],[-123.31078769999998,38.5565177],[-123.3108879,38.5566179],[-123.31093759999999,38.5567118],[-123.31092479999998,38.5569171],[-123.31099580000001,38.557024],[-123.3112357,38.5571395],[-123.311569,38.5571527],[-123.3118038,38.5572297],[-123.3121011,38.5573159],[-123.3122019,38.557396],[-123.3122491,38.5574148],[-123.3124865,38.5573413],[-123.3127263,38.5574113],[-123.31320880000001,38.5576382],[-123.3134414,38.5576987],[-123.3136993,38.5578326],[-123.3139694,38.5579313],[-123.3141924,38.5579528],[-123.31455149999998,38.5580481],[-123.3148543,38.5582393],[-123.3149736,38.5583151],[-123.3150813,38.5583846],[-123.3151882,38.5584497],[-123.3153062,38.5586949],[-123.3155759,38.5588302],[-123.31592160000001,38.5589515],[-123.31609269999998,38.5588835],[-123.3163049,38.5588611],[-123.3164337,38.5588508],[-123.31664590000001,38.5588339],[-123.3168482,38.5588487],[-123.31703290000002,38.5588869],[-123.31721,38.5589258],[-123.3173237,38.5590081],[-123.3174237,38.5591489],[-123.31758819999999,38.5593803],[-123.3177449,38.5596252],[-123.3177343,38.5597061],[-123.3177155,38.5598505],[-123.31765669999999,38.5599583],[-123.3177421,38.5601279],[-123.31798130000001,38.5601408],[-123.3182356,38.5600497],[-123.31843250000001,38.5599744],[-123.3187147,38.5598897],[-123.31902810000001,38.5599191],[-123.3193024,38.5599877],[-123.31945909999999,38.5601346],[-123.3197824,38.5602423],[-123.32014489999997,38.5603893],[-123.3204681,38.5605362],[-123.320713,38.5606146],[-123.3208991,38.5605852],[-123.32107540000001,38.560497],[-123.3213007,38.5603795],[-123.32149670000001,38.5603501],[-123.321624,38.5604089],[-123.321673,38.5604676],[-123.3217318,38.5605754],[-123.3218007,38.5605754],[-123.3219631,38.5605754],[-123.322153,38.5605754],[-123.3223587,38.560644],[-123.32250560000001,38.5607615],[-123.3226621,38.5608118],[-123.32277989999999,38.5608497],[-123.3228683,38.5608898],[-123.3229954,38.5609476],[-123.32304769999999,38.5610204],[-123.32310810000001,38.5611044],[-123.3231326,38.5612366],[-123.32318640000001,38.5613786],[-123.32324670000001,38.5614591],[-123.3233893,38.5616175],[-123.32352720000002,38.5617521],[-123.3236762,38.5619027],[-123.32378890000001,38.5620154],[-123.323784,38.5621476],[-123.32375460000002,38.5623141],[-123.323752,38.5624884],[-123.32374479999999,38.5626178],[-123.323686,38.5627452],[-123.32366010000001,38.5628192],[-123.32361739999997,38.5629411],[-123.3236259,38.5630299],[-123.323637,38.5631468],[-123.3236651,38.5632591],[-123.323686,38.5633427],[-123.323722,38.5635106],[-123.3237542,38.5636891],[-123.3237742,38.5638423],[-123.3238427,38.5639696],[-123.3239969,38.5640249],[-123.3242888,38.5639591],[-123.32458709999999,38.5639525],[-123.3247505,38.5639785],[-123.324896,38.5640408],[-123.32503469999997,38.5640521],[-123.3251749,38.5640029],[-123.3254306,38.5639822],[-123.3256401,38.5640762],[-123.32573330000001,38.56426349999999],[-123.3257884,38.5643799],[-123.3263603,38.5645966],[-123.3265695,38.5647177],[-123.3269363,38.564996],[-123.32727720000001,38.5652685],[-123.32762620000001,38.5654408],[-123.3280494,38.5656997],[-123.3284267,38.5658463],[-123.3286493,38.5658192],[-123.32882679999999,38.5657533],[-123.32904119999998,38.5657488],[-123.3292206,38.5657916],[-123.3292785,38.5658727],[-123.3293186,38.5659288],[-123.3292402,38.5660659],[-123.3291125,38.5662192],[-123.32894630000001,38.5663985],[-123.32902469999998,38.56655569999999],[-123.3291494,38.5667272],[-123.3292759,38.5668408],[-123.3295537,38.5670455],[-123.3297496,38.5673002],[-123.3299262,38.5673708],[-123.3301414,38.5674569],[-123.330309,38.5675171],[-123.33058170000001,38.567483],[-123.3307073,38.5672828],[-123.33067039999999,38.5669475],[-123.33076829999999,38.5666145],[-123.331023,38.5664773],[-123.331454,38.5663206],[-123.33163039999998,38.5662422],[-123.3319046,38.5660463],[-123.332146,38.5658558],[-123.332503,38.5656933],[-123.3329184,38.5656874],[-123.33325850000001,38.5657315],[-123.3336486,38.5659759],[-123.3338521,38.5661838],[-123.3338873,38.5662953],[-123.3339352,38.566656],[-123.33400089999998,38.567163],[-123.3340793,38.5675941],[-123.3341381,38.5679663],[-123.33417750000001,38.5681712],[-123.334236,38.5684757],[-123.3343463,38.5685964],[-123.33444360000001,38.568703],[-123.33452979999998,38.5687974],[-123.33464749999997,38.5689263],[-123.3346666,38.5691114],[-123.3346822,38.5692623],[-123.33470619999999,38.5694944],[-123.3348004,38.5696766],[-123.33489130000001,38.5698523],[-123.33494080000001,38.5699479],[-123.33500009999999,38.5700626],[-123.3351182,38.5701638],[-123.3351867,38.5702225],[-123.33526660000001,38.570291],[-123.33540280000001,38.5704078],[-123.3355487,38.5705328],[-123.33565339999998,38.5706098],[-123.33576610000001,38.5706927],[-123.33590950000001,38.5707981],[-123.3360698,38.570916],[-123.3362148,38.5710226],[-123.3365755,38.5711088],[-123.3368657,38.5711782],[-123.337116,38.57123809999999],[-123.33728989999999,38.5713733],[-123.3375874,38.5716047],[-123.33782129999999,38.57178659999999],[-123.33803919999998,38.5720998],[-123.3381922,38.5723198],[-123.3383322,38.5725211],[-123.33847990000001,38.572804],[-123.338507,38.5729033],[-123.3383879,38.5731065],[-123.33827760000001,38.5732947],[-123.3381739,38.5734715],[-123.3382482,38.5737522],[-123.338288,38.5740308],[-123.3383502,38.5741643],[-123.3384721,38.5743124],[-123.33858,38.5744672],[-123.33869290000001,38.5746293],[-123.3388008,38.57478409999999],[-123.3390774,38.5750858],[-123.3392319,38.5752543],[-123.33930379999998,38.5757579],[-123.33932979999999,38.57594],[-123.33932979999999,38.5760023],[-123.339388,38.5762311],[-123.33944380000001,38.5764458],[-123.3394866,38.57672369999999],[-123.33949240000001,38.576979],[-123.3394974,38.577202],[-123.3395021,38.5774059],[-123.3395061,38.5775857],[-123.3394516,38.5777583],[-123.3393747,38.5780019],[-123.339271,38.5783302],[-123.33912760000001,38.5785262],[-123.33897719999999,38.5787318],[-123.3388868,38.5788854],[-123.3387813,38.5790649],[-123.3387041,38.5793075],[-123.3386441,38.5794959],[-123.33884,38.5798289],[-123.338889,38.5801228],[-123.33882039999999,38.5803873],[-123.33884,38.5806812],[-123.3387421,38.580975],[-123.3385364,38.5812199],[-123.3382719,38.5813669],[-123.3379584,38.5813375],[-123.337645,38.58124929999999],[-123.33743919999998,38.5812591],[-123.33718460000001,38.5813375],[-123.3366948,38.5814158],[-123.3361658,38.58124929999999],[-123.335841,38.5813747],[-123.33560740000001,38.5814648],[-123.3355095,38.581602],[-123.33532339999998,38.5820918],[-123.33536249999999,38.5824836],[-123.33549610000001,38.5826635],[-123.3356777,38.5826684],[-123.3358955,38.582594],[-123.33646949999998,38.5826109],[-123.33678289999999,38.5827677],[-123.337547,38.5831399],[-123.33807240000002,38.583211],[-123.33846519999999,38.5832438],[-123.3388792,38.5833162],[-123.3393592,38.5835513],[-123.33973139999998,38.5839138],[-123.3399274,38.5844427],[-123.3400253,38.5845309],[-123.3402114,38.5846386],[-123.3402702,38.5847562],[-123.34019180000001,38.5850795],[-123.3402016,38.5853146],[-123.3403192,38.5855007],[-123.3404367,38.5855888],[-123.3406327,38.5856378],[-123.3410002,38.5857813],[-123.3412103,38.5859763],[-123.34130709999998,38.5861053],[-123.3413869,38.5864509],[-123.341622,38.5867007],[-123.34183749999998,38.5868917],[-123.3421118,38.5869602],[-123.3424008,38.5869309],[-123.3426114,38.5868427],[-123.34276810000001,38.5868574],[-123.3428514,38.5869406],[-123.34288079999999,38.5870484],[-123.342822,38.5871366],[-123.34270450000001,38.5872541],[-123.3426682,38.5873206],[-123.3425771,38.5874598],[-123.3424987,38.5874598],[-123.3424204,38.5874304],[-123.34222449999999,38.5873913],[-123.342009,38.58745],[-123.3418986,38.5876507],[-123.3418997,38.5876822],[-123.34212540000001,38.587809],[-123.3422725,38.5878171],[-123.3423714,38.5878419],[-123.3424008,38.5879202],[-123.342391,38.5880672],[-123.3424302,38.5883904],[-123.3426457,38.5886647],[-123.3430277,38.5888312],[-123.3433216,38.5891251],[-123.3433755,38.5893161],[-123.3434342,38.5897422],[-123.34338040000002,38.5898451],[-123.34331669999997,38.5898843],[-123.3432089,38.5901634],[-123.34324319999997,38.5902467],[-123.3433118,38.59033],[-123.3433853,38.5903985],[-123.3435754,38.5904936],[-123.3439518,38.5906818],[-123.3450701,38.591241],[-123.34523670000002,38.5913487],[-123.3453395,38.5913977],[-123.3454718,38.5914271],[-123.34552559999999,38.5914908],[-123.34556970000001,38.5915642],[-123.34563339999998,38.5916132],[-123.3457264,38.5916769],[-123.3457754,38.5917455],[-123.3457754,38.5918385],[-123.34574109999998,38.5919512],[-123.3456824,38.5919953],[-123.34552590000001,38.5922541],[-123.3453983,38.592485],[-123.34545219999998,38.5925879],[-123.34556970000001,38.5927348],[-123.3457362,38.5928671],[-123.34598109999999,38.5929552],[-123.3461966,38.5930728],[-123.34650029999999,38.5932687],[-123.34671460000001,38.5934862],[-123.3476224,38.594275],[-123.3476847,38.5942917],[-123.3478957,38.59445],[-123.34839090000001,38.594787],[-123.3485182,38.5949242],[-123.3489223,38.5952621],[-123.3490594,38.5952891],[-123.34921620000001,38.5953625],[-123.34933369999997,38.5954874],[-123.3493591,38.5956012],[-123.34938519999999,38.5958327],[-123.3493643,38.5959956],[-123.3493386,38.596107],[-123.3492994,38.5962246],[-123.3492015,38.5964009],[-123.3491819,38.5965086],[-123.3492623,38.5966145],[-123.349368,38.5967535],[-123.34946260000001,38.5968391],[-123.3495737,38.5969397],[-123.3497305,38.5969984],[-123.34993619999999,38.597116],[-123.3502006,38.5971454],[-123.3503182,38.5971454],[-123.3504847,38.5972335],[-123.3506023,38.5973315],[-123.35081779999999,38.5973707],[-123.3510333,38.5973707],[-123.3512782,38.5971748],[-123.35144469999999,38.5970572],[-123.35157209999998,38.597018],[-123.35168960000001,38.5970572],[-123.3517386,38.5971552],[-123.351768,38.5972923],[-123.3518463,38.5973707],[-123.3521108,38.5975666],[-123.3522088,38.5977037],[-123.3523655,38.597978],[-123.35251239999998,38.598076],[-123.3526496,38.5980564],[-123.35279649999998,38.597978],[-123.353012,38.5980368],[-123.3531688,38.5981445],[-123.3532569,38.5982915],[-123.3533059,38.59839919999999],[-123.35341369999998,38.5984678],[-123.3535704,38.5985462],[-123.3538545,38.5985462],[-123.3541385,38.5984972],[-123.35437359999999,38.5984188],[-123.35476550000001,38.59836],[-123.3550006,38.5984776],[-123.3554316,38.5986147],[-123.3555273,38.5985988],[-123.35566670000001,38.5985755],[-123.3559605,38.5983796],[-123.3567442,38.5976939],[-123.35709689999999,38.5974784],[-123.357281,38.597417],[-123.35744950000002,38.5973609],[-123.3577182,38.5973737],[-123.3578609,38.5973805],[-123.3580234,38.5974318],[-123.35823319999999,38.597498],[-123.358407,38.5976501],[-123.3585466,38.5977723],[-123.358713,38.5978305],[-123.3588376,38.5978741],[-123.3589385,38.5979094],[-123.359081,38.5979909],[-123.35921270000001,38.5980662],[-123.35931210000001,38.5982097],[-123.35938910000002,38.5983209],[-123.3594641,38.5985245],[-123.3595262,38.5986931],[-123.3595919,38.5988359],[-123.3596976,38.5990653],[-123.3600552,38.599227],[-123.36047149999997,38.59932],[-123.3605939,38.5994621],[-123.36057430000001,38.5996335],[-123.3606919,38.5997461],[-123.3607654,38.5998588],[-123.3607752,38.5999812],[-123.360736,38.600138],[-123.36075559999998,38.6002555],[-123.3608731,38.6004318],[-123.360878,38.6005396],[-123.3608192,38.6006327],[-123.3607213,38.6007208],[-123.36070659999999,38.6007845],[-123.36071640000002,38.6008384],[-123.36086329999998,38.6009461],[-123.3609858,38.6009951],[-123.36117679999998,38.600951],[-123.36127959999999,38.6008286],[-123.36135309999999,38.6008237],[-123.3615735,38.600902],[-123.36164209999998,38.6009559],[-123.3618135,38.6010588],[-123.36198979999999,38.6011567],[-123.36224449999999,38.6011567],[-123.3625384,38.6012155],[-123.3626406,38.6013078],[-123.3628421,38.6014898],[-123.3629792,38.6016759],[-123.36322410000001,38.60194039999999],[-123.363518,38.6020873],[-123.36383139999998,38.6022049],[-123.36426240000002,38.6022147],[-123.36453669999999,38.6023126],[-123.3646445,38.6023812],[-123.3647522,38.6024204],[-123.3651049,38.6025183],[-123.36522509999998,38.6025756],[-123.36532659999999,38.6026239],[-123.3654114,38.6026643],[-123.36551630000001,38.6027142],[-123.3657122,38.6028514],[-123.3658396,38.6030179],[-123.366104,38.6030865],[-123.3663391,38.6032334],[-123.3665057,38.6033706],[-123.3666036,38.6035273],[-123.36683869999999,38.6037134],[-123.3673873,38.6038604],[-123.36773989999998,38.6039975],[-123.368073,38.6041542],[-123.3682355,38.6042227],[-123.3684452,38.604311],[-123.3685346,38.6043606],[-123.36877210000002,38.6045059],[-123.3689644,38.604644],[-123.3690558,38.6046636],[-123.36937579999999,38.6047322],[-123.369514,38.6048487],[-123.3696795,38.6049869],[-123.3697294,38.6051316],[-123.3697774,38.6052709],[-123.3698068,38.605506],[-123.36988520000001,38.6056334],[-123.37015949999999,38.6057607],[-123.3704044,38.6060056],[-123.37060029999998,38.6062015],[-123.3707717,38.6064268],[-123.37081089999998,38.6064709],[-123.3708648,38.6065787],[-123.3708942,38.6066962],[-123.3709431,38.6067697],[-123.3710509,38.6067893],[-123.3711537,38.6068138],[-123.3713105,38.6068627],[-123.37149660000001,38.606946],[-123.3716631,38.6070342],[-123.3717513,38.6072301],[-123.3716631,38.6073672],[-123.3714917,38.6074848],[-123.3713007,38.6076023],[-123.3710996,38.6076644],[-123.3710068,38.6076905],[-123.370904,38.6077052],[-123.3705883,38.6078549],[-123.37036010000001,38.6079631],[-123.3700468,38.6081117],[-123.36988520000001,38.6081705],[-123.3697579,38.6081607],[-123.36949340000001,38.60819989999999],[-123.3693366,38.6081754],[-123.3693024,38.6081558],[-123.3692142,38.6081411],[-123.36916520000001,38.6081656],[-123.3690722,38.6082488],[-123.36901339999999,38.6082782],[-123.36895949999997,38.6082733],[-123.3689154,38.6082537],[-123.36869989999998,38.6080921],[-123.36855790000001,38.6080137],[-123.36830320000001,38.6078962],[-123.3681318,38.6079648],[-123.3680093,38.608048],[-123.3679016,38.6080872],[-123.36776439999998,38.6080872],[-123.3676518,38.6080676],[-123.3675685,38.6079991],[-123.3673922,38.6079942],[-123.3671914,38.6080578],[-123.3668926,38.6082293],[-123.3667506,38.6083762],[-123.3666134,38.6086407],[-123.3666036,38.6088611],[-123.3667359,38.6090423],[-123.36676530000001,38.6094243],[-123.36691219999999,38.6095517],[-123.36708849999998,38.6097084],[-123.36719629999999,38.6098358],[-123.36727459999999,38.6099533],[-123.36727459999999,38.6101002],[-123.3672844,38.6102178],[-123.367353,38.6103647],[-123.36741180000001,38.6105215],[-123.36741180000001,38.610639],[-123.3673236,38.6107566],[-123.3671767,38.6108447],[-123.3670493,38.6109525],[-123.3667946,38.6110994],[-123.36666729999997,38.6113345],[-123.3666085,38.6115696],[-123.3665693,38.6116676],[-123.3665008,38.6117263],[-123.3663832,38.61174589999999],[-123.3662461,38.6117949],[-123.36622649999998,38.61192219999999],[-123.3661383,38.6121182],[-123.3661677,38.6124806],[-123.3662167,38.6126177],[-123.3663891,38.6129072],[-123.3665198,38.6130925],[-123.3666722,38.6132741],[-123.3667555,38.6133475],[-123.36682889999999,38.6134553],[-123.36684360000001,38.6135385],[-123.366873,38.6136169],[-123.3669661,38.6136757],[-123.3671914,38.6137687],[-123.3673971,38.6138814],[-123.3676469,38.613994],[-123.3678575,38.6140332],[-123.3680066,38.6140449],[-123.36817090000001,38.6140577],[-123.3684452,38.6141165],[-123.3687244,38.6141851],[-123.3689642,38.6142337],[-123.3691064,38.6142585],[-123.3692024,38.6142954],[-123.369513,38.61443],[-123.3696893,38.6145524],[-123.369989,38.614827],[-123.370037,38.6148708],[-123.3702134,38.6149638],[-123.3703652,38.6150079],[-123.3704876,38.6150422],[-123.370615,38.6150667],[-123.370806,38.6151255],[-123.3709333,38.6151842],[-123.3711293,38.6151695],[-123.3713888,38.6151646],[-123.371619,38.6152038],[-123.371815,38.6152626],[-123.3721105,38.6153808],[-123.37243210000001,38.6155173],[-123.3729341,38.6158112],[-123.37337930000001,38.6160394],[-123.373588,38.6161295],[-123.3737055,38.616132],[-123.37386470000001,38.6161271],[-123.3739798,38.6160977],[-123.3741561,38.6160707],[-123.3743814,38.6160952],[-123.3744843,38.6161491],[-123.3745872,38.6163401],[-123.37478549999999,38.6165091],[-123.37479039999998,38.6165777],[-123.37472179999999,38.6166756],[-123.3746337,38.6167491],[-123.3745504,38.6168373],[-123.3745504,38.6169156],[-123.3745945,38.6169891],[-123.37464840000001,38.6170381],[-123.3748149,38.6170822],[-123.37489329999998,38.6171507],[-123.3749618,38.6172879],[-123.37503039999999,38.6173417],[-123.37515289999997,38.6174054],[-123.37524750000001,38.6174433],[-123.3756084,38.6175964],[-123.3757112,38.6177042],[-123.37585329999999,38.618003],[-123.375961,38.6181744],[-123.3761912,38.6183899],[-123.3762549,38.6184585],[-123.37633810000001,38.6185123],[-123.3763765,38.6185214],[-123.3764214,38.6185319],[-123.3765194,38.6185711],[-123.3765243,38.6186299],[-123.3764998,38.6186936],[-123.37647290000001,38.6187177],[-123.3764508,38.6187376],[-123.3764557,38.6187817],[-123.37649,38.6188258],[-123.3765488,38.6188797],[-123.37664179999999,38.618958],[-123.3767741,38.6190266],[-123.3768867,38.6190609],[-123.3769798,38.6190952],[-123.3770385,38.6191344],[-123.3770336,38.6192862],[-123.3770043,38.6194331],[-123.377063,38.6195507],[-123.377112,38.6196291],[-123.37721,38.6197368],[-123.3773863,38.6198739],[-123.3774843,38.6199719],[-123.3775332,38.6200992],[-123.377543,38.6202266],[-123.37755279999998,38.6203246],[-123.3776018,38.6203931],[-123.3777193,38.6204519],[-123.3778761,38.6205107],[-123.3780524,38.6205694],[-123.3781895,38.6205988],[-123.3783659,38.6206478],[-123.3786108,38.6207947],[-123.3787577,38.6208927],[-123.37868909999999,38.6210984],[-123.3787381,38.6212747],[-123.3787773,38.6214609],[-123.37879689999998,38.6216176],[-123.37884589999997,38.6217253],[-123.378934,38.6218233],[-123.3789928,38.6219213],[-123.3790712,38.6220486],[-123.3792475,38.6221955],[-123.379365,38.6222837],[-123.3794238,38.6223719],[-123.37958049999999,38.6224992],[-123.3797667,38.6225776],[-123.3799247,38.6225776],[-123.379992,38.6225776],[-123.3800166,38.622583],[-123.3802173,38.6226266],[-123.380325,38.6227441],[-123.3803544,38.6228421],[-123.380325,38.6230674],[-123.380276,38.6232633],[-123.3802858,38.6233612],[-123.38038379999998,38.6234396],[-123.3805405,38.6234788],[-123.3808246,38.623518],[-123.380903,38.6236159],[-123.3808932,38.6237531],[-123.3808344,38.6239196],[-123.38073639999999,38.6240567],[-123.38076919999999,38.6242944],[-123.3808113,38.624427],[-123.38089259999998,38.624606],[-123.3809617,38.6247718],[-123.3810768,38.6249775],[-123.38112089999998,38.6250363],[-123.381263,38.6251],[-123.3813707,38.6251441],[-123.3815372,38.625149],[-123.3816793,38.6251588],[-123.38177229999998,38.6251098],[-123.3818605,38.6250412],[-123.3819389,38.6250314],[-123.3819829,38.6250804],[-123.38199270000001,38.6251245],[-123.38194379999999,38.6252224],[-123.3819351,38.6252612],[-123.3819046,38.6253987],[-123.381934,38.6255653],[-123.38199270000001,38.62571219999999],[-123.3820809,38.6257906],[-123.38252169999998,38.6259473],[-123.382845,38.6259865],[-123.3829962,38.6259697],[-123.38319759999999,38.6259473],[-123.3835503,38.6260257],[-123.38392250000001,38.6261628],[-123.384138,38.6262216],[-123.3844711,38.626731],[-123.3846866,38.6268877],[-123.38484329999999,38.6273383],[-123.3850784,38.6274559],[-123.3854702,38.6274363],[-123.38582289999998,38.6274754],[-123.3860776,38.6275734],[-123.3860972,38.6277497],[-123.3861363,38.6278869],[-123.3863127,38.6278869],[-123.38640079999998,38.6281073],[-123.386181,38.6286081],[-123.38618040000001,38.6288566],[-123.3863029,38.6289693],[-123.38660650000001,38.6290281],[-123.3869494,38.6289252],[-123.38707669999998,38.6286509],[-123.3872922,38.6285334],[-123.3875665,38.6285726],[-123.38772329999998,38.6287489],[-123.38788,38.6289644],[-123.3879028,38.6290405],[-123.3879388,38.6291603],[-123.387963,38.6292088],[-123.3880479,38.6292563],[-123.388213,38.6292975],[-123.38833059999999,38.629317],[-123.3885265,38.6294542],[-123.3888792,38.6295717],[-123.3890163,38.6296599],[-123.389271,38.6296599],[-123.3894179,38.6296795],[-123.3896334,38.6297089],[-123.389702,38.6297774],[-123.38954529999998,38.629993],[-123.38946689999999,38.6301007],[-123.3892514,38.6301987],[-123.38910449999999,38.6302476],[-123.38897709999998,38.6303554],[-123.3889477,38.6304631],[-123.3889477,38.6306101],[-123.3889183,38.6308256],[-123.388693,38.6310019],[-123.3885559,38.6309627],[-123.3884481,38.6308354],[-123.38825219999998,38.6306493],[-123.38811509999998,38.6305611],[-123.3879486,38.6305611],[-123.387782,38.6305905],[-123.3875959,38.630708],[-123.3874784,38.6308256],[-123.3873804,38.6309138],[-123.3873118,38.6310607],[-123.3872726,38.6311978],[-123.3872237,38.6312664],[-123.3871355,38.6313644],[-123.38717469999999,38.6318248],[-123.3873314,38.632099],[-123.3877135,38.6325986],[-123.38788,38.6327651],[-123.3879416,38.6328377],[-123.3880465,38.6329611],[-123.3882032,38.6330884],[-123.388311,38.6331766],[-123.3883502,38.6332745],[-123.3887224,38.6337006],[-123.388933,38.6340288],[-123.38893789999999,38.6341366],[-123.3889918,38.6343325],[-123.3892024,38.6345039],[-123.38929059999998,38.6345431],[-123.3894179,38.6346067],[-123.38954040000002,38.634739],[-123.3895741,38.6348331],[-123.3896138,38.6349447],[-123.3896236,38.6350769],[-123.3896285,38.6351749],[-123.3897069,38.6352827],[-123.3898097,38.6353757],[-123.38991259999997,38.6355398],[-123.3899567,38.6356426],[-123.3901085,38.6357994],[-123.3904259,38.6359871],[-123.3906588,38.6361248],[-123.3909656,38.6362696],[-123.391093,38.6362875],[-123.39122029999999,38.6363039],[-123.3912604,38.6362958],[-123.3914162,38.6362647],[-123.3915828,38.6362206],[-123.39170030000001,38.6362206],[-123.3918277,38.6361863],[-123.3919893,38.6361765],[-123.3921509,38.6362157],[-123.39229789999999,38.6362353],[-123.39243989999999,38.636299],[-123.3924546,38.636441],[-123.3924595,38.6365194],[-123.3925281,38.6365439],[-123.39266029999999,38.6365341],[-123.3927926,38.6365047],[-123.3928709,38.6365292],[-123.39288660000001,38.6365627],[-123.3929444,38.6366859],[-123.39297879999998,38.6367586],[-123.39309129999998,38.6368132],[-123.39326760000002,38.6368622],[-123.3934832,38.6369259],[-123.3935909,38.63697],[-123.39379659999999,38.6370092],[-123.3939729,38.6370777],[-123.3941835,38.6371757],[-123.39453130000001,38.6372492],[-123.3946146,38.6373324],[-123.3946733,38.6374696],[-123.3947664,38.6375773],[-123.394928,38.6375822],[-123.3950358,38.6377879],[-123.39485459999997,38.63801809999999],[-123.3946391,38.6380818],[-123.39440889999999,38.638072],[-123.3942178,38.638023],[-123.39370849999997,38.6380916],[-123.3935174,38.6381504],[-123.3933509,38.6382434],[-123.3933068,38.638454],[-123.39327249999998,38.6387381],[-123.39323340000001,38.6389536],[-123.3933803,38.6393895],[-123.3936546,38.6400067],[-123.3938554,38.6402173],[-123.3943942,38.6406091],[-123.39453370000001,38.6407144],[-123.3946072,38.640827],[-123.39469779999999,38.6409397],[-123.3948423,38.6409813],[-123.39508269999999,38.6410039],[-123.3953443,38.641045],[-123.395435,38.6410915],[-123.3955231,38.6411577],[-123.395577,38.6413046],[-123.39570920000001,38.641427],[-123.395866,38.6415593],[-123.3959884,38.6417062],[-123.3959982,38.6418336],[-123.3960472,38.64190209999999],[-123.3961383,38.6419203],[-123.39626759999999,38.6419462],[-123.3964769,38.6420744],[-123.3965968,38.6421347],[-123.3967685,38.642221],[-123.3968749,38.6422842],[-123.3969337,38.64242619999999],[-123.3968994,38.6425144],[-123.3968504,38.6425976],[-123.3968749,38.642627],[-123.3970464,38.642676],[-123.39732060000001,38.642774],[-123.3974774,38.6428474],[-123.39756550000001,38.6429601],[-123.3976929,38.643058],[-123.3979378,38.64313639999999],[-123.3988047,38.6433617],[-123.3988782,38.643445],[-123.3989418,38.6435821],[-123.39897119999998,38.6437486],[-123.3989173,38.6441845],[-123.3992014,38.6443266],[-123.3994855,38.6446009],[-123.39989689999999,38.6446156],[-123.4001075,38.6445764],[-123.4002985,38.6445078],[-123.40039650000001,38.6445372],[-123.40043569999999,38.6446058],[-123.4003769,38.6447135],[-123.40026049999999,38.64477749999999],[-123.400181,38.6448213],[-123.4001222,38.644929],[-123.4000882,38.6449655],[-123.3999851,38.645076],[-123.40002569999999,38.6451094],[-123.4000536,38.6451347],[-123.400132,38.6451935],[-123.40014180000001,38.6452719],[-123.4000634,38.6453208],[-123.39985769999998,38.6453992],[-123.3996814,38.6454874],[-123.399603,38.6456735],[-123.39961280000001,38.6458008],[-123.3997108,38.6458988],[-123.39988709999999,38.6460261],[-123.40003410000001,38.6460947],[-123.4001026,38.6462123],[-123.40022019999998,38.6463004],[-123.4004063,38.64640819999999],[-123.4006708,38.6464865],[-123.40100379999998,38.6465551],[-123.40118020000001,38.6465551],[-123.4012291,38.6466139],[-123.40118520000001,38.6466724],[-123.401141,38.6467314],[-123.4007394,38.6467314],[-123.4001614,38.646702],[-123.39978920000001,38.6466825],[-123.3993386,38.6466629],[-123.3990153,38.646702],[-123.3988978,38.6468],[-123.3987606,38.6469371],[-123.3986529,38.6469665],[-123.39850589999998,38.6469567],[-123.3982708,38.6468882],[-123.3980455,38.6469371],[-123.39784960000001,38.6470547],[-123.39777850000002,38.6471377],[-123.3977321,38.6472385],[-123.3977715,38.6473981],[-123.397928,38.64755429999999],[-123.39815139999999,38.6478976],[-123.3983051,38.6480588],[-123.3984618,38.6481322],[-123.3987312,38.6481714],[-123.3989026,38.6481567],[-123.39910349999998,38.6481028],[-123.39919820000001,38.6480987],[-123.3992937,38.6481054],[-123.39949529999998,38.6481224],[-123.399652,38.6481665],[-123.3996912,38.6482449],[-123.399701,38.648333],[-123.39967649999998,38.6484506],[-123.3997206,38.6485192],[-123.3999459,38.6486171],[-123.40014180000001,38.6486122],[-123.4002104,38.6486514],[-123.40018590000001,38.6487934],[-123.4000585,38.6489306],[-123.39999239999999,38.6492171],[-123.39981859999999,38.6493812],[-123.3997622,38.6494571],[-123.3996888,38.6495208],[-123.3996226,38.6496016],[-123.39960059999999,38.6496775],[-123.3996275,38.6497926],[-123.3996618,38.6498073],[-123.399799,38.6497853],[-123.399958,38.6497975],[-123.4002029,38.6498808],[-123.40046739999998,38.6499836],[-123.4006535,38.6499836],[-123.4009523,38.6499738],[-123.4012902,38.6498661],[-123.4015988,38.6497828],[-123.40154980000001,38.64949869999999],[-123.40187309999999,38.6493469],[-123.402211,38.6494253],[-123.4024265,38.6494644],[-123.402789,38.6494057],[-123.40284279999999,38.6495183],[-123.4028869,38.64968],[-123.4029702,38.6497387],[-123.40293589999999,38.6498955],[-123.4028722,38.6499151],[-123.40270079999998,38.6499542],[-123.4026126,38.6500032],[-123.402593,38.6501012],[-123.402593,38.6501501],[-123.40262729999998,38.6501991],[-123.40269590000001,38.650253],[-123.4027057,38.6503118],[-123.4026665,38.6503852],[-123.40247059999999,38.6504538],[-123.40241180000001,38.6505175],[-123.40239709999999,38.6505861],[-123.40241180000001,38.6506595],[-123.4024657,38.6507526],[-123.4025539,38.6508407],[-123.4027057,38.6510269],[-123.4027792,38.6510367],[-123.4028575,38.6510269],[-123.4029555,38.6509436],[-123.4030534,38.6508701],[-123.4031367,38.6508897],[-123.4031759,38.6509289],[-123.4031759,38.6510269],[-123.4031759,38.6510905],[-123.40319059999999,38.651164],[-123.40322489999998,38.6512522],[-123.4033277,38.6512522],[-123.40346,38.6512032],[-123.4037147,38.6511052],[-123.4038175,38.6511052],[-123.40404420000002,38.6511973],[-123.4041849,38.6512522],[-123.40426809999998,38.6513256],[-123.40426809999998,38.6513795],[-123.40420680000001,38.6514433],[-123.4041457,38.6515069],[-123.4039204,38.6516979],[-123.40390079999999,38.6517567],[-123.4039572,38.6518252],[-123.4040379,38.6519232],[-123.40408689999998,38.6521093],[-123.4041751,38.6523346],[-123.4041751,38.6524913],[-123.4041751,38.6526285],[-123.4042436,38.652697],[-123.404704,38.6528342],[-123.40504689999999,38.6529125],[-123.4051742,38.6530105],[-123.40534069999998,38.6531672],[-123.4054387,38.6532554],[-123.4054681,38.6533729],[-123.4055465,38.6534709],[-123.40577179999998,38.6535003],[-123.4059873,38.6535395],[-123.406242,38.6536276],[-123.4063345,38.6537561],[-123.40641830000001,38.6538725],[-123.4064652,38.6540086],[-123.4065162,38.6541566],[-123.4065934,38.6542882],[-123.4066828,38.6544407],[-123.40681010000002,38.6545778],[-123.40694729999998,38.6546464],[-123.4069962,38.6548717],[-123.40694729999998,38.6550872],[-123.4068493,38.6552782],[-123.4068787,38.6554252],[-123.4069424,38.6555133],[-123.4069766,38.6556162],[-123.4069326,38.6557141],[-123.40674149999998,38.6557925],[-123.4065505,38.6558807],[-123.4063938,38.6559003],[-123.4061048,38.6559051],[-123.40577669999998,38.6559884],[-123.40540929999999,38.6560766],[-123.40534069999998,38.6562431],[-123.4053212,38.6564292],[-123.40538479999998,38.6566006],[-123.4054436,38.6566937],[-123.4054755,38.6567575],[-123.405522,38.6568504],[-123.4056297,38.65692879999999],[-123.40569829999998,38.6570072],[-123.4058207,38.6570659],[-123.4059138,38.657061],[-123.4059873,38.6570855],[-123.4061203,38.6571894],[-123.4061881,38.6572423],[-123.4062664,38.6572521],[-123.4063252,38.6573157],[-123.4064281,38.6573843],[-123.4065407,38.6574627],[-123.4066485,38.6575361],[-123.4067219,38.6575949],[-123.406766,38.6576782],[-123.406815,38.6577467],[-123.4069815,38.6578643],[-123.4070403,38.6579623],[-123.4071187,38.6581092],[-123.4071921,38.6581533],[-123.4073636,38.6582414],[-123.407437,38.65831],[-123.4076281,38.6584912],[-123.40774560000001,38.6586529],[-123.40784850000001,38.6587165],[-123.40788759999998,38.6588243],[-123.407969,38.6588611],[-123.4080493,38.6589026],[-123.4081129,38.6589516],[-123.4081619,38.6590692],[-123.4081766,38.6591965],[-123.4082354,38.6592847],[-123.4082942,38.6593484],[-123.4083676,38.6593777],[-123.40846560000001,38.6593924],[-123.4086615,38.6593728],[-123.4088378,38.6592455],[-123.4089015,38.65927],[-123.4089358,38.659319],[-123.40896520000001,38.6594169],[-123.4090533,38.6594953],[-123.40910719999998,38.6595932],[-123.40904350000001,38.6596373],[-123.40868110000001,38.6597549],[-123.4086566,38.6598088],[-123.4086566,38.6599165],[-123.4086272,38.6601369],[-123.40860269999999,38.66023],[-123.40861579999998,38.66030089999999],[-123.4086468,38.66047],[-123.4087938,38.6606953],[-123.40892110000001,38.66117529999999],[-123.4089701,38.6614691],[-123.4091856,38.6618903],[-123.4093227,38.6620569],[-123.4093227,38.6623899],[-123.40945989999999,38.6625858],[-123.4096068,38.6627132],[-123.4098027,38.6627916],[-123.4100084,38.6627818],[-123.4102043,38.6627524],[-123.4102631,38.6628111],[-123.410432,38.6630272],[-123.4105711,38.6631842],[-123.41089980000001,38.6634773],[-123.4111251,38.6635262],[-123.4116345,38.6639866],[-123.4116737,38.6641238],[-123.41173,38.6642064],[-123.41182059999998,38.6643393],[-123.411948,38.6644568],[-123.4120263,38.66460379999999],[-123.4120851,38.6647801],[-123.4122712,38.6648781],[-123.4123877,38.6649229],[-123.4125259,38.664976],[-123.4126239,38.6650544],[-123.41274319999998,38.665273],[-123.41284840000002,38.6654486],[-123.4128811,38.6654805],[-123.41294710000001,38.6655246],[-123.4129895,38.6655441],[-123.4130745,38.6655638],[-123.41325079999999,38.6655931],[-123.41339780000001,38.6656323],[-123.4136133,38.6657695],[-123.4139659,38.6660731],[-123.4141716,38.6661417],[-123.4143283,38.6661025],[-123.41451450000001,38.6661417],[-123.414583,38.6662984],[-123.4145341,38.6664552],[-123.41454389999998,38.6665629],[-123.414583,38.6666217],[-123.41455359999998,38.666847],[-123.4145732,38.6669548],[-123.4147104,38.6670723],[-123.4148573,38.6671801],[-123.41498310000001,38.6673109],[-123.4151022,38.6674347],[-123.41519040000001,38.6675621],[-123.4151587,38.6676993],[-123.4151316,38.6678168],[-123.4150238,38.6679147],[-123.4149945,38.6680127],[-123.4150238,38.6681009],[-123.415063,38.6682086],[-123.4150324,38.6683005],[-123.4149994,38.6683996],[-123.4149994,38.6684731],[-123.4149994,38.6685759],[-123.4149553,38.6686592],[-123.41486219999999,38.668669],[-123.4147838,38.6686886],[-123.41475449999999,38.6687376],[-123.4147741,38.6688159],[-123.4148181,38.6689041],[-123.4149014,38.6690217],[-123.4150238,38.6691245],[-123.4151192,38.6691466],[-123.41529810000002,38.6691882],[-123.4154696,38.6692225],[-123.4155577,38.6692616],[-123.41566549999997,38.6693498],[-123.415734,38.6694331],[-123.41575359999999,38.6695065],[-123.4157438,38.6696633],[-123.41583689999999,38.6697367],[-123.4159397,38.6697808],[-123.4160328,38.669918],[-123.416121,38.6700747],[-123.416214,38.6702069],[-123.4160916,38.6702902],[-123.4159985,38.6704714],[-123.41600829999999,38.6705645],[-123.4161699,38.6707016],[-123.41636589999999,38.6707947],[-123.41662540000002,38.670873],[-123.416792,38.6709661],[-123.4169389,38.67107389999999],[-123.4171152,38.6711669],[-123.4172867,38.6712306],[-123.4174434,38.6713481],[-123.417512,38.6714951],[-123.4175328,38.6715273],[-123.41761969999999,38.6716616],[-123.41773730000001,38.6717596],[-123.41773730000001,38.6719163],[-123.41773730000001,38.672024],[-123.4177764,38.6720828],[-123.4179528,38.6721318],[-123.4183936,38.6724453],[-123.4186984,38.6725781],[-123.41884789999999,38.6726986],[-123.4189813,38.6727293],[-123.4190989,38.6728077],[-123.4191087,38.6729546],[-123.4190891,38.673082],[-123.4191185,38.6731506],[-123.4192556,38.6731995],[-123.4194417,38.6733269],[-123.4194123,38.6735718],[-123.419383,38.6736991],[-123.41924580000001,38.6738167],[-123.4191674,38.673944],[-123.4191576,38.6741203],[-123.4191968,38.674375],[-123.4193242,38.6745709],[-123.4194515,38.6746689],[-123.41977969999998,38.6747473],[-123.4199658,38.6747816],[-123.4201323,38.6748158],[-123.42035759999997,38.6748452],[-123.42073969999998,38.6748648],[-123.4209462,38.67491],[-123.4210531,38.6749334],[-123.4212637,38.6749628],[-123.42143030000001,38.6749628],[-123.4217927,38.674953],[-123.42209639999999,38.6749579],[-123.4223674,38.6750102],[-123.4227674,38.6750999],[-123.42285549999998,38.6751538],[-123.42288489999999,38.6752322],[-123.4228408,38.6753203],[-123.4227919,38.6753938],[-123.4228017,38.6754673],[-123.42295839999998,38.6754868],[-123.42312519999999,38.6755071],[-123.4232817,38.675526],[-123.42338950000001,38.675544],[-123.42357550000001,38.675575],[-123.4237323,38.675624],[-123.4238694,38.675624],[-123.4240555,38.6755358],[-123.4241927,38.6755554],[-123.42432,38.6756142],[-123.42446690000001,38.6758101],[-123.42447139999999,38.67612],[-123.42446690000001,38.6762215],[-123.4244487,38.6762919],[-123.4244299,38.6763644],[-123.42439840000002,38.676486],[-123.42435920000001,38.6765742],[-123.42440819999997,38.6766917],[-123.42454529999998,38.6766917],[-123.4246237,38.6767603],[-123.4247103,38.6767809],[-123.42482939999998,38.6768093],[-123.42493709999998,38.6766819],[-123.42503509999999,38.6766623],[-123.42514289999998,38.6767015],[-123.4252016,38.6767799],[-123.4253192,38.6768093],[-123.42547250000001,38.6767837],[-123.4256296,38.6767701],[-123.42581879999999,38.6767407],[-123.42597549999998,38.6767407],[-123.42604410000001,38.6767897],[-123.426142,38.6769366],[-123.42626940000001,38.6771521],[-123.4262987,38.6772501],[-123.42624,38.677348],[-123.42604410000001,38.677544],[-123.42604410000001,38.6776321],[-123.4260637,38.6777105],[-123.4261028,38.6777497],[-123.4262302,38.6777595],[-123.42643590000002,38.6777301],[-123.426573,38.677544],[-123.42668079999999,38.6774754],[-123.4268277,38.6775244],[-123.4269257,38.6776027],[-123.4268963,38.6777497],[-123.42679830000002,38.677926],[-123.42680809999997,38.6780337],[-123.42690610000001,38.6780827],[-123.4270334,38.6781121],[-123.42726850000001,38.6781121],[-123.4274742,38.6780925],[-123.4275722,38.6780533],[-123.427631,38.6779064],[-123.4276506,38.6777888],[-123.4277387,38.6777595],[-123.42782689999999,38.6777595],[-123.42793459999999,38.6777007],[-123.42822849999999,38.6777203],[-123.4284244,38.677828],[-123.4284636,38.6779358],[-123.4282873,38.6779456],[-123.42808159999998,38.6779554],[-123.427964,38.6779946],[-123.42793459999999,38.6780729],[-123.42794440000002,38.6781611],[-123.4280767,38.6782884],[-123.428204,38.6784158],[-123.42829219999999,38.6784696],[-123.4283608,38.6784696],[-123.428444,38.6784256],[-123.42854690000001,38.6784501],[-123.4287477,38.6784354],[-123.4289044,38.6784354],[-123.4289877,38.6784501],[-123.42908069999999,38.6785088],[-123.42912480000001,38.6785921],[-123.4291787,38.678646],[-123.4292326,38.6786754],[-123.4293501,38.6787096],[-123.42943829999999,38.6787096],[-123.4294922,38.6786509],[-123.4295999,38.6786411],[-123.42966849999998,38.6786607],[-123.4296832,38.6787145],[-123.4296391,38.6788762],[-123.4294236,38.6790819],[-123.4294285,38.67917],[-123.4294971,38.679219],[-123.42959010000001,38.6792386],[-123.42972239999999,38.6792386],[-123.4297811,38.67940019999999],[-123.429786,38.6794982],[-123.4298252,38.679699],[-123.4299526,38.679846],[-123.4301436,38.679939],[-123.4304081,38.68000269999999],[-123.430653,38.6800174],[-123.430844,38.6799782],[-123.43097619999999,38.6798557],[-123.43099090000001,38.6797137],[-123.430986,38.6793833],[-123.4310448,38.6790378],[-123.43115739999999,38.6789252],[-123.4314513,38.6787733],[-123.4317844,38.678695],[-123.4320831,38.6787488],[-123.432235,38.6787586],[-123.43231820000001,38.6788713],[-123.4322301,38.6790672],[-123.43209779999998,38.6791602],[-123.4319705,38.6791896],[-123.4318235,38.6792386],[-123.43181380000001,38.6793023],[-123.4318284,38.6794198],[-123.4317599,38.67947859999999],[-123.4317207,38.6795472],[-123.4317599,38.6796255],[-123.4318627,38.679699],[-123.4318725,38.6797529],[-123.4317844,38.6797725],[-123.431657,38.6798655],[-123.4316619,38.6799929],[-123.4317207,38.680081],[-123.4317452,38.6802035],[-123.431712,38.6802746],[-123.43167659999997,38.6803504],[-123.4315738,38.6804092],[-123.4314415,38.6804631],[-123.4313778,38.6805023],[-123.4313583,38.68053169999999],[-123.431368,38.6805904],[-123.4313974,38.6806345],[-123.431466,38.6806786],[-123.43163380000001,38.6807625],[-123.43202439999999,38.6809578],[-123.43221050000001,38.6809578],[-123.43235249999998,38.6808255],[-123.4325386,38.6805561],[-123.4326219,38.6805366],[-123.4326905,38.6805708],[-123.43273459999999,38.6806884],[-123.4327297,38.6807325],[-123.43274919999998,38.6807765],[-123.4328521,38.6808131],[-123.4329452,38.6809039],[-123.4329305,38.6810019],[-123.43289619999997,38.6810655],[-123.4329109,38.6811341],[-123.4330002,38.6811881],[-123.4331215,38.6812614],[-123.4333713,38.6813349],[-123.4335182,38.6813349],[-123.43360149999998,38.6813251],[-123.43364070000001,38.6813447],[-123.4336554,38.6813888],[-123.43359660000002,38.6814769],[-123.43359660000002,38.6815406],[-123.43362529999999,38.681555],[-123.43371409999999,38.68157],[-123.43370919999998,38.6816288],[-123.4336798,38.6816973],[-123.4336456,38.6817561],[-123.4336554,38.6818296],[-123.43370919999998,38.6818394],[-123.4338562,38.6817806],[-123.4342088,38.6815357],[-123.4343411,38.681521],[-123.4346251,38.6816386],[-123.4347672,38.6817414],[-123.43487,38.6818247],[-123.4349092,38.6819422],[-123.4347819,38.6821724],[-123.43464469999998,38.6823782],[-123.43450270000001,38.6823977],[-123.43438509999999,38.6823096],[-123.43435090000001,38.6821626],[-123.43417939999998,38.6821969],[-123.43407169999998,38.6823292],[-123.43390020000001,38.6823243],[-123.43371409999999,38.6822312],[-123.4334888,38.6821822],[-123.43331739999998,38.6821969],[-123.43300389999997,38.6822851],[-123.4327786,38.6823194],[-123.43209779999998,38.6826916],[-123.4318284,38.6833283],[-123.4316619,38.6840091],[-123.4318284,38.6851748],[-123.431918,38.6859053],[-123.4320342,38.6865462],[-123.43212229999999,38.6869995],[-123.43212229999999,38.6872026],[-123.43223990000001,38.6876825],[-123.43231820000001,38.6877609],[-123.4323574,38.6878491],[-123.43236170000002,38.6879341],[-123.4323672,38.688045],[-123.432426,38.6882017],[-123.432475,38.6883878],[-123.43245539999998,38.6886131],[-123.43249460000001,38.6887013],[-123.43257290000001,38.6887797],[-123.4326611,38.6889168],[-123.4327297,38.6891127],[-123.4330235,38.6893282],[-123.4330921,38.689436],[-123.4331858,38.6895156],[-123.433288,38.6896025],[-123.43333890000001,38.6896195],[-123.43346049999998,38.68966],[-123.4335525,38.6896907],[-123.43370919999998,38.6896417],[-123.433793,38.689605],[-123.433866,38.6895731],[-123.4339247,38.6895731],[-123.43399329999998,38.6896417],[-123.43404229999997,38.6897592],[-123.4340618,38.6897833],[-123.43412029999998,38.6898261],[-123.4341696,38.6898621],[-123.4343019,38.6898915],[-123.43442429999999,38.6899062],[-123.4344929,38.6899748],[-123.43457129999999,38.69008249999999],[-123.4346594,38.6901119],[-123.4349925,38.6901119],[-123.4351443,38.6901413],[-123.4352227,38.6902588],[-123.4352814,38.6904205],[-123.4353549,38.6905086],[-123.43543330000001,38.6905037],[-123.43563409999999,38.6905037],[-123.4358006,38.6905429],[-123.43588880000001,38.6905723],[-123.4360357,38.6906507],[-123.4361386,38.6906947],[-123.4362561,38.6906898],[-123.43641569999998,38.6905613],[-123.4365206,38.6904841],[-123.4366724,38.6904352],[-123.43672629999998,38.69043029999999],[-123.4368341,38.6905184],[-123.43686350000002,38.6906654],[-123.4369124,38.6907535],[-123.4370202,38.6907633],[-123.4371769,38.690729],[-123.43724549999999,38.6907633],[-123.4372945,38.690827],[-123.4373092,38.6908956],[-123.4372847,38.6909347],[-123.43715730000001,38.6909347],[-123.43693909999999,38.690958],[-123.4367312,38.6910131],[-123.43654020000001,38.6910915],[-123.4364569,38.6912041],[-123.43647650000001,38.6913364],[-123.43655,38.69140489999999],[-123.4366333,38.6915225],[-123.4366724,38.6916106],[-123.436648,38.6916743],[-123.4365598,38.691738],[-123.4365206,38.6918947],[-123.43643240000002,38.6919682],[-123.4364129,38.692027],[-123.436452,38.6920955],[-123.436501,38.6922131],[-123.43654020000001,38.6923698],[-123.4366529,38.6924531],[-123.4367753,38.6925167],[-123.4369173,38.6925902],[-123.43703,38.6927127],[-123.4372112,38.6928008],[-123.4373079,38.6928248],[-123.4374034,38.6928311],[-123.4374666,38.6928127],[-123.43750029999998,38.6928021],[-123.43754430000001,38.6928106],[-123.4375521,38.692841],[-123.4375247,38.6928988],[-123.4374855,38.6929723],[-123.4374512,38.693031],[-123.4374022,38.6930947],[-123.4374022,38.6931388],[-123.43742669999999,38.693175],[-123.43746030000001,38.6931972],[-123.4374855,38.6932122],[-123.4375981,38.6932318],[-123.4377108,38.6933298],[-123.4377807,38.6935],[-123.4379957,38.6936694],[-123.4380732,38.693702],[-123.4381908,38.6937951],[-123.4383593,38.6939596],[-123.4386414,38.6940596],[-123.4391508,38.6940302],[-123.4395034,38.6940939],[-123.4396993,38.6943045],[-123.439763,38.6945053],[-123.43968950000001,38.6947453],[-123.439425,38.6947649],[-123.439332,38.6949461],[-123.43919480000001,38.6953379],[-123.4392193,38.696053],[-123.4394201,38.6967632],[-123.43979239999999,38.6971256],[-123.44000789999998,38.6973167],[-123.4403948,38.6974734],[-123.4407181,38.6976154],[-123.4408846,38.6977379],[-123.4408307,38.697826],[-123.44062989999998,38.697924],[-123.4403801,38.6981493],[-123.4404034,38.6984297],[-123.44039849999999,38.6984762],[-123.44037159999998,38.6985228],[-123.44037519999998,38.6985546],[-123.44039609999999,38.6985681],[-123.44043029999999,38.698573],[-123.4404683,38.6986048],[-123.4404867,38.6986379],[-123.4404891,38.6986832],[-123.4404658,38.6987395],[-123.4404316,38.6987689],[-123.44039729999999,38.6987885],[-123.4403777,38.6988338],[-123.44039969999999,38.6988668],[-123.44047319999999,38.6989158],[-123.4404977,38.6989991],[-123.4404683,38.6991313],[-123.4404683,38.6992342],[-123.4406446,38.6993958],[-123.440772,38.6994546],[-123.440914,38.6994791],[-123.4410413,38.6993615],[-123.4411442,38.6993419],[-123.441252,38.69937619999999],[-123.441296,38.6994448],[-123.44127150000001,38.6995427],[-123.44122259999999,38.6996897],[-123.44127150000001,38.6997485],[-123.44136459999999,38.6997827],[-123.44148709999997,38.6998023],[-123.44167759999998,38.6998152],[-123.441857,38.6999087],[-123.4420594,38.7000561],[-123.4422029,38.7002523],[-123.4423785,38.7003892],[-123.4426534,38.700509],[-123.4428193,38.7005419],[-123.4431642,38.7007095],[-123.4432647,38.70073029999999],[-123.44333719999999,38.7007266],[-123.443505,38.7007182],[-123.4437536,38.7006945],[-123.44391629999998,38.7006789],[-123.44406819999998,38.7006644],[-123.4441765,38.7006709],[-123.4443915,38.700684],[-123.4445482,38.7007721],[-123.4446722,38.7008735],[-123.44476059999998,38.7009012],[-123.4448666,38.7008946],[-123.4449872,38.7007623],[-123.4450786,38.7007361],[-123.44529820000001,38.700742],[-123.44555290000001,38.7010291],[-123.44567710000001,38.7013473],[-123.4456731,38.7014872],[-123.4455572,38.7015607],[-123.445469,38.7015362],[-123.445376,38.7014725],[-123.445229,38.7014284],[-123.4450402,38.7015965],[-123.4447931,38.7018692],[-123.4447001,38.7020896],[-123.4445727,38.7022513],[-123.4445482,38.7023272],[-123.44460450000001,38.7024447],[-123.444678,38.7025084],[-123.44471220000001,38.7025674],[-123.4447931,38.7027068],[-123.4448641,38.7028023],[-123.44499390000001,38.7028366],[-123.445164,38.7028556],[-123.4453662,38.7028782],[-123.445476,38.7029148],[-123.44560129999998,38.7029566],[-123.4456576,38.7030913],[-123.4456212,38.7032573],[-123.4456527,38.7033925],[-123.44573,38.7034449],[-123.4459711,38.7034855],[-123.4462208,38.7034782],[-123.44642409999999,38.7034635],[-123.4464824,38.7033318],[-123.4465417,38.7032774],[-123.4466543,38.70327],[-123.4468404,38.7033974],[-123.4471833,38.7034855],[-123.4474674,38.7034659],[-123.4476927,38.7033876],[-123.4479376,38.7033386],[-123.4482412,38.7034072],[-123.4484541,38.703545],[-123.448633,38.7038676],[-123.4487212,38.7041223],[-123.4487502,38.7042601],[-123.44889750000002,38.7044357],[-123.4490836,38.704523],[-123.4493481,38.7045533],[-123.4494069,38.704661],[-123.4492796,38.7047884],[-123.4492992,38.7049843],[-123.4493775,38.7051018],[-123.4495538,38.7051508],[-123.4498085,38.7051802],[-123.44993590000001,38.7052586],[-123.45001420000001,38.7054349],[-123.45028850000001,38.705572],[-123.4505236,38.7055916],[-123.4507346,38.7055054],[-123.45104279999998,38.7054839],[-123.451513,38.7058561],[-123.4516697,38.7060716],[-123.451611,38.7063263],[-123.45168930000001,38.7066006],[-123.4519832,38.706914],[-123.4520567,38.7069973],[-123.4522477,38.7070169],[-123.4524632,38.7069924],[-123.45269340000002,38.707061],[-123.45280109999999,38.7071638],[-123.4527962,38.7073059],[-123.45265420000001,38.7076585],[-123.45265420000001,38.7078348],[-123.4525269,38.707972],[-123.45255619999998,38.708065],[-123.45275710000001,38.7081091],[-123.4528305,38.7082022],[-123.4528228,38.70828679999999],[-123.4527979,38.7083341],[-123.4527032,38.7084324],[-123.4526493,38.70847649999999],[-123.4526033,38.7085041],[-123.4525544,38.7085359],[-123.4525073,38.7085695],[-123.45250530000001,38.7085889],[-123.452523,38.7086244],[-123.4525709,38.7086381],[-123.4526291,38.7086416],[-123.45273259999998,38.7086479],[-123.45289419999999,38.7086773],[-123.45300820000001,38.7087084],[-123.45325120000001,38.7087685],[-123.4533791,38.7087948],[-123.4535309,38.7088977],[-123.453624,38.7089663],[-123.45368769999999,38.7090005],[-123.45382969999999,38.7090103],[-123.45393739999999,38.709074],[-123.45398639999998,38.7091475],[-123.4540011,38.7092993],[-123.45404029999999,38.7093973],[-123.4542309,38.7094745],[-123.45440269999999,38.7095442],[-123.45448109999998,38.7096422],[-123.4545693,38.7097156],[-123.45456440000001,38.7097901],[-123.45465739999999,38.7099311],[-123.4547064,38.7099948],[-123.4548093,38.7101515],[-123.4549611,38.7102348],[-123.4549905,38.7104846],[-123.4549072,38.7105679],[-123.45474189999997,38.7106374],[-123.454677,38.7107442],[-123.45474069999997,38.7110234],[-123.45483870000001,38.7112291],[-123.4549611,38.7113564],[-123.4551227,38.7115474],[-123.4552207,38.7117531],[-123.4554754,38.7121107],[-123.4556516,38.7122576],[-123.4557497,38.7125074],[-123.4557812,38.712845],[-123.45580349999999,38.7129874],[-123.4558672,38.7130903],[-123.4560386,38.7131637],[-123.45619539999998,38.7132519],[-123.45630789999998,38.7132986],[-123.4563962,38.71333519999999],[-123.4564695,38.7133527],[-123.4566215,38.713389],[-123.4566729,38.7134796],[-123.4566435,38.7135335],[-123.45659939999999,38.7136413],[-123.4567121,38.7137392],[-123.4568345,38.713749],[-123.456957,38.7136756],[-123.45713329999998,38.7136756],[-123.45731939999997,38.7136854],[-123.45749579999998,38.7136854],[-123.4575888,38.7137196],[-123.4576182,38.7137637],[-123.4576182,38.7138127],[-123.45773569999999,38.71394],[-123.4579806,38.7140429],[-123.45816680000001,38.7140968],[-123.45831860000001,38.7142633],[-123.4585439,38.7143466],[-123.45867120000001,38.7144935],[-123.45874470000001,38.7146796],[-123.4587937,38.7147874],[-123.45889260000001,38.7147923],[-123.4589504,38.7147923],[-123.45908759999999,38.7147041],[-123.45918060000001,38.7146845],[-123.45924919999999,38.7147041],[-123.4592737,38.7147433],[-123.4592786,38.7148021],[-123.4592982,38.714807],[-123.4593765,38.714807],[-123.4594402,38.7148364],[-123.4594598,38.7148902],[-123.4594108,38.714998],[-123.45931290000001,38.7150617],[-123.45921489999998,38.7151253],[-123.45924429999998,38.7152282],[-123.4593031,38.7153163],[-123.4593374,38.7154682],[-123.4592982,38.7155612],[-123.4592982,38.7156543],[-123.45935449999999,38.7157082],[-123.45938880000001,38.7157572],[-123.4594157,38.7158527],[-123.4593961,38.7158796],[-123.4593589,38.7159021],[-123.45932139999998,38.7159543],[-123.4593765,38.7159947],[-123.4594769,38.71599959999999],[-123.459592,38.7160143],[-123.4596875,38.7160853],[-123.4597365,38.7161563],[-123.4598198,38.7162665],[-123.4600133,38.7163963],[-123.4600818,38.7164649],[-123.46025569999998,38.7165237],[-123.460459,38.7164576],[-123.4605888,38.7164649],[-123.4607259,38.7165139],[-123.4608924,38.7166804],[-123.4610124,38.7168053],[-123.4610124,38.7168886],[-123.4608606,38.717011],[-123.4608361,38.7171531],[-123.4608361,38.717232],[-123.46097320000001,38.7173588],[-123.46111529999997,38.7174469],[-123.4612573,38.7174959],[-123.46153649999998,38.7174763],[-123.4616589,38.7175057],[-123.4618353,38.7175988],[-123.4620508,38.71766729999999],[-123.4621585,38.717731],[-123.462281,38.7178241],[-123.46233,38.7179465],[-123.4624181,38.7180347],[-123.46254060000001,38.7180983],[-123.4627169,38.7181081],[-123.4629471,38.7181081],[-123.46307439999998,38.7181424],[-123.4631038,38.718211],[-123.4630597,38.7183089],[-123.4629471,38.7184069],[-123.46288770000001,38.7184837],[-123.46282950000001,38.71855869999999],[-123.4628736,38.7186224],[-123.4629471,38.718642],[-123.4629912,38.7186231],[-123.4630819,38.7185747],[-123.4631558,38.7185213],[-123.46340749999997,38.7183285],[-123.46350539999999,38.7183138],[-123.4635838,38.7183726],[-123.46358869999997,38.718451],[-123.463525,38.7185245],[-123.4634253,38.7186096],[-123.4633095,38.7187008],[-123.463286,38.7187473],[-123.4632991,38.7188361],[-123.46336209999998,38.7188869],[-123.4636622,38.7188722],[-123.4638924,38.7187596],[-123.4640246,38.718784],[-123.4641324,38.7188673],[-123.4641618,38.7189947],[-123.4641656,38.7190567],[-123.46419109999998,38.719264],[-123.46425970000001,38.7193277],[-123.46431649999998,38.71934],[-123.46444090000001,38.7193669],[-123.4644887,38.7193669],[-123.4646466,38.7193669],[-123.4646761,38.7193636],[-123.4647789,38.7193522],[-123.4648132,38.7192444],[-123.4648175,38.7191995],[-123.46482789999999,38.7190926],[-123.4649111,38.7190191],[-123.46507279999999,38.7190583],[-123.4651603,38.7190973],[-123.4652785,38.7191514],[-123.4653813,38.71922],[-123.46541069999998,38.7192836],[-123.4654156,38.7193571],[-123.465445,38.7193865],[-123.46544990000001,38.7194795],[-123.46544009999998,38.7195481],[-123.4654695,38.719602],[-123.4655283,38.7196461],[-123.4656409,38.719651],[-123.4656868,38.7196425],[-123.4657732,38.7196265],[-123.46587110000002,38.7196412],[-123.46594460000001,38.7197146],[-123.466018,38.7198322],[-123.46604249999999,38.7199301],[-123.46608660000001,38.7199301],[-123.46616010000001,38.7198714],[-123.4662874,38.7198812],[-123.46640009999999,38.7199155],[-123.46652250000001,38.7199595],[-123.466694,38.7199791],[-123.4668311,38.7199791],[-123.4669193,38.719891],[-123.4670025,38.7198469],[-123.46709070000001,38.7198518],[-123.46729149999999,38.7198812],[-123.46741390000001,38.7199399],[-123.46759519999998,38.719984],[-123.4677225,38.720033],[-123.4677519,38.720131],[-123.46791839999999,38.7201946],[-123.468129,38.7202338],[-123.46832,38.7203073],[-123.46840819999998,38.7204101],[-123.46845230000001,38.7205522],[-123.4684229,38.7208118],[-123.4684229,38.7210371],[-123.46855509999999,38.7212183],[-123.4687315,38.7212967],[-123.468849,38.7213113],[-123.46930940000001,38.721326],[-123.46948370000001,38.7213483],[-123.4697306,38.7213799],[-123.4698148,38.721373],[-123.4701274,38.7213897],[-123.47027919999998,38.7213603],[-123.470431,38.7212869],[-123.4706563,38.7212869],[-123.4708082,38.7213407],[-123.4709894,38.7213946],[-123.4710971,38.7215513],[-123.4710482,38.7216787],[-123.4709894,38.7217571],[-123.4710824,38.7218893],[-123.4711265,38.7219873],[-123.47114119999998,38.7221097],[-123.4712294,38.722193],[-123.47135179999998,38.722384],[-123.4714743,38.7224623],[-123.47192,38.722526],[-123.472062,38.7224966],[-123.4720816,38.7224085],[-123.47221390000001,38.7223595],[-123.47232160000001,38.722477],[-123.47260569999999,38.722477],[-123.47292890000001,38.7224379],[-123.47349849999998,38.7223421],[-123.4739085,38.7222517],[-123.4741436,38.72227129999999],[-123.4745159,38.7225064],[-123.4747999,38.7226338],[-123.4753093,38.7227807],[-123.4758383,38.7229766],[-123.4760734,38.7232019],[-123.4761713,38.7233978],[-123.4762693,38.723535],[-123.4764848,38.7236525],[-123.47676890000001,38.7236525],[-123.4770823,38.7237799],[-123.4773958,38.7240639],[-123.477866,38.724348],[-123.47834909999999,38.7244074],[-123.47865949999998,38.7244754],[-123.478777,38.7246321],[-123.47879659999998,38.7250533],[-123.478919,38.7252786],[-123.4790856,38.7255578],[-123.4794578,38.7256998],[-123.4798594,38.7259545],[-123.4800456,38.7263121],[-123.4803982,38.726557],[-123.48072669999998,38.7267007],[-123.48152959999999,38.7268802],[-123.48203160000001,38.7271516],[-123.4827345,38.7272965],[-123.4833369,38.7272867],[-123.4835133,38.7274239],[-123.48360629999998,38.7275561],[-123.48385610000001,38.7277961],[-123.4841549,38.7279186],[-123.4842136,38.7280655],[-123.4841745,38.728232],[-123.4841451,38.7284573],[-123.48425369999998,38.7289451],[-123.4844096,38.7291528],[-123.484723,38.7292998],[-123.4852716,38.7295251],[-123.4855165,38.7297308],[-123.4858317,38.7298448],[-123.4866238,38.7301292],[-123.48743639999998,38.7304753],[-123.4876324,38.7307495],[-123.4877989,38.7308671],[-123.48800460000001,38.7309748],[-123.48828870000001,38.7310434],[-123.4883768,38.7311806],[-123.48878459999999,38.7314343],[-123.4891213,38.7316214],[-123.4892095,38.7317977],[-123.4891311,38.73198379999999],[-123.489043,38.7320818],[-123.4889523,38.7322654],[-123.48901110000001,38.7323536],[-123.4890356,38.7324907],[-123.4891727,38.7326034],[-123.48910419999999,38.7327503],[-123.48918249999998,38.7328826],[-123.48918249999998,38.7329952],[-123.4890993,38.7333968],[-123.4889425,38.7334507],[-123.4888863,38.7336149],[-123.48886909999999,38.7337985],[-123.4889572,38.7340042],[-123.48908680000001,38.7340602],[-123.48919230000001,38.7340728],[-123.489354,38.7339797],[-123.489545,38.7338279],[-123.4897115,38.7338377],[-123.4898829,38.7340042],[-123.48990739999998,38.7344597],[-123.4900935,38.7348172],[-123.4905931,38.7350915],[-123.4911086,38.7351238],[-123.4915041,38.7351258],[-123.49168049999999,38.7350964],[-123.4917833,38.7352238],[-123.4919253,38.7352189],[-123.4919939,38.7352678],[-123.49201839999998,38.735307],[-123.4920086,38.7353658],[-123.4919527,38.7353798],[-123.49184210000001,38.7354148],[-123.4914894,38.7354344],[-123.49139309999998,38.7355213],[-123.4913903,38.73559],[-123.49158740000001,38.735787],[-123.49172859999997,38.7360096],[-123.4919009,38.73615919999999],[-123.4922143,38.7363258],[-123.4923869,38.7364837],[-123.49259640000001,38.7364825],[-123.4927175,38.7365688],[-123.49287059999999,38.7366001],[-123.4932037,38.7365903],[-123.4933972,38.7366368],[-123.4936151,38.7368033],[-123.49360859999999,38.736917],[-123.4934927,38.7370482],[-123.493527,38.7371119],[-123.4938576,38.7372343],[-123.49395550000001,38.7372],[-123.4940731,38.737009],[-123.49416370000002,38.7370017],[-123.4942371,38.7370654],[-123.49422,38.7373078],[-123.49427139999999,38.7373421],[-123.4944233,38.7373274],[-123.494962,38.7374156],[-123.4951873,38.7375282],[-123.4952755,38.73764089999999],[-123.49530980000002,38.7377388],[-123.4954763,38.7378025],[-123.4959808,38.7378613],[-123.4962404,38.7377829],[-123.4963775,38.7377927],[-123.4964755,38.7379102],[-123.4965147,38.7379298],[-123.4969702,38.7378613],[-123.49721020000001,38.7378857],[-123.49746970000001,38.7379641],[-123.49799870000001,38.7380082],[-123.49842479999998,38.7380474],[-123.49870889999998,38.7380964],[-123.49885580000002,38.7382139],[-123.49891949999999,38.7383608],[-123.4990638,38.7385124],[-123.4993897,38.7387576],[-123.49971789999998,38.738787],[-123.49993,38.7390026],[-123.5004917,38.7390612],[-123.5007464,38.7390906],[-123.5013566,38.7392197],[-123.50219449999999,38.7394555],[-123.5025097,38.7399233],[-123.5033797,38.7402072],[-123.50436370000001,38.7406552],[-123.5050888,38.740787],[-123.5055847,38.7409624],[-123.5062317,38.7410371],[-123.506663,38.7413241],[-123.50687859999998,38.7413241],[-123.50770860000002,38.7414249],[-123.5082696,38.7413143],[-123.5084696,38.7413143],[-123.50934559999999,38.7412758],[-123.50968010000001,38.7412359],[-123.51031689999998,38.7410988],[-123.5107838,38.7410267],[-123.510983,38.7410204],[-123.5112895,38.7411397],[-123.5117238,38.7414245],[-123.5121156,38.741804],[-123.5125858,38.7422449],[-123.51268739999998,38.74234279999999],[-123.51282459999999,38.7426171],[-123.513258,38.7432553],[-123.51407970000001,38.7436995],[-123.51447150000001,38.744106],[-123.51523069999998,38.7447742],[-123.515249,38.744973],[-123.51521469999999,38.7452375],[-123.5152539,38.7453991],[-123.5154792,38.7455362],[-123.5157829,38.7455166],[-123.51607909999998,38.7453726],[-123.51638039999997,38.7453305],[-123.51660749999998,38.745358],[-123.51691059999999,38.7455019],[-123.517278,38.7458203],[-123.5172486,38.7461338],[-123.5171359,38.7464668],[-123.5172962,38.7466558],[-123.51761459999999,38.7466533],[-123.5178526,38.74688],[-123.5181155,38.7471427],[-123.51841920000001,38.7474268],[-123.5187048,38.7476118],[-123.51902410000001,38.7478113],[-123.5190045,38.7479337],[-123.51902410000001,38.7480758],[-123.51916120000001,38.7481443],[-123.51916609999998,38.7483647],[-123.51938159999999,38.7484921],[-123.5198028,38.7485411],[-123.5202436,38.7484774],[-123.5205522,38.7485264],[-123.5206942,38.7486537],[-123.5207236,38.7488545],[-123.5208265,38.7492121],[-123.5209342,38.7494962],[-123.5211203,38.7496823],[-123.5213946,38.7498243],[-123.521713,38.7498292],[-123.5219432,38.7497508],[-123.5228738,38.7497802],[-123.52309909999998,38.749741],[-123.52341739999999,38.7497117],[-123.5236183,38.7495794],[-123.5238436,38.7494962],[-123.52400030000001,38.749506],[-123.52400030000001,38.7496284],[-123.52403459999998,38.7497362],[-123.5242991,38.7498047],[-123.52457330000001,38.7498194],[-123.52461740000001,38.7498586],[-123.52461740000001,38.7499712],[-123.524735,38.750079],[-123.524735,38.7502357],[-123.5248525,38.7503141],[-123.52494069999997,38.7504659],[-123.52507779999998,38.7507059],[-123.52539129999998,38.7512643],[-123.5255186,38.7514259],[-123.5257048,38.7515826],[-123.52601329999997,38.751808],[-123.5261994,38.7518912],[-123.52624839999999,38.75195],[-123.5263317,38.7521704],[-123.5264247,38.7523467],[-123.5266696,38.7525181],[-123.52668919999998,38.7526014],[-123.5265129,38.7527385],[-123.5263415,38.7527875],[-123.5260329,38.7529149],[-123.52557739999999,38.753101],[-123.5252101,38.7531255],[-123.524926,38.7532675],[-123.5248035,38.753532],[-123.5247986,38.7537328],[-123.5249162,38.7539042],[-123.52507290000001,38.7539875],[-123.52514149999999,38.7540659],[-123.5251709,38.754154],[-123.5251856,38.754394],[-123.5251954,38.754541],[-123.5254501,38.7547075],[-123.5256068,38.7547516],[-123.5258027,38.7548299],[-123.5258053,38.7549569],[-123.5256607,38.7550405],[-123.5256166,38.7551679],[-123.52565580000001,38.7553099],[-123.5257048,38.7554912],[-123.52578309999998,38.7555548],[-123.52599369999999,38.755643],[-123.5260721,38.7556969],[-123.52608679999997,38.7557703],[-123.5260427,38.7558683],[-123.5259888,38.7559564],[-123.5260182,38.7560348],[-123.5262337,38.7564658],[-123.5262729,38.756603],[-123.52632190000001,38.7569164],[-123.52635129999999,38.7571662],[-123.5266794,38.7573572],[-123.5273553,38.757607],[-123.52761,38.7576413],[-123.5278892,38.7576217],[-123.5280998,38.7576903],[-123.52839859999999,38.7578666],[-123.5286288,38.757896],[-123.5287463,38.7579303],[-123.52889820000001,38.7580331],[-123.52908429999998,38.7581899],[-123.5292875,38.7583907],[-123.5293561,38.7584152],[-123.5297063,38.7584617],[-123.52989729999999,38.7585474],[-123.5300051,38.7586184],[-123.53013,38.7587703],[-123.5302965,38.7589466],[-123.5304704,38.7590446],[-123.53055850000001,38.7591009],[-123.5308353,38.7591792],[-123.531374,38.7592674],[-123.53167040000001,38.7592723],[-123.53180510000001,38.75931149999999],[-123.5317855,38.7594633],[-123.5317071,38.759478],[-123.5314696,38.7595172],[-123.531281,38.7595686],[-123.53116829999998,38.7597596],[-123.5308989,38.7615425],[-123.53117479999999,38.7639735],[-123.5318409,38.7659719],[-123.53375410000001,38.7687308],[-123.5336574,38.7687473],[-123.53325670000001,38.7687759],[-123.5328266,38.7685322],[-123.53216049999997,38.7678661],[-123.5309459,38.7667494],[-123.52939809999998,38.7654564],[-123.5285953,38.7646316],[-123.5278308,38.7641829],[-123.52675330000001,38.7636148],[-123.52538190000001,38.7627332],[-123.5238146,38.7611658],[-123.522306,38.7596377],[-123.5210717,38.7584622],[-123.52028809999999,38.7583055],[-123.5195433,38.7585181],[-123.518995,38.758854],[-123.51832890000001,38.7598336],[-123.5180547,38.7614009],[-123.51774119999999,38.763556],[-123.51729060000001,38.76528],[-123.516742,38.7666319],[-123.51633059999997,38.7676702],[-123.5157233,38.7680424],[-123.51505719999999,38.7683755],[-123.51427349999999,38.7683755],[-123.51260819999997,38.7680424],[-123.5116286,38.7678074],[-123.5107274,38.7673372],[-123.51019850000002,38.7671608],[-123.5095715,38.7672588],[-123.5092385,38.7675135],[-123.5090034,38.7679249],[-123.5088271,38.7689632],[-123.50847439999998,38.7699428],[-123.50776909999998,38.7722742],[-123.5074361,38.7730775],[-123.50712259999999,38.77346929999999],[-123.506143,38.7739199],[-123.5048696,38.7743705],[-123.5032239,38.7743901],[-123.5016958,38.7743509],[-123.5010884,38.774057],[-123.50059859999999,38.7738317],[-123.50005989999998,38.773724],[-123.4995799,38.7738611],[-123.499335,38.7741158],[-123.49930559999999,38.7749778],[-123.4993938,38.7760162],[-123.49953090000001,38.7765158],[-123.4997464,38.7770545],[-123.49977579999998,38.7773484],[-123.49969739999999,38.7782692],[-123.49953090000001,38.7789255],[-123.4986326,38.7789182],[-123.47936150000001,38.7783868],[-123.46718530000001,38.7774758],[-123.459006,38.7768538],[-123.4609809613522,38.77124290032778]]]}},{"type":"Feature","properties":{"ava_id":"dry_creek_valley","name":"Dry Creek Valley","created":"1983-09-06","within":"North Coast|Northern Sonoma","cfr_index":"9.64","valid_end":null},"geometry":{"type":"Polygon","coordinates":[[[-123.00113036212267,38.75000098072723],[-123.10876860901531,38.74988762259324],[-123.10986392481533,38.7422730945123],[-123.10993252234344,38.7352397988952],[-123.11024337286793,38.72138188196221],[-123.10957031713593,38.70697156705805],[-123.10940960461913,38.69256341580229],[-123.10962920883692,38.6785056543013],[-123.10957464959519,38.66437670820316],[-123.11366608061543,38.64518455881482],[-123.1060698621595,38.63110975482829],[-123.10559877813223,38.61796725443696],[-123.08816515172074,38.616549677586775],[-123.03881169621873,38.62133575905335],[-123.02981046661134,38.621470023033396],[-123.02014249433884,38.62126710921001],[-123.02016676751322,38.592233179890094],[-123.00202643782369,38.59173603561562],[-122.98370798728654,38.59173545279864],[-122.98356695352687,38.57714531882181],[-122.98208389171607,38.55946100391115],[-122.98206577223668,38.54501811768321],[-122.93786458819945,38.567785111100285],[-122.93771283984557,38.568041380254044],[-122.93750583990584,38.56836446461113],[-122.93739240461876,38.56869769523306],[-122.93737317159912,38.56916074044658],[-122.93747942299166,38.569390010333954],[-122.93747094982248,38.569555573910634],[-122.93740370217763,38.56966332711613],[-122.93735207829424,38.56977108032165],[-122.93732769285864,38.570015061289176],[-122.93724553094475,38.57018174651232],[-122.93653999548447,38.570374090368254],[-122.93606000393265,38.570413273352074],[-122.93564994477065,38.57051263022201],[-122.93501166208259,38.570524229901835],[-122.93461023353126,38.57063857550905],[-122.93403228451987,38.57066796274692],[-122.93353270147615,38.570570005287365],[-122.93329422187152,38.57043676662329],[-122.93291934668588,38.57044832219724],[-122.93249056391056,38.570348850096906],[-122.93201189493554,38.570302516520734],[-122.93136726514595,38.57015660059644],[-122.93099428069686,38.57011507477077],[-122.93086825857625,38.57008003875347],[-122.92957840297207,38.5696420545752],[-122.92933626277761,38.56954543727818],[-122.92922593535378,38.56940280970575],[-122.92919204267716,38.56923045400895],[-122.92910105657384,38.56908051419379],[-122.92881680070502,38.56882185706855],[-122.92855784800562,38.56881654983603],[-122.92833116037377,38.56878717952347],[-122.92804443858746,38.568715605675955],[-122.92624378165984,38.567690886903726],[-122.92610488088827,38.567649371179726],[-122.92572715260997,38.567573444908376],[-122.92526487831013,38.567398610720915],[-122.92481448757574,38.56735700061397],[-122.92403082789929,38.56738638785184],[-122.92334097871587,38.5673626493934],[-122.92321778098501,38.56732761337611],[-122.923031462834,38.567333623639044],[-122.92252528664804,38.567636930280166],[-122.92193453826486,38.56784678791175],[-122.92131061414953,38.56806662052541],[-122.92108098578993,38.56819246340991],[-122.92071007002042,38.56834637095548],[-122.92028885294434,38.56841494117717],[-122.91969131244103,38.568405145431214],[-122.91951931521646,38.56843321009228],[-122.91871998778475,38.56875373128827],[-122.91858470762652,38.56900084369454],[-122.91851900578837,38.569081231138256],[-122.91837339217582,38.56913718122427],[-122.91758522706061,38.569159417869784],[-122.91713462274669,38.56913003063192],[-122.9168590192831,38.5690571342076],[-122.91653443708978,38.56889457425676],[-122.91628491220024,38.568806211792285],[-122.91575342256695,38.56872407884511],[-122.91536159272871,38.568651540893015],[-122.9134468828667,38.5685995585374],[-122.91317581880388,38.568508393197966],[-122.91287009057552,38.56836541444781],[-122.91256656883913,38.56816939467077],[-122.91240817532316,38.56817494540125],[-122.91225237353046,38.568256886665075],[-122.91171722026228,38.568783123444284],[-122.91099081421551,38.5693326061595],[-122.90996278016847,38.57067361152637],[-122.9094863978748,38.57139999853999],[-122.90852509219438,38.57244531896751],[-122.90800724023556,38.572865213466784],[-122.9070107193017,38.57321485669536],[-122.90623440627927,38.57339551552602],[-122.90546749687948,38.573476696682555],[-122.90517891480802,38.573528320565934],[-122.90493402115912,38.573528320565934],[-122.90472831049408,38.573577299295714],[-122.90449339182726,38.57373156531351],[-122.90414392716964,38.57373296926701],[-122.90379771462828,38.57379280570674],[-122.90355185687483,38.57390921131751],[-122.90321480402166,38.574202983193764],[-122.90266581977488,38.574374807124585],[-122.90234165358792,38.57459019681092],[-122.90209601129777,38.5748711226303],[-122.9017720347368,38.5752316370215],[-122.90164018460061,38.575277791361565],[-122.90124123030392,38.57529475243496],[-122.90106337892993,38.57532280236094],[-122.9006238929387,38.575379716551524],[-122.8999479864678,38.575467878265115],[-122.89958854749327,38.5755000898927],[-122.89932174695882,38.575354708089385],[-122.8990369823751,38.57523870351522],[-122.89857940642375,38.57515176924093],[-122.89773698945734,38.57513188937694],[-122.89749075604587,38.5749554958496],[-122.8972330630252,38.57494058903254],[-122.89694483942598,38.57489822318678],[-122.89652380158599,38.57443367616035],[-122.89614723703707,38.57412586106921],[-122.89600030084773,38.57411906894909],[-122.89591249760637,38.57417784342482],[-122.89576838580672,38.574345693682865],[-122.89566724548524,38.574379227887256],[-122.8954460292294,38.574361509583035],[-122.89521682040741,38.57440032119208],[-122.8948080442309,38.57454593480461],[-122.89447102113797,38.57476294302856],[-122.89274132107039,38.575577133283545],[-122.89228771313059,38.57572256765996],[-122.89191697659719,38.57582635313507],[-122.8913599416545,38.57599835035964],[-122.89115441022558,38.57611175234459],[-122.89102988991786,38.576246068398234],[-122.89068568587557,38.57665485541474],[-122.89044232439663,38.576997516447086],[-122.89024623024144,38.57732077606362],[-122.88994821089624,38.577576967271376],[-122.88952531277114,38.57774049132679],[-122.88920205315462,38.5778482445323],[-122.8885095588176,38.57811423148601],[-122.88813599789447,38.578196744420175],[-122.88764398808605,38.57823113917936],[-122.88728433024059,38.57832648711109],[-122.88698771880892,38.57851702725947],[-122.88654061388054,38.57883241418465],[-122.88618183461381,38.57928432731188],[-122.88597678681776,38.57946913767177],[-122.88584980059257,38.579508141419474],[-122.88554843062033,38.57943830534559],[-122.8852092448745,38.579422944375374],[-122.8848186849844,38.57951467167137],[-122.88456650558042,38.57967418544936],[-122.88446577602312,38.57982584187462],[-122.88422234875605,38.58034545336452],[-122.8838045971331,38.57975841499361],[-122.88376421625367,38.57949537896599],[-122.8836857646298,38.57944368794436],[-122.88343536071893,38.57952294612945],[-122.88297450206535,38.579622474930204],[-122.88227683226616,38.57981186413563],[-122.88057200096779,38.58051268743218],[-122.87979421540115,38.58073500260359],[-122.87944236462059,38.58077224575807],[-122.8789654986311,38.58074778533512],[-122.87829938790611,38.58074778533512],[-122.87800551552745,38.580767376827026],[-122.87608554932014,38.581041657713776],[-122.87460560681241,38.58136641914322],[-122.87059945821652,38.58135457688594],[-122.87099956460021,38.58365541633209],[-122.86176113748111,38.58500103099756],[-122.85727771708565,38.586076671134926],[-122.85721894260993,38.58609626262684],[-122.85716996388017,38.586213811578304],[-122.85725812559376,38.586370543513596],[-122.85739526603712,38.58652727544888],[-122.85759118095622,38.586644824400345],[-122.85788505333487,38.58681135208159],[-122.85806137676208,38.58698767550879],[-122.8581005597459,38.58710522446026],[-122.85806137676208,38.58724236490363],[-122.8579928065404,38.58752644153634],[-122.8579242363187,38.58788888413669],[-122.85787525758892,38.58803582032602],[-122.85762056819408,38.58855499486166],[-122.85747363200474,38.58892723320797],[-122.85743444902094,38.58897621193775],[-122.85739526603712,38.5890741693973],[-122.85739526603712,38.589162331110906],[-122.85744424476687,38.58919171834877],[-122.85757158946429,38.58926028857046],[-122.85757158946429,38.58932885879214],[-122.85738547029115,38.5894268162517],[-122.85733649156138,38.589397429013836],[-122.85732669581542,38.58932885879214],[-122.85733649156138,38.58926028857046],[-122.85730710432352,38.58918192260281],[-122.85725812559373,38.589152535364946],[-122.85718955537205,38.589211309840685],[-122.85713078089628,38.589289675808324],[-122.85712098515036,38.589397429013836],[-122.85716996388011,38.58959334393295],[-122.85713078089628,38.58964232266272],[-122.8570426191827,38.589681505646546],[-122.85698384470697,38.589681505646546],[-122.85693486597718,38.589681505646546],[-122.85687609150146,38.58971089288441],[-122.85685650000956,38.589769667360144],[-122.85685650000956,38.59008313123072],[-122.85693486597718,38.59021047592814],[-122.85712098515036,38.59042598233916],[-122.85736587879924,38.59058271427445],[-122.85776750438338,38.59084719941525],[-122.85804178527013,38.591092093064134],[-122.85816912996755,38.59127821223729],[-122.85829647466495,38.59135657820494],[-122.85834545339475,38.5916504505836],[-122.85836504488665,38.59215982937328],[-122.85836504488665,38.59245370175195],[-122.85840422787048,38.5927279826387],[-122.85845320660026,38.59296308054163],[-122.85845320660026,38.59311001673097],[-122.85831606615692,38.59340388910963],[-122.85823770018926,38.593756535964026],[-122.85821810869736,38.594363872213265],[-122.85821810869736,38.594755702051486],[-122.8581397427297,38.59491243398678],[-122.85806137676205,38.5951475318897],[-122.85806137676205,38.5953238553169],[-122.85796341930251,38.59591160007423],[-122.8577870958753,38.596969540637424],[-122.85761077244807,38.59765524285432],[-122.85755958412017,38.597950617078816],[-122.85762588717445,38.598240162889645],[-122.8577185546449,38.59853844269327],[-122.85790685280007,38.59879601458507],[-122.85816929375197,38.599160852757855],[-122.8581939794311,38.59926510446546],[-122.85812586502729,38.59934861504645],[-122.85800005755257,38.59939112667625],[-122.85797876588703,38.59946831888085],[-122.85813750123465,38.59966477172745],[-122.85825148108393,38.59967885801236],[-122.8583867763742,38.59952673507193],[-122.85851661828141,38.59940380593577],[-122.85869136298575,38.59922224976555],[-122.85869716831603,38.599329820498106],[-122.85863254731217,38.59962631986134],[-122.8587042180977,38.5997274673497],[-122.85884744026387,38.599808676398595],[-122.85903458673835,38.599850015187805],[-122.85912068783071,38.59991423204714],[-122.85923380093413,38.600061361535325],[-122.85928363486717,38.600055220831024],[-122.85931150836245,38.59992954025747],[-122.85935884144212,38.59992655820941],[-122.85941473355528,38.59996930320781],[-122.85946420285902,38.600099745522954],[-122.85961203410473,38.600501993238346],[-122.85968867638067,38.60072272294626],[-122.85978622374695,38.60121348453761],[-122.85980581687421,38.6013555165544],[-122.86005624626047,38.60185235486729],[-122.86006544274012,38.601920714989866],[-122.85998904146258,38.60194359831803],[-122.8597174034447,38.60194500331308],[-122.85970112502801,38.60200861020023],[-122.85972355490193,38.60209400105404],[-122.85988418917648,38.60220493097126],[-122.86021159886539,38.60237733562269],[-122.86021054171471,38.60253595360843],[-122.86040767346836,38.60327061909459],[-122.86057493221045,38.603715654820675],[-122.86059449512905,38.60395713236463],[-122.86095285354305,38.60391587436157],[-122.86150452725123,38.603899418280754],[-122.86319368084,38.60390040946247],[-122.8661433554823,38.603905687450904],[-122.86683208260042,38.60394415667729],[-122.86719067157468,38.60397745348997],[-122.86753836315492,38.604090047491546],[-122.86782984380982,38.60424622553809],[-122.86806359248295,38.60439824240397],[-122.86848422237496,38.60485183123903],[-122.8685869057911,38.60508286722507],[-122.86869465899662,38.60535714811183],[-122.8688513909319,38.60572938645813],[-122.86987014851131,38.608178322947005],[-122.87049707625245,38.6102256338517],[-122.87103584228,38.61198886812369],[-122.87116318697744,38.61237090221595],[-122.87125134869103,38.612537429897195],[-122.87142767211823,38.61278232354608],[-122.87156481256162,38.61302721719497],[-122.87170195300499,38.613438638525096],[-122.87179011471858,38.613967608806696],[-122.87190766367003,38.614721881245266],[-122.8719370509079,38.615564315397435],[-122.87196643814573,38.62019770323438],[-122.87196643814573,38.620413209645406],[-122.87216235306484,38.620648307548336],[-122.8725052041733,38.62106952462442],[-122.8726129573788,38.62133400976522],[-122.87262275312477,38.621960937506365],[-122.87264234461666,38.6231854057508],[-122.87261295737883,38.62493884427683],[-122.87263254887075,38.6263102487106],[-122.87271091483838,38.62942529592445],[-122.87292642124942,38.631443219591276],[-122.87316151915235,38.63250116015447],[-122.87333784257952,38.63293217297651],[-122.87369048943394,38.6334415517662],[-122.87394517882879,38.633852973096324],[-122.8741606852398,38.634381943377925],[-122.87438346381995,38.63515593707381],[-122.87521514194337,38.635209549228264],[-122.87556890735452,38.63528673440888],[-122.87588408017537,38.63539929613061],[-122.87611081164339,38.63547648131122],[-122.87719140419858,38.63588813561611],[-122.8773264782381,38.63593316029653],[-122.87715924368011,38.636833654070365],[-122.8770691943027,38.63712953059604],[-122.87654176223518,38.6385188638471],[-122.87605292275798,38.64011402424647],[-122.87530679934535,38.64191501179415],[-122.87504951540996,38.642622542616444],[-122.87457354012952,38.64376745612889],[-122.87404610806198,38.645002419018724],[-122.87364731796215,38.64599296216994],[-122.87320993527202,38.64703496210824],[-122.87257958963032,38.64851434473669],[-122.87202642916925,38.64976217182329],[-122.87178200943063,38.65045683844882],[-122.87174341684033,38.650829900155124],[-122.87169196005327,38.65202627045465],[-122.87174341684033,38.6527981222608],[-122.8719235155951,38.6533770111154],[-122.87223225631756,38.65435469006985],[-122.87254099703999,38.655126541876],[-122.87313275009136,38.656348640569064],[-122.87331284884614,38.65665738129152],[-122.87372450314277,38.65727486273644],[-122.87425506848606,38.658052363322014],[-122.87531244812479,38.65975734382679],[-122.87618156472568,38.659902374926524],[-122.8776223547638,38.660198251452215],[-122.87883158926009,38.66051985637144],[-122.87971921883717,38.66079000450359],[-122.88073549038194,38.66108588102928],[-122.88169058534952,38.661329125802034],[-122.88171316933636,38.66165190568714],[-122.88176462612346,38.66180627604836],[-122.88172603353314,38.66193491801605],[-122.88170030513962,38.662166473557896],[-122.88172603353314,38.66242375749328],[-122.88184181130404,38.66266817723189],[-122.88193186068145,38.66284827598666],[-122.88212482363298,38.662989782151115],[-122.88225346560068,38.66316988090588],[-122.88243356435545,38.66338857225096],[-122.8826963315508,38.663924560274026],[-122.92517646735762,38.690749749034964],[-122.92512511128486,38.69184629469198],[-122.92523274700618,38.691882768094494],[-122.92545787044963,38.69195352117672],[-122.92561224081088,38.692037138455724],[-122.92581163586078,38.692204373013716],[-122.92605605559939,38.6924616569491],[-122.92625545064932,38.69266105199902],[-122.92642911730572,38.6927961260651],[-122.9265255987815,38.69290547173764],[-122.92653203087987,38.69302768160694],[-122.92646770989603,38.693156323574634],[-122.92631333953479,38.693272101345556],[-122.92603032720586,38.693465064297094],[-122.92565726549957,38.69385099020017],[-122.92543857415451,38.69410184203716],[-122.92512983343202,38.694571385219234],[-122.92483395690635,38.695008767909385],[-122.92476963592252,38.69521459505769],[-122.92464742605326,38.69549760738662],[-122.92443516680655,38.695815996256655],[-122.92421647546149,38.69614081722508],[-122.92402994460832,38.6963434283242],[-122.923991352018,38.69641418140642],[-122.92392381498496,38.69655568757087],[-122.92384662980433,38.69665216904664],[-122.92362150636087,38.696800107309485],[-122.92349929649157,38.69690302088364],[-122.92317125947396,38.69718603321255],[-122.92299116071919,38.69734683567217],[-122.9228441119513,38.69744273704253],[-122.92269528419348,38.69753979862371],[-122.922585938521,38.69766200849301],[-122.92256021012743,38.69772632947686],[-122.92253448173389,38.69781637885425],[-122.92233508668397,38.69860109485715],[-122.9219914383014,38.69943303106257],[-122.92197284810368,38.69959163800838],[-122.92266382428122,38.70798893552363],[-122.92502693099605,38.709704154441404],[-122.9476880630453,38.72193573283551],[-122.94942550182469,38.72653687869504],[-122.95612380156318,38.72303232362708],[-122.96578893117517,38.725001868789214],[-122.96579628116018,38.73688455716142],[-123.00113036212267,38.75000098072723]]]}},{"type":"Feature","properties":{"ava_id":"fort_ross_seaview","name":"Fort Ross-Seaview","created":"2011-12-14","within":"North Coast|Sonoma Coast","cfr_index":"9.221","valid_end":null},"geometry":{"type":"Polygon","coordinates":[[[-123.1572956,38.51732409999999],[-123.1574167,38.5177178],[-123.1573621,38.5179462],[-123.15719820000001,38.5183435],[-123.15700949999999,38.5186116],[-123.1568605,38.5187656],[-123.15657739999999,38.5189096],[-123.15630789999999,38.5189986],[-123.1559557,38.5190859],[-123.1555933,38.5191637],[-123.155399,38.5191964],[-123.1552607,38.5192446],[-123.1550816,38.51937],[-123.155051,38.5194226],[-123.155066,38.519672],[-123.1550418,38.5199],[-123.1549878,38.5203544],[-123.15502309999998,38.5205881],[-123.155137,38.5210502],[-123.1552285,38.5213879],[-123.1553313,38.5217723],[-123.155436,38.5219701],[-123.155664,38.5222039],[-123.1558559,38.522387],[-123.156184,38.5227673],[-123.1563947,38.5229349],[-123.1566499,38.5231099],[-123.15679580000001,38.5232773],[-123.15709640000001,38.5236254],[-123.1574556,38.5239698],[-123.1577895,38.5242923],[-123.1580559,38.5244913],[-123.1584009,38.5246578],[-123.1587178,38.5248389],[-123.1590538,38.5250776],[-123.159653,38.5254024],[-123.1598925,38.5254921],[-123.160106,38.5255264],[-123.1603566,38.5256358],[-123.1608007,38.5258282],[-123.1610953,38.5260219],[-123.1613899,38.5263091],[-123.161636,38.526689],[-123.16185739999997,38.5270075],[-123.1619513,38.5271498],[-123.16186219999997,38.5273522],[-123.1618199,38.527523],[-123.16166159999999,38.5277451],[-123.16145319999998,38.5280068],[-123.1613141,38.5281873],[-123.1612762,38.5283921],[-123.1614976,38.5284477],[-123.1616872,38.5284501],[-123.1619142,38.5284398],[-123.1618895,38.5294493],[-123.1615216,38.5434617],[-123.1613461,38.5577074],[-123.1617403,38.5722186],[-123.1621097,38.5786771],[-123.16209520000001,38.579464],[-123.1616048,38.5858527],[-123.16232710000001,38.600242],[-123.1794764,38.6002131],[-123.1794866,38.6003526],[-123.1795701,38.6005089],[-123.1797108,38.6006664],[-123.1799311,38.6008062],[-123.1800827,38.6008943],[-123.18027369999999,38.6009249],[-123.1804677,38.6009484],[-123.1806093,38.6009715],[-123.18068950000001,38.6010164],[-123.18080230000001,38.6011444],[-123.18093250000001,38.6012537],[-123.1811638,38.6013715],[-123.1814195,38.6014864],[-123.1817202,38.6015755],[-123.1819559,38.6017248],[-123.1821468,38.6018934],[-123.1822461,38.6021021],[-123.18229379999998,38.6023442],[-123.18227,38.6026063],[-123.1823313,38.602866],[-123.1824388,38.6030474],[-123.1825919,38.6032374],[-123.18278540000001,38.6033769],[-123.18298050000001,38.6035007],[-123.1833352,38.6037439],[-123.1837207,38.6039289],[-123.18401529999998,38.6040766],[-123.1842521,38.60419909999999],[-123.18438019999998,38.6043404],[-123.1845451,38.6046008],[-123.1847041,38.6048456],[-123.1848342,38.6050891],[-123.18492010000001,38.6053027],[-123.185027,38.6055971],[-123.1850816,38.605814],[-123.1851607,38.6060315],[-123.185206,38.6061785],[-123.185358,38.6062402],[-123.18550459999999,38.6062918],[-123.1856177,38.6063201],[-123.1857373,38.6063454],[-123.1858656,38.6063668],[-123.18593459999998,38.6064033],[-123.1860086,38.606501],[-123.186123,38.6065933],[-123.186269,38.6067045],[-123.18644959999999,38.6067875],[-123.18660569999999,38.6069114],[-123.1867188,38.6070314],[-123.18677249999999,38.607188],[-123.1871413,38.6071766],[-123.1875173,38.6071177],[-123.1879135,38.6069406],[-123.18812140000001,38.6068776],[-123.1885149,38.606868],[-123.1885173,38.6069126],[-123.1884162,38.6069576],[-123.18826030000001,38.6070048],[-123.1881266,38.6070791],[-123.18803770000001,38.607176],[-123.1879478,38.6073826],[-123.18789649999998,38.6074616],[-123.18780910000001,38.6075435],[-123.187626,38.6076819],[-123.1876283,38.6077941],[-123.18770819999999,38.6078382],[-123.1877822,38.6078745],[-123.18783169999998,38.6078907],[-123.1879301,38.6079214],[-123.18794279999999,38.6080127],[-123.18795449999999,38.6081522],[-123.1880179,38.6082658],[-123.18811439999999,38.6083584],[-123.18824140000001,38.6084544],[-123.18841030000002,38.6085414],[-123.1884984,38.6086044],[-123.188519,38.6086663],[-123.188469,38.6087079],[-123.1882559,38.6088444],[-123.18826510000001,38.6090207],[-123.1882569,38.6091341],[-123.18805180000001,38.6093809],[-123.188018,38.6095748],[-123.1879199,38.6096913],[-123.1878962,38.6097909],[-123.18789419999999,38.6099471],[-123.1879472,38.6100354],[-123.18796649999999,38.6100841],[-123.1879015,38.6101385],[-123.18778540000001,38.61025869999999],[-123.1877258,38.6103133],[-123.1875099,38.6104404],[-123.1875136,38.6105398],[-123.1877541,38.6106069],[-123.1880946,38.6107402],[-123.1883105,38.6108211],[-123.1886097,38.6108178],[-123.18865550000001,38.6108348],[-123.1886271,38.6109862],[-123.1885909,38.6111401],[-123.1885626,38.6112752],[-123.1885683,38.6113578],[-123.1886058,38.6113958],[-123.18906880000002,38.6113886],[-123.1893223,38.6115863],[-123.18961250000001,38.6117242],[-123.18983019999997,38.6118107],[-123.1900353,38.6118623],[-123.1901648,38.6119105],[-123.19020389999999,38.6120767],[-123.1902484,38.6120931],[-123.1904135,38.6120928],[-123.1904626,38.6121749],[-123.19038409999999,38.6123169],[-123.19038870000001,38.6125221],[-123.1904227,38.6125691],[-123.1904686,38.612609],[-123.1905319,38.6126339],[-123.19065870000001,38.6126677],[-123.1906829,38.6127353],[-123.1906642,38.6127989],[-123.1905323,38.6129006],[-123.1905368,38.6129993],[-123.190582,38.613064],[-123.1907165,38.6131768],[-123.1906591,38.6133254],[-123.1905256,38.613409],[-123.1903139,38.6135985],[-123.1903127,38.6137097],[-123.190415,38.6138132],[-123.19060920000001,38.6138838],[-123.1908874,38.6139153],[-123.1911361,38.6140011],[-123.1911534,38.6141309],[-123.191106,38.6141906],[-123.1911043,38.6143268],[-123.19119160000001,38.6144223],[-123.1913654,38.61450269999999],[-123.19154209999998,38.6145344],[-123.191804,38.6145665],[-123.1918587,38.6146427],[-123.1917909,38.61485049999999],[-123.191786,38.6149541],[-123.19183,38.6150181],[-123.19191520000001,38.6150763],[-123.19205009999999,38.6151327],[-123.1922377,38.6151508],[-123.1924581,38.615142],[-123.1926388,38.6151274],[-123.1929715,38.615112],[-123.19305509999998,38.6152174],[-123.1931457,38.6152899],[-123.19329339999999,38.615354],[-123.193437,38.6153956],[-123.19347529999999,38.6154498],[-123.1934712,38.6155028],[-123.19342970000001,38.6155829],[-123.19342119999999,38.6156535],[-123.1934719,38.6156999],[-123.1935765,38.6158015],[-123.19357760000001,38.6159138],[-123.1934061,38.6160853],[-123.19339610000002,38.6163499],[-123.19346379999999,38.6165673],[-123.19358330000001,38.6167625],[-123.1936346,38.6168085],[-123.1936889,38.6168378],[-123.1937959,38.6169065],[-123.1938553,38.6169671],[-123.1938657,38.6172702],[-123.1939233,38.6173567],[-123.1939832,38.6173987],[-123.1940471,38.6174496],[-123.1940372,38.6175563],[-123.1939804,38.6176146],[-123.193815,38.61761209999999],[-123.193753,38.6175924],[-123.1934886,38.6175897],[-123.1933672,38.6176749],[-123.19310480000001,38.6179156],[-123.193081,38.6180289],[-123.1931495,38.6181384],[-123.1931916,38.6182592],[-123.1932331,38.6184706],[-123.1933081,38.6186411],[-123.193351,38.6186919],[-123.19348589999998,38.6187034],[-123.193571,38.6186553],[-123.193831,38.6184713],[-123.1940506,38.6183726],[-123.19436359999999,38.6183731],[-123.19471530000001,38.6185024],[-123.1950785,38.6187242],[-123.195208,38.6188997],[-123.1953216,38.6190963],[-123.19531,38.6192224],[-123.1952733,38.6193944],[-123.1953133,38.6194501],[-123.19549629999999,38.619643],[-123.1955045,38.6197219],[-123.1954649,38.6200074],[-123.195467,38.6201824],[-123.1955388,38.6202859],[-123.1956536,38.6203579],[-123.19582429999998,38.6204142],[-123.1960791,38.6204139],[-123.19619379999999,38.6204006],[-123.19635509999998,38.6204036],[-123.19638409999999,38.6204521],[-123.1963873,38.6205027],[-123.19635829999999,38.6205419],[-123.19624739999998,38.6206353],[-123.19626029999998,38.6207269],[-123.19633359999999,38.6207911],[-123.1965091,38.6208358],[-123.1968515,38.620855],[-123.1972654,38.6207916],[-123.19764339999998,38.6206884],[-123.1978379,38.620695],[-123.1980431,38.620812],[-123.19814609999999,38.6209516],[-123.19810710000002,38.6212303],[-123.19798560000001,38.6214611],[-123.1977377,38.62163],[-123.1975388,38.6216204],[-123.1974209,38.6217047],[-123.1973884,38.6218276],[-123.19748,38.6219313],[-123.197654,38.6219703],[-123.1978779,38.6220139],[-123.19799839999999,38.6220701],[-123.1980745,38.6221384],[-123.1981635,38.6223061],[-123.1982523,38.6223828],[-123.1983437,38.6224217],[-123.1984856,38.6224166],[-123.1986158,38.6224606],[-123.1986468,38.6226646],[-123.19863439999997,38.622794],[-123.1987046,38.6229379],[-123.1988631,38.6230987],[-123.1990264,38.6231835],[-123.1991049,38.6231693],[-123.1993024,38.6231623],[-123.19946429999999,38.6233029],[-123.19976840000001,38.6234648],[-123.2000047,38.6235797],[-123.2002899,38.6235729],[-123.20052109999999,38.6235102],[-123.2007624,38.6233828],[-123.20104130000001,38.6231877],[-123.2011931,38.6232043],[-123.2013026,38.6233681],[-123.20144339999999,38.6234473],[-123.2016601,38.6234567],[-123.2019211,38.623494],[-123.20212689999998,38.6235732],[-123.2023144,38.6237785],[-123.202606,38.6241415],[-123.2027584,38.6242441],[-123.2028294,38.6243016],[-123.2029455,38.6243301],[-123.2033628,38.6243401],[-123.20353459999998,38.6244113],[-123.2037659,38.6244541],[-123.2039161,38.6245455],[-123.20406989999998,38.6246747],[-123.20423309999998,38.6247624],[-123.2042809,38.6248858],[-123.2041513,38.62518],[-123.2041557,38.6253536],[-123.20422149999999,38.625382],[-123.20444390000002,38.6254],[-123.2050081,38.6255426],[-123.205273,38.6255758],[-123.2053158,38.625804],[-123.2054189,38.6259808],[-123.20552819999999,38.626075],[-123.2055162,38.6261512],[-123.2053559,38.6263179],[-123.20536759999999,38.6265081],[-123.2053997,38.626698],[-123.2055243,38.6267825],[-123.2057699,38.6268129],[-123.2062606,38.6268385],[-123.206796,38.6268359],[-123.20722509999999,38.626834],[-123.2074021,38.6268477],[-123.20752789999999,38.6270866],[-123.20770940000001,38.6272447],[-123.2079667,38.6275037],[-123.2081626,38.6276955],[-123.2083625,38.6278066],[-123.2085104,38.62781849999999],[-123.2086784,38.6277166],[-123.2090384,38.6274536],[-123.20916480000001,38.6273546],[-123.20921550000001,38.6272871],[-123.2092173,38.6269805],[-123.20916469999999,38.6268646],[-123.2091292,38.6266563],[-123.2089883,38.6263747],[-123.2089331,38.6261436],[-123.2089295,38.6259722],[-123.2090233,38.6259185],[-123.2091602,38.6258281],[-123.20923440000001,38.6257423],[-123.2092397,38.6255598],[-123.2092757,38.6254865],[-123.2093744,38.6255002],[-123.2094801,38.625449],[-123.2095916,38.6253871],[-123.2097972,38.6253808],[-123.2099505,38.6254302],[-123.2100637,38.6254442],[-123.2102484,38.6253859],[-123.210462,38.6252903],[-123.2106699,38.6251595],[-123.21089989999999,38.6249727],[-123.2109381,38.6248824],[-123.2110753,38.6247638],[-123.2112487,38.6247252],[-123.2117355,38.62455279999999],[-123.2118669,38.6244679],[-123.2119344,38.6243363],[-123.2118893,38.6242017],[-123.21177680000001,38.6240512],[-123.21138680000001,38.6234628],[-123.2112133,38.6230163],[-123.2111143,38.6227773],[-123.21098339999998,38.6226726],[-123.2107461,38.6225763],[-123.21049159999998,38.6224648],[-123.210181,38.6222926],[-123.2101085,38.6221753],[-123.2100956,38.6220194],[-123.2101217,38.6218835],[-123.21019829999999,38.6217125],[-123.2102045,38.6215406],[-123.2102828,38.6214349],[-123.210406,38.621301],[-123.2104781,38.6211934],[-123.2104833,38.6205465],[-123.21048,38.6204292],[-123.2104237,38.6203509],[-123.2102686,38.6201868],[-123.21025739999999,38.620089],[-123.2103538,38.6199911],[-123.210621,38.61984539999999],[-123.2107581,38.6197297],[-123.21088610000001,38.6195371],[-123.21091089999999,38.6193224],[-123.2108514,38.6191284],[-123.21068569999998,38.618953],[-123.2104487,38.6187773],[-123.21036139999998,38.6184834],[-123.21033,38.6183816],[-123.2102297,38.6182955],[-123.2102259,38.6182307],[-123.2103168,38.6181824],[-123.21041380000001,38.6181602],[-123.2105003,38.6181109],[-123.2105718,38.6180554],[-123.2105884,38.6179694],[-123.2106547,38.6179259],[-123.2109877,38.6178904],[-123.2111624,38.6178446],[-123.21125210000001,38.6176904],[-123.21126749999998,38.6175185],[-123.21116440000002,38.61733],[-123.210976,38.6171412],[-123.2108158,38.6169931],[-123.21081869999998,38.61687339999999],[-123.2109307,38.6168409],[-123.2112379,38.6168972],[-123.21158810000001,38.6171559],[-123.21171860000001,38.6171499],[-123.2119134,38.6172846],[-123.2121603,38.6175026],[-123.212377,38.6175971],[-123.21268920000001,38.6176068],[-123.2129233,38.6175673],[-123.2131688,38.6176664],[-123.213416,38.6178046],[-123.21362679999999,38.6178952],[-123.2138323,38.617855],[-123.2140005,38.6177153],[-123.2140644,38.61749049999999],[-123.2141924,38.6172426],[-123.2143929,38.6171285],[-123.21467039999997,38.6170804],[-123.2149873,38.6170452],[-123.21513859999999,38.6171026],[-123.2153437,38.6170892],[-123.2155064,38.6170987],[-123.2154757,38.6172221],[-123.2154745,38.6174411],[-123.2155641,38.6176268],[-123.2157329,38.6177659],[-123.2159872,38.6178603],[-123.2162891,38.6178751],[-123.2164114,38.6178602],[-123.2164819,38.6178996],[-123.2164239,38.6180101],[-123.21623430000001,38.6181033],[-123.2160011,38.618183],[-123.2159859,38.6182762],[-123.21604079999999,38.6183419],[-123.2161319,38.6183572],[-123.2164729,38.61824259999999],[-123.2169248,38.6182923],[-123.2173664,38.6182589],[-123.2174859,38.6183022],[-123.2175916,38.6185142],[-123.217671,38.6185887],[-123.2179875,38.6186796],[-123.2184344,38.618769],[-123.2193413,38.6190757],[-123.2196411,38.6191414],[-123.21969569999999,38.6192258],[-123.219592,38.6193135],[-123.21945559999999,38.6193698],[-123.2192985,38.6193699],[-123.2192041,38.6194045],[-123.2191346,38.6195288],[-123.2188515,38.6196231],[-123.2187622,38.6197423],[-123.2186132,38.6200998],[-123.2184642,38.6202488],[-123.2182159,38.6203382],[-123.21791409999999,38.62033189999999],[-123.2177151,38.6201777],[-123.21751660000001,38.6201061],[-123.21736030000001,38.620143],[-123.21728560000001,38.620198],[-123.217207,38.620344],[-123.2171867,38.6205059],[-123.2170352,38.6206487],[-123.2167187,38.620792],[-123.2165747,38.6209135],[-123.2165922,38.6210783],[-123.21673839999998,38.6211752],[-123.21705069999999,38.6212945],[-123.2173392,38.6214173],[-123.2176208,38.6216925],[-123.2176548,38.6218661],[-123.21753659999999,38.6220097],[-123.2172338,38.6222324],[-123.2171906,38.6225187],[-123.2171361,38.6227652],[-123.217154,38.6230912],[-123.21710189999999,38.6231928],[-123.2168704,38.6233165],[-123.2167558,38.62339],[-123.2166824,38.6234622],[-123.2166731,38.6236094],[-123.21678329999999,38.6236946],[-123.2169673,38.623834],[-123.21719309999999,38.6240791],[-123.2173976,38.6244118],[-123.21747029999999,38.6245988],[-123.2173991,38.6248047],[-123.21746290000002,38.624889],[-123.217553,38.6250012],[-123.21767140000001,38.6250423],[-123.2178794,38.6250908],[-123.21811879999998,38.6250865],[-123.21828970000001,38.6250465],[-123.218499,38.6249914],[-123.218633,38.624995],[-123.21865919999998,38.6250098],[-123.2187145,38.6252266],[-123.2187469,38.6253052],[-123.2188138,38.6253707],[-123.2189848,38.6254367],[-123.21916549999999,38.6254914],[-123.21937290000001,38.6255109],[-123.2193878,38.6255507],[-123.219317,38.6258319],[-123.21925439999998,38.6259627],[-123.21912529999999,38.6260225],[-123.218949,38.6260349],[-123.2186986,38.6260813],[-123.21846020000001,38.6261879],[-123.2182726,38.62636339999999],[-123.2181447,38.6265272],[-123.2180299,38.6266598],[-123.21789160000002,38.6267704],[-123.217724,38.6268412],[-123.217497,38.6269148],[-123.2173904,38.6270477],[-123.21750580000001,38.6271142],[-123.2176698,38.6271559],[-123.2177699,38.6273896],[-123.2178794,38.6275104],[-123.21804889999999,38.6275424],[-123.2182106,38.627545],[-123.21835669999999,38.6275113],[-123.21865439999998,38.6274155],[-123.2190111,38.6274299],[-123.2192394,38.6274608],[-123.2193616,38.6274925],[-123.21937170000001,38.6275779],[-123.2193215,38.6277445],[-123.2191513,38.6280463],[-123.2190273,38.6282113],[-123.2190122,38.6282977],[-123.21908660000001,38.6283963],[-123.2192818,38.6284465],[-123.2195396,38.6284436],[-123.2199551,38.6281928],[-123.22012110000001,38.628163],[-123.2202223,38.6281204],[-123.2204829,38.6280759],[-123.22048009999997,38.6282535],[-123.2205314,38.6282853],[-123.220548,38.628392],[-123.2204391,38.6284822],[-123.2201941,38.6286493],[-123.21999,38.628921],[-123.21965429999999,38.6290226],[-123.21940939999999,38.6291783],[-123.2191865,38.6293618],[-123.2188124,38.6294819],[-123.2186465,38.6295537],[-123.21855110000001,38.6296963],[-123.21857039999998,38.6298105],[-123.21870410000001,38.629943],[-123.21897039999999,38.630145],[-123.21932570000001,38.6304786],[-123.2195093,38.6306447],[-123.21974460000001,38.6308422],[-123.2199001,38.6309637],[-123.22007520000001,38.630994],[-123.22028439999998,38.6309607],[-123.22045170000001,38.6308959],[-123.2206165,38.6308171],[-123.2207469,38.6307575],[-123.220933,38.6307167],[-123.2211356,38.630671],[-123.221411,38.630653],[-123.2217747,38.6306632],[-123.221979,38.6306378],[-123.2221927,38.6306145],[-123.22238030000001,38.6305915],[-123.2225535,38.6305553],[-123.2227818,38.6305239],[-123.22298180000001,38.630527],[-123.2231198,38.6306138],[-123.22331039999999,38.6307587],[-123.2234808,38.6308025],[-123.223622,38.6307551],[-123.2237177,38.6306849],[-123.2238063,38.6304929],[-123.2238464,38.6303815],[-123.2238806,38.6302656],[-123.22392389999999,38.6301965],[-123.2239568,38.6300185],[-123.2240575,38.6298564],[-123.2241403,38.6298246],[-123.2242762,38.62983],[-123.2244349,38.6297735],[-123.2246716,38.6297009],[-123.22484539999998,38.6295922],[-123.2249841,38.629475],[-123.2251122,38.6294271],[-123.2252698,38.6295284],[-123.22543850000001,38.6295807],[-123.2256498,38.6296129],[-123.22586589999999,38.6296202],[-123.2259852,38.6295603],[-123.2261337,38.6295558],[-123.22622330000002,38.6296492],[-123.2263521,38.6298065],[-123.22650890000001,38.6299272],[-123.2266689,38.6299897],[-123.2268331,38.6300492],[-123.2269844,38.6301014],[-123.2271347,38.6301373],[-123.2272565,38.6301363],[-123.22729020000001,38.6301204],[-123.22737660000001,38.6300086],[-123.2274875,38.6298757],[-123.2276176,38.629743],[-123.22778259999998,38.6296788],[-123.22795110000001,38.6296299],[-123.228143,38.62954149999999],[-123.2283414,38.6294082],[-123.2284632,38.6293082],[-123.2285706,38.6293326],[-123.2287215,38.6293851],[-123.22886980000001,38.6294306],[-123.2290092,38.6294076],[-123.22909569999999,38.6294753],[-123.2291916,38.6295809],[-123.2293708,38.6297442],[-123.2295153,38.6298964],[-123.22964959999999,38.6299609],[-123.2297582,38.6299661],[-123.2299675,38.6299392],[-123.230181,38.6299271],[-123.23051780000002,38.629903],[-123.23085510000001,38.6298334],[-123.2310758,38.6297351],[-123.2316272,38.629436],[-123.23207350000001,38.6293027],[-123.2322905,38.6292709],[-123.23271259999999,38.6291393],[-123.2330165,38.6289675],[-123.2331697,38.6287769],[-123.2332463,38.6286091],[-123.2332999,38.6284904],[-123.23340929999998,38.62849029999999],[-123.2335393,38.6285476],[-123.2336655,38.6285981],[-123.2338789,38.6285876],[-123.2339695,38.6285354],[-123.2340066,38.6285111],[-123.2340954,38.6284982],[-123.2341368,38.6285697],[-123.2342883,38.6287221],[-123.2344742,38.6289177],[-123.2346905,38.6290364],[-123.2349511,38.6291358],[-123.23525610000002,38.6291816],[-123.23544,38.6292104],[-123.2356058,38.6292865],[-123.2357922,38.6293532],[-123.236041,38.6294351],[-123.2363058,38.6294938],[-123.2366142,38.6295304],[-123.2368801,38.6295014],[-123.2371206,38.6294431],[-123.23738120000002,38.6293047],[-123.237528,38.6293535],[-123.2376937,38.6294344],[-123.23792459999999,38.6294685],[-123.2383265,38.629485],[-123.23869089999998,38.6295037],[-123.2388879,38.6294982],[-123.2390846,38.6294895],[-123.2392714,38.6294798],[-123.2393554,38.629671],[-123.23965450000001,38.6300438],[-123.23994610000001,38.6303151],[-123.2400755,38.6303639],[-123.24028829999997,38.63031559999999],[-123.2406155,38.6301059],[-123.24076889999998,38.6300093],[-123.2408498,38.6299281],[-123.24093590000001,38.6299484],[-123.2411209,38.6299352],[-123.24126740000001,38.6299095],[-123.2413992,38.6298175],[-123.2415367,38.6297184],[-123.2417407,38.6297829],[-123.2418927,38.6298385],[-123.2420469,38.629862],[-123.24218580000002,38.6298122],[-123.2423165,38.6297064],[-123.2423602,38.6296113],[-123.2424428,38.629507],[-123.24244429999999,38.6293461],[-123.2423881,38.6292668],[-123.2423656,38.6289872],[-123.242505,38.6289693],[-123.24270469999998,38.628966],[-123.2430246,38.6289502],[-123.2432115,38.6289168],[-123.2434136,38.6287993],[-123.2436765,38.628632],[-123.2438053,38.628533],[-123.24393,38.6283849],[-123.2439807,38.6282798],[-123.24401669999997,38.6281033],[-123.2440198,38.6278649],[-123.2440606,38.6277797],[-123.24408880000001,38.62762439999999],[-123.2441684,38.6276085],[-123.2441046,38.6272504],[-123.24406030000002,38.6267573],[-123.2441265,38.6265474],[-123.244273,38.6263176],[-123.2443333,38.6261246],[-123.24432920000001,38.6260076],[-123.2442117,38.6258812],[-123.2441998,38.6256095],[-123.24426629999998,38.6256301],[-123.2443271,38.6257027],[-123.2444196,38.6258242],[-123.2444551,38.62599],[-123.244541,38.626093],[-123.2447059,38.6262001],[-123.244904,38.6262633],[-123.2450555,38.6263048],[-123.24509649999997,38.6264057],[-123.2451163,38.6266465],[-123.2452944,38.6269193],[-123.24546339999998,38.6270838],[-123.2457445,38.6273223],[-123.2459839,38.6274123],[-123.246206,38.6274837],[-123.2463485,38.6275083],[-123.24656209999998,38.6274884],[-123.2466913,38.6274194],[-123.2468597,38.6274257],[-123.24691489999998,38.6274967],[-123.24695740000001,38.6276121],[-123.2471027,38.62784089999999],[-123.2473357,38.6281303],[-123.24766229999997,38.6283983],[-123.24791529999999,38.6285228],[-123.2481235,38.6285969],[-123.2482661,38.6286323],[-123.2483303,38.6287057],[-123.24832859999998,38.6290399],[-123.2483734,38.6291517],[-123.24841850000001,38.6292335],[-123.24842779999999,38.629372],[-123.24835580000001,38.6294706],[-123.2479844,38.6297085],[-123.24797919999999,38.6298481],[-123.2481469,38.6299732],[-123.2483267,38.6300703],[-123.24853679999998,38.6302769],[-123.24897259999999,38.6305966],[-123.2493146,38.6307079],[-123.2496059,38.6307834],[-123.24970769999999,38.6310563],[-123.249836,38.6312059],[-123.2500294,38.6313085],[-123.25050119999999,38.6315566],[-123.2502545,38.6318517],[-123.25024509999999,38.6320838],[-123.25066419999999,38.6326085],[-123.2507374,38.63276469999999],[-123.2506857,38.6329081],[-123.2503738,38.6330521],[-123.2501134,38.6332034],[-123.250032,38.6333214],[-123.2501159,38.6334617],[-123.25025389999998,38.633575],[-123.2505624,38.6337377],[-123.25109659999998,38.6341971],[-123.251643,38.6346664],[-123.2516346,38.63479249999999],[-123.2514208,38.6349838],[-123.2513798,38.6352743],[-123.25133089999999,38.6354499],[-123.2512645,38.6355568],[-123.2511174,38.6356394],[-123.25085379999999,38.6357607],[-123.2506378,38.6358927],[-123.25057779999999,38.6360248],[-123.2505317,38.6361346],[-123.2504626,38.6361916],[-123.2501629,38.6362758],[-123.24993969999998,38.6363614],[-123.2499358,38.6365096],[-123.25014789999999,38.6365867],[-123.2503637,38.6366013],[-123.2505915,38.6366371],[-123.2506993,38.6367761],[-123.2511223,38.6373862],[-123.2512319,38.6374194],[-123.251435,38.6374231],[-123.2515257,38.6374966],[-123.2515591,38.6376869],[-123.25155829999999,38.6378663],[-123.2516376,38.6380241],[-123.25169240000001,38.6382509],[-123.25167,38.6385767],[-123.251738,38.63867229999999],[-123.25195869999999,38.63895989999999],[-123.25222739999998,38.639218],[-123.25252559999998,38.639438],[-123.252801,38.6395865],[-123.25294629999998,38.6395668],[-123.2530593,38.6395595],[-123.2533526,38.6399356],[-123.2537692,38.6404644],[-123.253929,38.6405647],[-123.25430659999998,38.6408139],[-123.25458010000001,38.6410931],[-123.2546685,38.6414326],[-123.254764,38.6416297],[-123.2549289,38.6417841],[-123.2557903,38.6422726],[-123.2564587,38.6427396],[-123.2568938,38.6429538],[-123.2571927,38.6429909],[-123.2574612,38.6430283],[-123.25753890000001,38.6431439],[-123.2575328,38.6433714],[-123.2575641,38.6435431],[-123.25778149999998,38.64367379999999],[-123.2582935,38.6439876],[-123.2589576,38.6443826],[-123.25960280000001,38.6446939],[-123.2600758,38.6451282],[-123.2605789,38.6453869],[-123.26112289999998,38.6455924],[-123.2614919,38.64572],[-123.261784,38.6458689],[-123.26192789999999,38.6459842],[-123.26195749999998,38.6461294],[-123.2616879,38.6463033],[-123.26159469999999,38.6464085],[-123.2615586,38.6465207],[-123.2616446,38.64696269999999],[-123.2616918,38.647193],[-123.2817211,38.6476171],[-123.2822312,38.6343194],[-123.28238610000001,38.6342997],[-123.2825159,38.6342307],[-123.28270809999998,38.6341466],[-123.28291259999999,38.6340218],[-123.28308229999998,38.6339893],[-123.2831658,38.6339495],[-123.2835092,38.6336482],[-123.28457510000001,38.6336624],[-123.284724,38.6337462],[-123.2847553,38.6338303],[-123.28482869999998,38.6338723],[-123.2849593,38.6339328],[-123.285129,38.6339317],[-123.2852352,38.6339856],[-123.2853383,38.6340839],[-123.2854553,38.6342234],[-123.28560739999999,38.634319],[-123.28580369999999,38.634408],[-123.28597710000001,38.6344938],[-123.286186,38.6347614],[-123.286245,38.6350049],[-123.28626609999998,38.6352321],[-123.28634059999999,38.6353413],[-123.2864693,38.635393],[-123.2866326,38.6354556],[-123.28679760000001,38.6354864],[-123.2869478,38.6354796],[-123.287085,38.6354209],[-123.2874024,38.6352756],[-123.2877595,38.6350896],[-123.28804879999998,38.6349914],[-123.2883328,38.6349257],[-123.2884485,38.6348936],[-123.288521,38.634842],[-123.2886993,38.6346638],[-123.2889921,38.6344126],[-123.289343,38.6341986],[-123.28957050000001,38.6341448],[-123.2898104,38.6341611],[-123.290048,38.6342156],[-123.29032830000001,38.6343375],[-123.2908648,38.6346054],[-123.2911562,38.6347531],[-123.2915663,38.6349571],[-123.2920784,38.6351519],[-123.2923051,38.6352045],[-123.2924638,38.635251],[-123.2925856,38.6352621],[-123.2927239,38.6353293],[-123.29284519999999,38.6354805],[-123.29298290000001,38.6357266],[-123.29312669999999,38.6359964],[-123.2932781,38.636169],[-123.2937916,38.6365125],[-123.29386609999999,38.6365389],[-123.293932,38.6365679],[-123.2940657,38.6365869],[-123.2941625,38.636644],[-123.2942411,38.6366816],[-123.2943626,38.6366929],[-123.2945027,38.6367319],[-123.294619,38.6368516],[-123.2947928,38.6369956],[-123.2949569,38.6370433],[-123.2951193,38.6370409],[-123.2953089,38.637167],[-123.2954894,38.6373561],[-123.2958803,38.6377499],[-123.29627879999998,38.6381029],[-123.2965154,38.6385013],[-123.2966914,38.6389147],[-123.2967231,38.6391796],[-123.2968216,38.6394161],[-123.2970254,38.6397617],[-123.2972162,38.640035],[-123.2973924,38.6402341],[-123.29760270000001,38.6404018],[-123.2980093,38.640712],[-123.2982412,38.6409286],[-123.2983364,38.6410432],[-123.29850829999998,38.6413612],[-123.2986368,38.64164179999999],[-123.2987763,38.6418264],[-123.3274695,38.6417159],[-123.327477,38.6413829],[-123.32741190000002,38.64120779999999],[-123.3272617,38.641058],[-123.327013,38.6408634],[-123.3267337,38.6406414],[-123.3264164,38.6403456],[-123.3262413,38.6401194],[-123.32617010000001,38.6399255],[-123.3262723,38.6397651],[-123.326488,38.6397564],[-123.3267781,38.6399529],[-123.3270334,38.64007739999999],[-123.3272636,38.6401392],[-123.32748609999999,38.6401824],[-123.3277982,38.6401976],[-123.32807349999999,38.6401851],[-123.3281183,38.6403346],[-123.328345,38.6404207],[-123.3283326,38.6407514],[-123.328445,38.64100649999999],[-123.328699,38.6413739],[-123.3291329,38.6417406],[-123.3298063,38.6422467],[-123.3302553,38.6424956],[-123.33100060000001,38.6428827],[-123.33138159999999,38.6430944],[-123.3315881,38.6432112],[-123.331849,38.6433014],[-123.33212179999998,38.6433823],[-123.3325414,38.6434],[-123.33268529999998,38.6434149],[-123.3329887,38.6435606],[-123.3332538,38.6435761],[-123.3335346,38.64355279999999],[-123.33378429999998,38.6434245],[-123.3340244,38.6433171],[-123.3341521,38.643256],[-123.3342332,38.6432872],[-123.3343164,38.6434437],[-123.33441390000002,38.6435776],[-123.3343219,38.6437783],[-123.33424239999998,38.6440472],[-123.3342334,38.6443471],[-123.3343222,38.6447469],[-123.3345091,38.6451043],[-123.3347973,38.6455005],[-123.3352515,38.6458702],[-123.3355191,38.6460445],[-123.3359311,38.6462329],[-123.33617129999998,38.64625859999999],[-123.3368465,38.6462423],[-123.3372991,38.646189],[-123.33770039999999,38.6461199],[-123.3379238,38.6460924],[-123.3380815,38.6461202],[-123.3383539,38.6462165],[-123.3389848,38.6463702],[-123.3394325,38.6464179],[-123.33988489999999,38.6464267],[-123.340175,38.6463913],[-123.3404009,38.6463346],[-123.3405988,38.6462424],[-123.340734,38.6462336],[-123.3408415,38.646315],[-123.34097450000002,38.6466991],[-123.34120290000001,38.6470468],[-123.34144920000001,38.6472582],[-123.3416396,38.647378],[-123.34187550000001,38.6474832],[-123.3419578,38.6474961],[-123.3421354,38.6475462],[-123.34261210000001,38.647548],[-123.34284550000001,38.6475448],[-123.34297810000001,38.6475851],[-123.3431536,38.6476453],[-123.3432957,38.6476966],[-123.3434418,38.64772569999999],[-123.34359219999999,38.647745],[-123.34382749999999,38.6477149],[-123.34405880000001,38.6476067],[-123.34418,38.647536],[-123.34423910000001,38.6474277],[-123.3442512,38.6473045],[-123.34422319999999,38.6468249],[-123.3443056,38.6466916],[-123.3444493,38.6466255],[-123.3449723,38.6465547],[-123.34520970000001,38.6464981],[-123.345581,38.6464733],[-123.34570129999997,38.6464395],[-123.34604429999999,38.6463338],[-123.34640059999998,38.6462235],[-123.346664,38.6461357],[-123.3468692,38.6460891],[-123.3471117,38.6459501],[-123.3472997,38.6458235],[-123.34748750000001,38.6456649],[-123.34769019999999,38.64558549999999],[-123.34785449999998,38.6455485],[-123.34802409999999,38.6454898],[-123.34813619999998,38.645363],[-123.348198,38.6452206],[-123.348238,38.6448286],[-123.34826229999997,38.6444919],[-123.3482907,38.6441972],[-123.3483433,38.6439378],[-123.3484221,38.6437652],[-123.34860990000001,38.643626],[-123.34885290000001,38.6435408],[-123.348998,38.6434211],[-123.349021,38.64328709999999],[-123.3489716,38.6428773],[-123.34892760000001,38.6424948],[-123.3488085,38.6421705],[-123.3487039,38.6419793],[-123.3485574,38.6417756],[-123.348264,38.6415107],[-123.3479596,38.6413673],[-123.3477952,38.64132019999999],[-123.34760089999999,38.6412961],[-123.347368,38.6411989],[-123.3471841,38.6411258],[-123.34698809999998,38.6411006],[-123.3468598,38.6410811],[-123.3464947,38.6408274],[-123.346412,38.6407103],[-123.34640429999999,38.6404491],[-123.3463576,38.6403179],[-123.3462903,38.6402065],[-123.34609519999998,38.6400461],[-123.3459382,38.63993029999999],[-123.345935,38.6398051],[-123.3459551,38.6397372],[-123.345952,38.6395477],[-123.34578150000002,38.6393297],[-123.3457283,38.6392411],[-123.3456313,38.6391846],[-123.3451757,38.6389837],[-123.3448901,38.6388945],[-123.3446516,38.6388148],[-123.34447769999998,38.6387394],[-123.3442878,38.6385699],[-123.34415960000001,38.6383058],[-123.3440853,38.6381133],[-123.3440953,38.6378297],[-123.34417819999999,38.6375706],[-123.34422830000001,38.6373335],[-123.3442147,38.6370798],[-123.3441518,38.6369069],[-123.3440536,38.6366448],[-123.3439553,38.6364694],[-123.34382669999998,38.6363367],[-123.3436615,38.6361849],[-123.3435229,38.6361147],[-123.34335560000001,38.6360986],[-123.3430318,38.6361102],[-123.3427004,38.636135],[-123.3422878,38.6361588],[-123.3420049,38.6361839],[-123.3416819,38.6361956],[-123.34142220000001,38.6361962],[-123.3413431,38.6361397],[-123.3410905,38.6360425],[-123.34085370000001,38.635907],[-123.3408497,38.6357754],[-123.3409965,38.6354523],[-123.3411176,38.635123],[-123.3411831,38.6349212],[-123.34120069999999,38.6347664],[-123.3412,38.6345618],[-123.3411464,38.6344224],[-123.341063,38.6342733],[-123.3408865,38.634054],[-123.34059230000001,38.6338046],[-123.3402804,38.6336661],[-123.34003229999998,38.6336029],[-123.3397874,38.6335644],[-123.3395157,38.6333961],[-123.33919729999998,38.6332629],[-123.33883480000001,38.6331486],[-123.338555,38.6330778],[-123.33844339999997,38.6329762],[-123.338257,38.632834],[-123.338131,38.6327831],[-123.33806670000001,38.6326886],[-123.3378364,38.6324606],[-123.3377021,38.6322954],[-123.3377533,38.6322047],[-123.3379299,38.6321432],[-123.33823449999998,38.6319859],[-123.33839220000002,38.6318622],[-123.3384455,38.631777],[-123.3385371,38.63150859999999],[-123.3385288,38.6311599],[-123.338438,38.6310078],[-123.338257,38.6308324],[-123.338035,38.6306508],[-123.3375679,38.6303327],[-123.3371773,38.6300478],[-123.33704840000001,38.62993],[-123.3369769,38.629813],[-123.3368652,38.629607],[-123.336792,38.62932019999999],[-123.33655789999999,38.6292421],[-123.33623689999999,38.6292246],[-123.33583120000002,38.6291977],[-123.33540010000002,38.6292315],[-123.3350255,38.6292402],[-123.3347001,38.6292259],[-123.3344203,38.6291639],[-123.3341069,38.6290886],[-123.33394170000001,38.62907219999999],[-123.33366470000001,38.6290664],[-123.3334511,38.6290615],[-123.33333389999999,38.6289808],[-123.3333476,38.6288535],[-123.33349059999998,38.6287108],[-123.33372960000001,38.6285045],[-123.33400209999998,38.6282059],[-123.33423270000002,38.6278548],[-123.33439279999999,38.6275701],[-123.334416,38.6274484],[-123.3344125,38.6271339],[-123.3343446,38.626902],[-123.3342241,38.6266952],[-123.33407550000001,38.6264439],[-123.3339613,38.6262056],[-123.3339554,38.6260028],[-123.3340155,38.6258085],[-123.33408619999999,38.6255828],[-123.334074,38.6253295],[-123.33403620000001,38.6250075],[-123.3339682,38.6249093],[-123.3337435,38.6247765],[-123.33352250000002,38.624534],[-123.3330958,38.6242195],[-123.3328084,38.6240353],[-123.33244409999998,38.62383],[-123.3320218,38.623652],[-123.33171220000001,38.6235453],[-123.3313575,38.6234339],[-123.3311102,38.6232406],[-123.3307669,38.6232296],[-123.3304021,38.6232741],[-123.3300645,38.6233337],[-123.3297248,38.6235663],[-123.3294002,38.6237934],[-123.32911079999998,38.6239809],[-123.3288012,38.6242004],[-123.32859029999997,38.6243787],[-123.32848120000001,38.6243339],[-123.32829539999997,38.6241799],[-123.3279644,38.624016],[-123.3277497,38.6239175],[-123.32760259999998,38.6238971],[-123.3273545,38.6238923],[-123.3273001,38.6238167],[-123.3273716,38.6237128],[-123.32749039999997,38.6234547],[-123.3274958,38.62320169999999],[-123.32749129999998,38.6229976],[-123.3275305,38.6226603],[-123.3276153,38.6222678],[-123.3276111,38.6219256],[-123.32758349999999,38.6217085],[-123.3273697,38.6212305],[-123.3272871,38.6209421],[-123.3272605,38.6206736],[-123.3273009,38.620503],[-123.3273572,38.6203508],[-123.327384,38.6201328],[-123.32737909999997,38.6199064],[-123.32731109999999,38.6198098],[-123.3271827,38.6197213],[-123.3270277,38.6197204],[-123.3269045,38.6197744],[-123.3265655,38.6200189],[-123.3264313,38.6199993],[-123.3261566,38.6198489],[-123.32556980000001,38.6196237],[-123.3252977,38.6196228],[-123.32517890000001,38.6196769],[-123.3250847,38.6197147],[-123.3249554,38.6197315],[-123.32480860000001,38.6196426],[-123.32461319999997,38.6195926],[-123.3244063,38.6195765],[-123.3241653,38.6196052],[-123.3240759,38.6195953],[-123.3239471,38.6195342],[-123.3237836,38.6195346],[-123.3236075,38.61952739999999],[-123.3236733,38.6193891],[-123.3237739,38.6192484],[-123.32373549999998,38.6188461],[-123.3237006,38.6186821],[-123.3236613,38.6185561],[-123.3236038,38.61844],[-123.3234805,38.6183496],[-123.3233732,38.6182571],[-123.32334969999998,38.6181399],[-123.32332980000001,38.6179057],[-123.3232345,38.6177024],[-123.323069,38.6174401],[-123.3229552,38.6173244],[-123.32278749999998,38.6172508],[-123.3226081,38.6172329],[-123.32255280000001,38.6171654],[-123.3226044,38.617034],[-123.3227663,38.616806],[-123.3227312,38.616381],[-123.32259029999999,38.6161876],[-123.3223661,38.6159841],[-123.32216210000001,38.6158957],[-123.3219651,38.6158991],[-123.3215818,38.6159005],[-123.32145059999998,38.6158408],[-123.321306,38.6157111],[-123.3210583,38.6155413],[-123.3208766,38.6154736],[-123.32071420000001,38.6154845],[-123.3205545,38.6154519],[-123.3205357,38.6153822],[-123.3206531,38.6152564],[-123.32062780000001,38.6150742],[-123.32045110000001,38.6149144],[-123.32022409999998,38.6147821],[-123.3199059,38.6145637],[-123.3197663,38.6145205],[-123.31939620000001,38.6145446],[-123.3192123,38.6145018],[-123.3190123,38.6144243],[-123.3188189,38.6143065],[-123.3185185,38.6140384],[-123.3183548,38.6139067],[-123.3182412,38.6138947],[-123.3179345,38.6138892],[-123.317742,38.6139003],[-123.3176118,38.6139752],[-123.3175778,38.6141051],[-123.3173972,38.6140928],[-123.3169367,38.6139964],[-123.3168315,38.6140277],[-123.3167909,38.6140801],[-123.31679989999998,38.6142796],[-123.31679,38.6143516],[-123.3167302,38.614381],[-123.3166587,38.6144012],[-123.31652259999998,38.6143026],[-123.31622309999999,38.6141885],[-123.31600659999998,38.6141881],[-123.31585469999999,38.6142348],[-123.3156973,38.6143693],[-123.3155475,38.6143169],[-123.31526190000001,38.6142063],[-123.3149985,38.6142212],[-123.3147873,38.6142563],[-123.3146865,38.6143473],[-123.31457540000001,38.6143549],[-123.3144292,38.6142291],[-123.31408959999999,38.6139469],[-123.3138056,38.6139584],[-123.3134272,38.6142929],[-123.3131583,38.6145519],[-123.3129669,38.6146345],[-123.3124302,38.6150233],[-123.3123874,38.615128],[-123.3121169,38.6150983],[-123.3120623,38.6149497],[-123.31192069999999,38.6147384],[-123.31191240000001,38.6145991],[-123.3119476,38.614408],[-123.3119402,38.6141436],[-123.31183259999999,38.6139538],[-123.3116912,38.613858],[-123.3115279,38.6137838],[-123.31118279999998,38.6138449],[-123.310874,38.61392],[-123.3106245,38.6139535],[-123.3103985,38.6139473],[-123.31017859999999,38.6138112],[-123.3098857,38.613452],[-123.30963159999999,38.6131663],[-123.3094964,38.613076],[-123.3093295,38.6130249],[-123.30882450000001,38.613037],[-123.3085575,38.6131223],[-123.3083494,38.613236],[-123.30827269999999,38.6132709],[-123.3082009,38.6132715],[-123.3081779,38.6132291],[-123.3081099,38.6130163],[-123.30791520000001,38.6127124],[-123.3078315,38.6125885],[-123.30766279999999,38.6124721],[-123.3074223,38.6123259],[-123.30732320000001,38.6122393],[-123.30724,38.6121236],[-123.3071382,38.6119603],[-123.306979,38.6116066],[-123.30686980000002,38.6113863],[-123.30675319999999,38.6112376],[-123.3065336,38.6111622],[-123.3062823,38.6111469],[-123.30616849999998,38.6111503],[-123.3061467,38.6110644],[-123.3060116,38.6108265],[-123.30586,38.6106436],[-123.305617,38.6104735],[-123.30537539999999,38.6103729],[-123.30498219999998,38.6102565],[-123.3046868,38.6102474],[-123.30454169999999,38.6103423],[-123.304328,38.6105526],[-123.3041014,38.6109296],[-123.3040499,38.6111381],[-123.30385550000001,38.6114188],[-123.3037558,38.611423],[-123.30360080000001,38.6113622],[-123.30337829999998,38.6112869],[-123.3030771,38.6112649],[-123.3029575,38.6112143],[-123.302846,38.6111738],[-123.3025418,38.6110501],[-123.3023734,38.6110309],[-123.30204819999999,38.6110903],[-123.30184480000001,38.6111165],[-123.30132990000001,38.61116459999999],[-123.30095460000001,38.6111862],[-123.3006138,38.6111934],[-123.3004048,38.611225],[-123.30030939999997,38.6112543],[-123.30011249999998,38.6113915],[-123.299927,38.6116336],[-123.2998884,38.6117606],[-123.2998881,38.6120771],[-123.29993959999999,38.6121554],[-123.3000088,38.6123335],[-123.2999169,38.6123811],[-123.29980339999999,38.6124025],[-123.29975420000001,38.612442],[-123.29973749999998,38.6125527],[-123.2998162,38.6126305],[-123.299899,38.6126876],[-123.299924,38.6127631],[-123.29999570000001,38.6128482],[-123.3000514,38.6128801],[-123.30006530000001,38.6129235],[-123.2998896,38.6130282],[-123.29973869999998,38.613189],[-123.2996833,38.6133001],[-123.2996626,38.6134292],[-123.2997273,38.6135752],[-123.2997283,38.6138448],[-123.2995756,38.6139769],[-123.2993679,38.6141664],[-123.2993424,38.6144184],[-123.2994633,38.6145743],[-123.2996477,38.61487],[-123.2997569,38.6149845],[-123.2995666,38.6150823],[-123.29935730000001,38.6152508],[-123.29919740000001,38.6155359],[-123.29920549999999,38.6157158],[-123.2990376,38.6157036],[-123.2987645,38.615652],[-123.29837710000001,38.6156908],[-123.2982116,38.615801],[-123.2980705,38.6160844],[-123.2980105,38.6163642],[-123.29801230000001,38.6166022],[-123.2981107,38.6167735],[-123.298259,38.6169742],[-123.2984334,38.6171713],[-123.29844209999999,38.6173337],[-123.2982355,38.617661],[-123.2981845,38.6178879],[-123.29819359999998,38.6182587],[-123.29826190000001,38.6187685],[-123.2983171,38.6190529],[-123.29843380000001,38.6192535],[-123.2985457,38.6194139],[-123.2986407,38.6195458],[-123.2985348,38.6195464],[-123.29822139999999,38.6195618],[-123.2980571,38.6193912],[-123.297926,38.619208],[-123.2978661,38.6190799],[-123.2977936,38.6188821],[-123.2976825,38.6187116],[-123.2975893,38.6186503],[-123.29747610000001,38.6186008],[-123.29726609999999,38.6186355],[-123.297117,38.6186916],[-123.29688259999999,38.6187644],[-123.29670959999999,38.6187677],[-123.2967214,38.6186048],[-123.29673260000001,38.61839289999999],[-123.2967185,38.6181205],[-123.2966118,38.6178522],[-123.2964096,38.6176248],[-123.29628860000001,38.6175707],[-123.2961169,38.6175593],[-123.2960554,38.6175978],[-123.2959696,38.6176119],[-123.2959507,38.6175195],[-123.2960026,38.6172692],[-123.296063,38.6170807],[-123.2960904,38.6168015],[-123.29602759999999,38.6167299],[-123.2959087,38.6166273],[-123.295798,38.61661919999999],[-123.29564629999999,38.6166634],[-123.2953832,38.6167824],[-123.29513149999998,38.6167876],[-123.2949876,38.6168794],[-123.2949116,38.6168761],[-123.29478970000001,38.6167726],[-123.294649,38.6166654],[-123.2942686,38.6164939],[-123.2941217,38.6164799],[-123.294076,38.616414],[-123.29389320000001,38.6162379],[-123.29375340000001,38.616141],[-123.2935567,38.6160804],[-123.29335449999998,38.6160078],[-123.2933051,38.6159699],[-123.2932975,38.6157846],[-123.2932216,38.6157239],[-123.2930799,38.6156225],[-123.29305249999999,38.6154812],[-123.2929895,38.6153623],[-123.292856,38.6152862],[-123.29282750000002,38.6152078],[-123.2928449,38.6150166],[-123.2929241,38.6148823],[-123.292935,38.6147202],[-123.2929228,38.6146278],[-123.2928829,38.6145661],[-123.2928832,38.6144857],[-123.2929169,38.6143748],[-123.2931807,38.6139358],[-123.2933174,38.6135746],[-123.29336989999999,38.613453],[-123.29370480000001,38.6132589],[-123.2937905,38.61319],[-123.293799,38.6130201],[-123.29368980000001,38.6129103],[-123.29352150000001,38.6129105],[-123.29338170000001,38.6128626],[-123.2932159,38.6128591],[-123.29308649999999,38.612936],[-123.29283089999998,38.6131092],[-123.2926958,38.6131678],[-123.2925633,38.6131921],[-123.2923708,38.6131953],[-123.2918747,38.6132237],[-123.29157819999999,38.6132698],[-123.2914296,38.6132699],[-123.29126020000001,38.6132263],[-123.2910537,38.6131506],[-123.2908238,38.6130563],[-123.2905409,38.6130695],[-123.29042049999998,38.6131366],[-123.2902449,38.6133438],[-123.2902033,38.6134299],[-123.2900822,38.6135176],[-123.28991,38.6135628],[-123.2896945,38.6136485],[-123.28957050000001,38.613717],[-123.2893931,38.6138722],[-123.28927309999999,38.6139393],[-123.2890404,38.6140166],[-123.2888338,38.6140752],[-123.28859209999999,38.6142151],[-123.2884372,38.61443089999999],[-123.2883978,38.6146591],[-123.2883969,38.6148653],[-123.2883857,38.6149981],[-123.2883396,38.6151744],[-123.2882844,38.6153306],[-123.2882498,38.6154668],[-123.2881662,38.6154927],[-123.28798390000001,38.6153562],[-123.28791310000001,38.6153622],[-123.2878371,38.6154688],[-123.28773280000001,38.6155663],[-123.2876556,38.6155436],[-123.28767149999999,38.615452],[-123.28773049999998,38.6152458],[-123.2877181,38.6150851],[-123.28763689999998,38.6148618],[-123.28747840000001,38.6147128],[-123.2872041,38.6146405],[-123.2868988,38.6145941],[-123.286604,38.6146528],[-123.2864389,38.6146752],[-123.2864261,38.6146248],[-123.2865838,38.6144295],[-123.2867328,38.6143783],[-123.28685409999999,38.6143217],[-123.2869494,38.6141958],[-123.28699189999998,38.6140621],[-123.2873176,38.61384849999999],[-123.2876302,38.6135833],[-123.28780060000001,38.6133343],[-123.2877966,38.6130506],[-123.28773070000001,38.6129663],[-123.2876036,38.6127865],[-123.2874759,38.6125749],[-123.2874188,38.6125339],[-123.2872661,38.6124882],[-123.2871178,38.6123905],[-123.2869775,38.6123579],[-123.28690049999999,38.612333],[-123.28686579999999,38.6122859],[-123.2867274,38.6121302],[-123.2865574,38.6119322],[-123.28653810000002,38.6118315],[-123.2865351,38.6115845],[-123.2865673,38.6114993],[-123.2867755,38.6111902],[-123.2869773,38.6108519],[-123.28697659999997,38.6106475],[-123.28694169999999,38.6105804],[-123.2868102,38.6104795],[-123.2866986,38.6104837],[-123.28661419999997,38.6105252],[-123.2865313,38.6105795],[-123.28639980000001,38.6105965],[-123.2862359,38.6106381],[-123.2859128,38.6106596],[-123.2858192,38.6106305],[-123.28559820000001,38.6105779],[-123.2852494,38.610576],[-123.2852373,38.6105857],[-123.28514960000001,38.6105847],[-123.2850709,38.6105796],[-123.28491989999998,38.6105119],[-123.2848258,38.6104904],[-123.28467439999999,38.6104842],[-123.2846087,38.6104501],[-123.2846058,38.610395],[-123.28467830000001,38.6103539],[-123.28479080000001,38.6103282],[-123.28486409999998,38.6102378],[-123.284883,38.6100942],[-123.28486070000001,38.6099572],[-123.284791,38.6098331],[-123.28467319999999,38.6096771],[-123.28461530000001,38.6095545],[-123.2844388,38.6091663],[-123.2843097,38.6089822],[-123.28426009999998,38.6089116],[-123.28425070000002,38.6088265],[-123.28428859999998,38.6087956],[-123.2844088,38.6087167],[-123.28449350000001,38.6086534],[-123.284559,38.6085885],[-123.28457630000001,38.6085514],[-123.28456949999998,38.6085051],[-123.284513,38.6084466],[-123.2844177,38.6083933],[-123.2842664,38.6083518],[-123.28416220000001,38.6082723],[-123.2840586,38.6081182],[-123.2839354,38.6079857],[-123.2838512,38.6079796],[-123.28369210000001,38.6079416],[-123.28369269999999,38.6078586],[-123.2837361,38.607842],[-123.28388380000001,38.6077416],[-123.28414930000001,38.6075662],[-123.2842406,38.6074558],[-123.2843251,38.6073684],[-123.2843485,38.6072875],[-123.2843442,38.6071381],[-123.2842777,38.6070439],[-123.2841235,38.6069234],[-123.2839603,38.6068733],[-123.283773,38.6068431],[-123.28355950000001,38.6068391],[-123.28349209999998,38.60674249999999],[-123.28337079999999,38.6066604],[-123.28327290000001,38.6066048],[-123.28317229999998,38.6065716],[-123.2831133,38.6065548],[-123.28309050000001,38.6065133],[-123.2830155,38.6064164],[-123.2829004,38.6063283],[-123.28272939999998,38.6062698],[-123.2826934,38.60621779999999],[-123.2826628,38.6060322],[-123.28253769999998,38.605811],[-123.2823439,38.6056905],[-123.281917,38.6051244],[-123.28184979999997,38.6049764],[-123.2818796,38.6044018],[-123.2818756,38.6039307],[-123.281802,38.6037042],[-123.2817223,38.6034197],[-123.2817297,38.6031455],[-123.28178789999998,38.6029797],[-123.28196930000001,38.60265649999999],[-123.28206870000001,38.6025808],[-123.28217129999999,38.6024528],[-123.28219019999999,38.6023258],[-123.28229669999999,38.6022137],[-123.2826704,38.6020124],[-123.2829082,38.6018229],[-123.2831551,38.6015673],[-123.2834212,38.6012112],[-123.2836401,38.600898],[-123.28383529999998,38.6006765],[-123.2840869,38.6005144],[-123.28438589999998,38.6005034],[-123.28469240000001,38.6005893],[-123.2849697,38.6007275],[-123.2851789,38.6008994],[-123.2853203,38.6011672],[-123.2853313,38.6014097],[-123.2852964,38.6016314],[-123.2852863,38.6020362],[-123.28535540000001,38.6022802],[-123.28550569999999,38.6025526],[-123.2857246,38.6029523],[-123.2857572,38.603196],[-123.285767,38.6036023],[-123.285884,38.6037389],[-123.28606560000001,38.603823],[-123.2862805,38.6038473],[-123.28660939999999,38.6038126],[-123.2868314,38.6037028],[-123.286939,38.6034976],[-123.287054,38.6032599],[-123.2871592,38.6030596],[-123.2871584,38.6028935],[-123.28706989999998,38.6027577],[-123.28708119999999,38.6025711],[-123.2870964,38.6024664],[-123.2871726,38.6022069],[-123.2873023,38.6020468],[-123.2874746,38.6019635],[-123.28756009999998,38.601962],[-123.28766080000001,38.6020015],[-123.2877822,38.6022143],[-123.28788809999999,38.6024218],[-123.288009,38.6026711],[-123.2880652,38.602997],[-123.2881821,38.6032691],[-123.2882986,38.6034128],[-123.2885726,38.6036257],[-123.2888005,38.6037807],[-123.2890229,38.603904],[-123.2890326,38.6041047],[-123.28915610000001,38.6042614],[-123.2894135,38.6044682],[-123.28969830000001,38.6045765],[-123.2903123,38.6046009],[-123.2905775,38.6046436],[-123.2908387,38.6048135],[-123.2911127,38.6049516],[-123.29130619999998,38.605039],[-123.2915367,38.6051214],[-123.2917483,38.6051403],[-123.29199659999998,38.605255],[-123.2921984,38.6054171],[-123.29272820000001,38.6056932],[-123.2928697,38.6056889],[-123.2929371,38.6055866],[-123.2928922,38.6054428],[-123.2927522,38.6053433],[-123.2925385,38.6052279],[-123.29227940000001,38.6050725],[-123.29216659999999,38.6049408],[-123.2919971,38.6046706],[-123.2918955,38.6045381],[-123.2916726,38.6042583],[-123.2914334,38.6038212],[-123.29128569999999,38.6031985],[-123.29125529999999,38.6029945],[-123.2912609,38.6026372],[-123.29141740000001,38.6024337],[-123.29181619999999,38.6020064],[-123.2921092,38.601754],[-123.2924504,38.6014083],[-123.2927266,38.6013116],[-123.2929567,38.6013099],[-123.293194,38.601379],[-123.2935063,38.6014964],[-123.2938094,38.6015737],[-123.2939579,38.6015938],[-123.2941078,38.6015113],[-123.2943239,38.601227],[-123.2944632,38.6011996],[-123.2945963,38.6012322],[-123.29477170000001,38.6013275],[-123.2950188,38.601475],[-123.2952101,38.6016059],[-123.2949808,38.6015605],[-123.29480110000002,38.6015823],[-123.2947656,38.60170319999999],[-123.2947686,38.6018768],[-123.29469109999998,38.6019653],[-123.2944996,38.6019956],[-123.2940263,38.6019944],[-123.2938306,38.6020218],[-123.293572,38.6021647],[-123.2933927,38.6023937],[-123.2933893,38.6025122],[-123.2934935,38.6026832],[-123.2934448,38.6027993],[-123.2934518,38.6029645],[-123.293519,38.6031146],[-123.2936322,38.6032904],[-123.293816,38.6034424],[-123.29404729999997,38.6035781],[-123.2943116,38.6036325],[-123.2945233,38.6036662],[-123.29475049999998,38.6036423],[-123.29512240000001,38.6035774],[-123.295486,38.6035724],[-123.2956608,38.6036464],[-123.2958591,38.6038156],[-123.2961363,38.6039574],[-123.2964012,38.6040181],[-123.2968328,38.6040139],[-123.29702379999998,38.6039603],[-123.29718489999998,38.6038731],[-123.2978199,38.6036749],[-123.2979455,38.6036718],[-123.2982934,38.6037822],[-123.2985495,38.6038109],[-123.2987634,38.6037744],[-123.2989478,38.6035959],[-123.2992357,38.6033756],[-123.2995038,38.6032751],[-123.2998123,38.6031473],[-123.29996240000001,38.6030737],[-123.30017869999999,38.6029146],[-123.30034970000001,38.6028094],[-123.3004805,38.6026505],[-123.3005751,38.6026392],[-123.30070339999999,38.6027201],[-123.30091440000001,38.6028713],[-123.30111660000001,38.6030123],[-123.3012679,38.6031719],[-123.3015253,38.6033431],[-123.30190119999999,38.6034972],[-123.3022078,38.603446],[-123.3023523,38.6033247],[-123.3023828,38.6031825],[-123.3025556,38.6030551],[-123.30270340000001,38.6028765],[-123.3027759,38.6026563],[-123.3028928,38.6023591],[-123.30301820000001,38.6021123],[-123.3030494,38.6018656],[-123.3030598,38.6017305],[-123.3030907,38.6017118],[-123.3032813,38.6017742],[-123.30348939999999,38.601864],[-123.3037658,38.6019024],[-123.3040569,38.6019593],[-123.3042862,38.6020432],[-123.3045386,38.6021283],[-123.3048868,38.602155],[-123.3050992,38.6020925],[-123.30524770000001,38.6019871],[-123.3053629,38.6018452],[-123.30553719999999,38.6017445],[-123.3057147,38.6015285],[-123.3057981,38.6014134],[-123.30585269999999,38.6013778],[-123.3059571,38.6013787],[-123.305977,38.6014379],[-123.3059694,38.6015483],[-123.306021,38.6016765],[-123.30610870000001,38.601776],[-123.306294,38.60180419999999],[-123.3064131,38.6017456],[-123.3065947,38.601618],[-123.3067448,38.6015995],[-123.3069224,38.6015239],[-123.3075055,38.6014581],[-123.3077383,38.6016566],[-123.30803309999999,38.6018262],[-123.308538,38.6018341],[-123.30868209999998,38.6018082],[-123.30905979999999,38.6016817],[-123.3093364,38.6015942],[-123.3095531,38.6014644],[-123.30979389999999,38.6014405],[-123.3098942,38.6015271],[-123.3100088,38.6018124],[-123.3101036,38.6021253],[-123.31017430000001,38.6022646],[-123.310304,38.6024137],[-123.3104645,38.6025063],[-123.31065140000001,38.60251009999999],[-123.31082309999998,38.6024139],[-123.3110223,38.6023079],[-123.3113179,38.6022981],[-123.3114699,38.6022734],[-123.31160189999999,38.6020926],[-123.3115843,38.6017616],[-123.3115481,38.6015943],[-123.31140419999998,38.6013763],[-123.3110979,38.6010562],[-123.3106141,38.6005845],[-123.31011749999998,38.600316],[-123.3096834,38.6001762],[-123.3096843,38.6001193],[-123.3098901,38.5999248],[-123.3099102,38.5996862],[-123.3098642,38.5992122],[-123.30971950000001,38.5989137],[-123.309483,38.5986768],[-123.3091286,38.5984401],[-123.30894509999999,38.5983402],[-123.3088763,38.5982947],[-123.30905539999998,38.5981407],[-123.30919809999999,38.5979642],[-123.3093179,38.5976485],[-123.3093495,38.5973377],[-123.3092572,38.5969379],[-123.30909930000001,38.5965667],[-123.3088063,38.5962501],[-123.3085018,38.596099],[-123.30819570000001,38.5959903],[-123.30819,38.5959395],[-123.3084134,38.595799],[-123.3086226,38.5956006],[-123.3087021,38.5953323],[-123.3086786,38.5950136],[-123.3085726,38.5947734],[-123.3084239,38.5946585],[-123.3082896,38.5945882],[-123.3081688,38.5944363],[-123.30798630000001,38.5943225],[-123.30776619999997,38.5941634],[-123.3076612,38.5940938],[-123.30763580000001,38.5940048],[-123.30781239999997,38.593989],[-123.3081192,38.5939534],[-123.3085655,38.593755],[-123.3088959,38.5934208],[-123.3090239,38.5930944],[-123.3089942,38.5928384],[-123.30875610000001,38.5925046],[-123.3085489,38.592105],[-123.3082648,38.5916822],[-123.3079217,38.5912511],[-123.30740689999999,38.5906905],[-123.3069907,38.5904617],[-123.3064796,38.5902327],[-123.30605770000001,38.5901515],[-123.30574929999999,38.5900913],[-123.305898,38.5898066],[-123.3059805,38.5895006],[-123.3059151,38.5890948],[-123.30554719999998,38.5885408],[-123.30515739999998,38.5882063],[-123.3048089,38.5880996],[-123.30436209999998,38.5880018],[-123.30393449999998,38.5880433],[-123.3034826,38.5881868],[-123.3031056,38.5883398],[-123.3028174,38.5883792],[-123.3025235,38.5884422],[-123.3023583,38.58839779999999],[-123.3022264,38.5882253],[-123.3019553,38.5880577],[-123.3014263,38.5878569],[-123.3008962,38.587615],[-123.30039690000001,38.5872372],[-123.3000097,38.5869477],[-123.29961429999999,38.5864002],[-123.2994191,38.586109],[-123.29870969999999,38.5854621],[-123.29801470000001,38.5848884],[-123.29771019999998,38.5847377],[-123.2968632,38.5842762],[-123.296271,38.5838934],[-123.29573789999998,38.5834401],[-123.29526910000001,38.58312809999999],[-123.294961,38.5830068],[-123.294663,38.582914],[-123.2945414,38.5828175],[-123.29432779999998,38.5825449],[-123.2939965,38.5820067],[-123.2935508,38.5812765],[-123.29342070000001,38.5807606],[-123.2933407,38.5803346],[-123.29324879999999,38.5800644],[-123.29308479999997,38.5797695],[-123.2928756,38.5795491],[-123.29263239999999,38.5793801],[-123.2922348,38.5791725],[-123.2917546,38.5789648],[-123.29156169999999,38.5788315],[-123.2913213,38.5786137],[-123.29120329999998,38.578438],[-123.29121280000001,38.5782022],[-123.29118529999998,38.5779925],[-123.2911035,38.5778487],[-123.29051170000001,38.5773886],[-123.2900682,38.5772288],[-123.28983930000001,38.5771473],[-123.28969230000001,38.5770325],[-123.2894669,38.5767244],[-123.2893555,38.5763037],[-123.28933559999999,38.5761038],[-123.2892357,38.5760049],[-123.2888618,38.5757727],[-123.2886582,38.5755929],[-123.28853540000001,38.5754107],[-123.2884039,38.5750147],[-123.2881635,38.5745081],[-123.2878952,38.5743359],[-123.28777559999999,38.5742452],[-123.2876298,38.5740075],[-123.2876391,38.5736854],[-123.2877691,38.5733477],[-123.28778359999998,38.5729847],[-123.287774,38.5726864],[-123.28767,38.57257329999999],[-123.28752310000002,38.5725408],[-123.28718939999999,38.572552],[-123.2868524,38.5724988],[-123.2864948,38.5724841],[-123.2861963,38.572573],[-123.2859409,38.5726573],[-123.28551739999999,38.572736],[-123.2853567,38.572758],[-123.285099,38.5728185],[-123.2848465,38.5729677],[-123.2845699,38.5730001],[-123.2843259,38.5729352],[-123.2840336,38.5726872],[-123.2837466,38.572499],[-123.2834094,38.5724119],[-123.2829616,38.5723232],[-123.2824379,38.5722809],[-123.2818607,38.5722924],[-123.2814877,38.5723268],[-123.2811835,38.5722989],[-123.2806984,38.5722702],[-123.2800589,38.572255],[-123.27984819999999,38.5723372],[-123.27965479999997,38.5724317],[-123.27952539999998,38.5724652],[-123.2793079,38.5724835],[-123.2790597,38.5725363],[-123.2787226,38.572538],[-123.2784892,38.5724685],[-123.2783056,38.5723853],[-123.27819950000001,38.5722143],[-123.27809849999998,38.5719795],[-123.2780248,38.5718796],[-123.2779181,38.5717349],[-123.27767480000001,38.5716939],[-123.27708650000001,38.5717183],[-123.2767617,38.5717262],[-123.2764526,38.5716272],[-123.2762511,38.5715349],[-123.2760771,38.5713492],[-123.27593479999997,38.5710939],[-123.2758129,38.5708008],[-123.2756159,38.5703292],[-123.2754019,38.5699987],[-123.275116,38.5697493],[-123.2745982,38.5693484],[-123.2742336,38.5690096],[-123.2740396,38.5687248],[-123.273862,38.5684173],[-123.27357830000001,38.5676351],[-123.2734611,38.5673329],[-123.2732755,38.5671341],[-123.2731716,38.5669923],[-123.2730623,38.56675519999999],[-123.272973,38.5664591],[-123.27285619999998,38.5661798],[-123.27270220000001,38.56593],[-123.27240819999999,38.56555129999999],[-123.2722441,38.5653209],[-123.27202860000001,38.5649481],[-123.2718452,38.5645753],[-123.27172680000001,38.5643623],[-123.2715077,38.5639013],[-123.27140319999998,38.5634951],[-123.2714311,38.5630464],[-123.2714596,38.5628157],[-123.27143129999999,38.5625761],[-123.27138180000001,38.5623884],[-123.27125160000001,38.5622204],[-123.2709502,38.56203089999999],[-123.2705178,38.5617554],[-123.27019460000001,38.5614662],[-123.26991280000001,38.5610988],[-123.26980939999999,38.5607375],[-123.26979649999998,38.559848],[-123.26974349999998,38.5594219],[-123.2696977,38.5591857],[-123.2692619,38.5585167],[-123.269037,38.5577842],[-123.2689151,38.557151],[-123.2687931,38.5567232],[-123.2687398,38.5565752],[-123.26863979999999,38.5565144],[-123.268232,38.5564331],[-123.2672461,38.5563797],[-123.26703409999999,38.5563672],[-123.26682479999998,38.5562351],[-123.26655729999999,38.5561803],[-123.2662182,38.5560874],[-123.26555110000001,38.55611479999999],[-123.26511939999999,38.5561717],[-123.264777,38.5562369],[-123.2644515,38.5562238],[-123.264256,38.5561076],[-123.26411949999998,38.5560049],[-123.26391810000001,38.5559111],[-123.2637094,38.5557108],[-123.263496,38.5553987],[-123.2633232,38.5549936],[-123.2633185,38.5547522],[-123.2632855,38.5545393],[-123.26321569999999,38.5544327],[-123.2631009,38.5543375],[-123.2629359,38.5542983],[-123.262714,38.5542634],[-123.2622012,38.5542857],[-123.2618917,38.554319],[-123.26084439999998,38.5543516],[-123.2605496,38.5542927],[-123.26024489999999,38.5541425],[-123.2598779,38.5539012],[-123.2595174,38.5536416],[-123.2593486,38.5535484],[-123.25912419999999,38.5534612],[-123.2589273,38.5534245],[-123.2586751,38.55340359999999],[-123.2580609,38.5533739],[-123.2576187,38.5533978],[-123.2572889,38.5535342],[-123.256997,38.5535017],[-123.25659119999999,38.5533768],[-123.2564128,38.5532106],[-123.256177,38.5529887],[-123.25586949999999,38.5525711],[-123.25568120000001,38.5522684],[-123.25538270000001,38.5515981],[-123.2550765,38.5510623],[-123.25486319999997,38.5508942],[-123.2545314,38.5505385],[-123.25433350000002,38.5501833],[-123.2540363,38.5499293],[-123.25370369999999,38.5496747],[-123.2534056,38.5495358],[-123.25314870000001,38.5493229],[-123.2523726,38.5489602],[-123.2520293,38.5488849],[-123.25111709999997,38.5488363],[-123.2507211,38.5488313],[-123.25057480000001,38.5488759],[-123.25047850000001,38.5490044],[-123.250254,38.5492643],[-123.25009159999998,38.5493993],[-123.24970769999999,38.5496371],[-123.2494223,38.5497795],[-123.24916809999998,38.549766],[-123.24843509999998,38.5494455],[-123.247811,38.5491411],[-123.2475538,38.5490368],[-123.2472594,38.5489304],[-123.24684619999998,38.5488415],[-123.2462334,38.5487343],[-123.245851,38.5486457],[-123.2448967,38.5483318],[-123.244313,38.5481419],[-123.24381760000001,38.5480562],[-123.2434759,38.5480297],[-123.2430708,38.5480412],[-123.2424184,38.5480661],[-123.2420802,38.5480075],[-123.2418674,38.5478699],[-123.24166709999999,38.547681],[-123.2415179,38.5474702],[-123.2413911,38.5473301],[-123.2412406,38.5472307],[-123.2410276,38.5471257],[-123.240832,38.5470542],[-123.24065390000001,38.5469315],[-123.2405056,38.546812],[-123.24025129999998,38.5465529],[-123.240033,38.5463012],[-123.2398765,38.5461955],[-123.2397286,38.5461691],[-123.2395394,38.5461104],[-123.2390785,38.546094],[-123.2385258,38.5460663],[-123.238371,38.5460895],[-123.238151,38.5462517],[-123.2376022,38.54666729999999],[-123.23737879999999,38.5467815],[-123.2370531,38.5468429],[-123.2363258,38.5468443],[-123.2360939,38.5468798],[-123.2358939,38.5469437],[-123.23576139999999,38.5469444],[-123.2355887,38.5468954],[-123.23480859999998,38.5468572],[-123.2341545,38.54676449999999],[-123.2337673,38.5467061],[-123.2334229,38.5466824],[-123.2332769,38.546618],[-123.2331615,38.5466249],[-123.23303980000001,38.5466506],[-123.2328128,38.5468287],[-123.2326586,38.5468439],[-123.232359,38.54694939999999],[-123.23205309999999,38.5469491],[-123.23167570000001,38.5468865],[-123.23136210000001,38.5468346],[-123.2309332,38.5467957],[-123.23052759999997,38.5467111],[-123.2301031,38.5465334],[-123.2296732,38.5463808],[-123.2293841,38.54621369999999],[-123.22897750000001,38.5459508],[-123.2287033,38.5457243],[-123.228517,38.5455847],[-123.22827430000001,38.5454382],[-123.2277609,38.5451463],[-123.22737869999999,38.5448913],[-123.22713510000001,38.544686],[-123.2268171,38.5444409],[-123.22623320000001,38.5439627],[-123.22597259999998,38.5437434],[-123.22583519999998,38.5435042],[-123.22578879999999,38.5431793],[-123.22569190000002,38.5430312],[-123.2254095,38.5425185],[-123.22519960000001,38.5421265],[-123.22503820000001,38.5417088],[-123.22488879999999,38.5413198],[-123.2245735,38.540783],[-123.2241425,38.5400142],[-123.2240254,38.5398532],[-123.22395870000001,38.5396083],[-123.2238854,38.5394167],[-123.2237179,38.5391815],[-123.22360230000001,38.5390294],[-123.22344720000001,38.5388717],[-123.223185,38.5386634],[-123.222879,38.5384433],[-123.2227689,38.5382695],[-123.2226801,38.5380309],[-123.2226163,38.5377901],[-123.22255159999999,38.53734],[-123.22245119999998,38.5365372],[-123.2224191,38.5363],[-123.22238979999999,38.5361803],[-123.22231529999998,38.5360877],[-123.2220387,38.5357378],[-123.2219392,38.535393],[-123.22186509999999,38.5352353],[-123.2217935,38.5351024],[-123.2216786,38.5350339],[-123.2215733,38.5348814],[-123.22149580000001,38.5347523],[-123.22137939999999,38.5344913],[-123.2213238,38.5342959],[-123.2212348,38.5342337],[-123.22116520000002,38.5342387],[-123.22081359999999,38.5341331],[-123.22019340000001,38.5340108],[-123.21963539999999,38.5338999],[-123.21921080000001,38.5337724],[-123.2190595,38.5336538],[-123.218934,38.5334557],[-123.21885320000001,38.5332304],[-123.21871820000001,38.5328185],[-123.2186288,38.5326594],[-123.2185365,38.5325516],[-123.2183958,38.5324051],[-123.2179358,38.5320247],[-123.21757930000001,38.5317749],[-123.21720339999999,38.5315219],[-123.2168789,38.5313337],[-123.21671640000001,38.5312785],[-123.21648759999998,38.5311726],[-123.21625909999999,38.5309793],[-123.2156368,38.5305961],[-123.2154156,38.5305052],[-123.2150356,38.5303135],[-123.21492819999999,38.5302301],[-123.214846,38.530145],[-123.214814,38.5300292],[-123.21464239999999,38.5297514],[-123.21427329999999,38.5292203],[-123.2140501,38.5289996],[-123.2137034,38.5286938],[-123.2134041,38.5283729],[-123.2130931,38.5280871],[-123.2127779,38.5277415],[-123.21247509999998,38.5274209],[-123.21233040000001,38.5272101],[-123.2121497,38.5269483],[-123.21175430000001,38.5263952],[-123.2115048,38.526145],[-123.2111902,38.5257365],[-123.2108679,38.52536],[-123.21060550000001,38.5250225],[-123.2102389,38.5245642],[-123.20996609999999,38.5242865],[-123.20971619999999,38.5241337],[-123.2093781,38.5239944],[-123.2089199,38.5237666],[-123.2086031,38.523555],[-123.20836650000001,38.5233394],[-123.20817129999999,38.5231182],[-123.2080487,38.5229638],[-123.2078448,38.5228636],[-123.20758280000001,38.5228675],[-123.2073807,38.5228325],[-123.20720150000001,38.5227885],[-123.2070057,38.5227092],[-123.2068389,38.5225998],[-123.20676719999999,38.5225043],[-123.20650630000002,38.5222483],[-123.2063128,38.5221449],[-123.2060736,38.5221463],[-123.2059057,38.52218],[-123.2057507,38.522248],[-123.20552629999999,38.5224675],[-123.20512260000001,38.522746],[-123.2047889,38.5229507],[-123.2043335,38.5231172],[-123.2040505,38.5231908],[-123.20378690000001,38.5231955],[-123.20354780000001,38.5231808],[-123.20318869999998,38.5231504],[-123.20287270000001,38.523091],[-123.202683,38.5230182],[-123.2024982,38.5229156],[-123.20234590000001,38.5227706],[-123.2022127,38.5226648],[-123.20170789999999,38.5222421],[-123.2011635,38.5217963],[-123.2008102,38.5215016],[-123.20053439999998,38.5212706],[-123.2003259,38.5211124],[-123.2002341,38.5210548],[-123.1999865,38.5208642],[-123.1997362,38.5206119],[-123.1995348,38.5204128],[-123.19930909999998,38.520161],[-123.199154,38.5199983],[-123.19901619999999,38.5198106],[-123.1988708,38.5195568],[-123.1986905,38.5192065],[-123.1985859,38.5189859],[-123.1985114,38.5187894],[-123.1984798,38.5185889],[-123.198458,38.5184065],[-123.19834680000001,38.5174089],[-123.19830009999998,38.5172065],[-123.19825029999998,38.5169978],[-123.1981288,38.5166086],[-123.1980261,38.5162747],[-123.19783029999998,38.5156904],[-123.1976686,38.5152255],[-123.1975742,38.5148948],[-123.1974758,38.5145142],[-123.1974224,38.5143284],[-123.1973257,38.5140581],[-123.197181,38.5134162],[-123.19710419999998,38.5131436],[-123.1970118,38.5128847],[-123.19688810000001,38.512495],[-123.1967322,38.5119437],[-123.19664859999999,38.5117726],[-123.19654209999999,38.5115219],[-123.1964525,38.5113832],[-123.1963402,38.5112797],[-123.1960827,38.5110917],[-123.19597,38.5110442],[-123.1958703,38.5110121],[-123.1956687,38.5109587],[-123.1954495,38.5108883],[-123.19525990000001,38.5108016],[-123.195111,38.510702],[-123.1949586,38.5105761],[-123.1948327,38.5104303],[-123.19459419999998,38.5100991],[-123.1943358,38.5097413],[-123.1940045,38.5094233],[-123.19358709999997,38.5090986],[-123.19324919999998,38.50888],[-123.19291790000001,38.5087077],[-123.19241809999998,38.508508],[-123.1919514,38.5083613],[-123.1916028,38.5082599],[-123.1913757,38.5082128],[-123.1911412,38.5081225],[-123.1909932,38.5080617],[-123.1908824,38.5079658],[-123.1907996,38.5078631],[-123.19076790000001,38.5077409],[-123.19077449999999,38.5075184],[-123.19084609999999,38.5073402],[-123.1909875,38.506871],[-123.1910215,38.506774],[-123.1910252,38.5064302],[-123.1909992,38.5062565],[-123.1909777,38.5060931],[-123.1909256,38.5059153],[-123.1908419,38.5057964],[-123.1907008,38.5056976],[-123.19059139999999,38.5056567],[-123.1901908,38.5055448],[-123.1897076,38.5054014],[-123.1891793,38.5052181],[-123.18877969999998,38.5050665],[-123.18832889999999,38.5048768],[-123.1880807,38.5047155],[-123.18785419999998,38.5045272],[-123.1875334,38.5041888],[-123.18728319999998,38.503863],[-123.1868194,38.5033006],[-123.18635819999999,38.5027593],[-123.1861035,38.5025094],[-123.1855032,38.5019562],[-123.1854064,38.5018252],[-123.185325,38.5016637],[-123.18526109999998,38.5014865],[-123.18520439999998,38.5012357],[-123.18517829999998,38.5010558],[-123.1851287,38.5009237],[-123.1850808,38.5007757],[-123.1849749,38.5006075],[-123.1848783,38.5004567],[-123.18473069999999,38.5002945],[-123.18444550000001,38.5000258],[-123.1842691,38.4998922],[-123.1839335,38.4995403],[-123.1837732,38.4993254],[-123.1837295,38.4992048],[-123.18365460000001,38.4990407],[-123.1835795,38.4988935],[-123.18344940000001,38.4986618],[-123.18319950000001,38.4983389],[-123.1830745,38.4981814],[-123.18291780000001,38.4979978],[-123.1826287,38.4976702],[-123.1823968,38.4974189],[-123.18226910000001,38.4972529],[-123.1821237,38.4970313],[-123.1819351,38.496735],[-123.1818479,38.496593],[-123.18179869999999,38.4965031],[-123.1814892,38.4961999],[-123.1809374,38.4956759],[-123.1805756,38.4953697],[-123.18050989999998,38.4952655],[-123.18045969999999,38.4951653],[-123.1804471,38.4949667],[-123.180458,38.4948464],[-123.1805257,38.4947183],[-123.1805655,38.4945715],[-123.18058269999999,38.4944117],[-123.1805821,38.4942955],[-123.18054609999999,38.4941119],[-123.1804703,38.4937669],[-123.180393,38.493481],[-123.18032740000001,38.4932631],[-123.1802814,38.4931136],[-123.18019209999999,38.4928681],[-123.1800662,38.4924989],[-123.17994510000001,38.4921881],[-123.1798514,38.4920386],[-123.17977409999999,38.491944],[-123.17945610000001,38.4916937],[-123.1792175,38.4915802],[-123.1789489,38.4914475],[-123.1787234,38.4913002],[-123.1784843,38.491089],[-123.1781151,38.4907116],[-123.1779532,38.4905235],[-123.17784929999998,38.4903729],[-123.1777921,38.4903279],[-123.177453,38.4900145],[-123.177319,38.4898416],[-123.1772649,38.4896491],[-123.17720860000001,38.4895298],[-123.1769966,38.4892847],[-123.17669839999998,38.489013],[-123.17640030000001,38.4887546],[-123.1761684,38.4885956],[-123.1760093,38.48854259999999],[-123.175804,38.4884697],[-123.1752653,38.4882218],[-123.1745875,38.4879382],[-123.1745367,38.4882072],[-123.1744824,38.4884694],[-123.1745158,38.4886996],[-123.174641,38.488905],[-123.1748766,38.4891123],[-123.1750535,38.489256],[-123.1750788,38.4893289],[-123.1749597,38.4893533],[-123.1748024,38.4893426],[-123.174532,38.4893268],[-123.1744042,38.4893594],[-123.1742425,38.4894362],[-123.1741158,38.4894344],[-123.17400029999997,38.4893693],[-123.1738109,38.4893351],[-123.1735658,38.4893049],[-123.173305,38.4893069],[-123.1731746,38.4893607],[-123.1730462,38.4894448],[-123.1729884,38.4897042],[-123.1729562,38.4897873],[-123.1728701,38.4897859],[-123.1727273,38.4896556],[-123.17233179999998,38.4894439],[-123.17179289999999,38.4893205],[-123.171169,38.4892958],[-123.170657,38.4893625],[-123.1703046,38.4894614],[-123.1699616,38.4895428],[-123.1693967,38.4895625],[-123.1687892,38.4895987],[-123.1682953,38.4897368],[-123.1678308,38.4899838],[-123.16766480000001,38.4902038],[-123.16768359999999,38.4903655],[-123.16789879999999,38.4905637],[-123.1682441,38.4907889],[-123.168644,38.4910703],[-123.1690175,38.4912935],[-123.1693461,38.4915084],[-123.1696128,38.4916741],[-123.1697193,38.4917537],[-123.169717,38.4918328],[-123.1696776,38.4918726],[-123.1692834,38.4918847],[-123.168747,38.4919312],[-123.1681929,38.492033],[-123.1676815,38.4921944],[-123.16734959999998,38.4923631],[-123.1670451,38.4926207],[-123.1668933,38.4929621],[-123.16687850000001,38.4933459],[-123.1669378,38.4936587],[-123.1669535,38.4937813],[-123.16690910000001,38.4938542],[-123.16677779999998,38.4939629],[-123.166599,38.4941595],[-123.16639079999997,38.4944461],[-123.16628,38.4947508],[-123.1662483,38.4949401],[-123.1662667,38.4951611],[-123.16639149999999,38.4953742],[-123.1665154,38.4955669],[-123.16669619999998,38.4957246],[-123.1668964,38.4958321],[-123.1670416,38.4959739],[-123.16716919999999,38.4961252],[-123.167377,38.4963066],[-123.1676533,38.496474],[-123.1681007,38.4966617],[-123.1684356,38.4967519],[-123.16897,38.49679],[-123.1691846,38.4967731],[-123.169405,38.4966654],[-123.1695456,38.496653],[-123.1696503,38.4966972],[-123.16973979999999,38.4967714],[-123.16985119999998,38.4969098],[-123.17005990000001,38.4970044],[-123.1703207,38.4970471],[-123.17067670000002,38.4970388],[-123.1708948,38.4969522],[-123.1710934,38.4968082],[-123.1712446,38.4966599],[-123.1714771,38.4966579],[-123.17161670000002,38.4966141],[-123.1717097,38.4965466],[-123.1717911,38.4965416],[-123.17180859999998,38.4966421],[-123.1718765,38.4967644],[-123.1720253,38.4968603],[-123.17215770000001,38.4969057],[-123.1723345,38.4969095],[-123.17234730000001,38.4969579],[-123.17232,38.4970031],[-123.17231190000001,38.4970877],[-123.172338,38.4971495],[-123.1724223,38.4972083],[-123.1725616,38.4972183],[-123.1726265,38.4971764],[-123.1727634,38.4971749],[-123.172751,38.4972618],[-123.1726631,38.4973682],[-123.17264189999999,38.4974823],[-123.17265529999997,38.4975959],[-123.17270949999998,38.4976712],[-123.172702,38.4977528],[-123.17262159999999,38.497811],[-123.1725121,38.4979038],[-123.17242069999999,38.4979952],[-123.172325,38.498144],[-123.172279,38.498258],[-123.1722802,38.498336],[-123.17231889999998,38.498426],[-123.1724282,38.4984928],[-123.1725566,38.4986007],[-123.1726907,38.4986492],[-123.1728686,38.4986504],[-123.1729688,38.4986049],[-123.17305,38.498605],[-123.17304929999999,38.4987271],[-123.1730604,38.4988354],[-123.173119,38.4989202],[-123.1731897,38.499018],[-123.173261,38.4990645],[-123.17339509999998,38.4990764],[-123.1735386,38.4990657],[-123.1737105,38.4990416],[-123.1739016,38.4990217],[-123.1740163,38.4990034],[-123.1740739,38.4990187],[-123.174076,38.4991325],[-123.1741182,38.4992215],[-123.17420209999999,38.4992886],[-123.17432570000001,38.4993378],[-123.17443689999999,38.4993753],[-123.1744567,38.4994485],[-123.1745119,38.4995143],[-123.1745012,38.4995746],[-123.174426,38.4996297],[-123.1742894,38.4997126],[-123.1741935,38.4998123],[-123.17412549999999,38.4999424],[-123.1741108,38.5001541],[-123.17411879999997,38.5003124],[-123.1741499,38.500422],[-123.1741935,38.5005652],[-123.1742552,38.5006625],[-123.17436950000001,38.5006976],[-123.1744909,38.5007072],[-123.17487050000001,38.5006874],[-123.17495539999999,38.500731],[-123.1751136,38.5007976],[-123.17535209999998,38.5008587],[-123.17558759999999,38.5009013],[-123.1758087,38.5009118],[-123.1759622,38.5009626],[-123.1761519,38.5009808],[-123.1764844,38.50094639999999],[-123.17659,38.5010021],[-123.1767537,38.5010616],[-123.1769805,38.5010614],[-123.17716609999998,38.5009902],[-123.177319,38.5008905],[-123.17761859999997,38.5007251],[-123.17780389999999,38.5006429],[-123.1779185,38.5006393],[-123.1779072,38.5010147],[-123.1778498,38.5010926],[-123.17783860000002,38.5012662],[-123.17784119999997,38.5014654],[-123.1779673,38.5016519],[-123.1781218,38.501746],[-123.1783527,38.5018281],[-123.17866009999999,38.501878],[-123.1787857,38.501899],[-123.178942,38.5019792],[-123.1791414,38.5020825],[-123.179363,38.5021914],[-123.1795496,38.502262],[-123.1796912,38.5023043],[-123.1798806,38.5023411],[-123.1800785,38.5023627],[-123.1803929,38.50237],[-123.180579,38.5023677],[-123.1807082,38.502416],[-123.18072749999999,38.5024859],[-123.1806239,38.5025751],[-123.18050869999998,38.5025897],[-123.18033039999999,38.5026064],[-123.1801587,38.502632],[-123.18007029999998,38.5026754],[-123.1799254,38.5027535],[-123.1797848,38.5027449],[-123.1795811,38.5027556],[-123.17940689999999,38.5027675],[-123.1793089,38.5027971],[-123.17920319999999,38.5028399],[-123.1790856,38.5029227],[-123.179008,38.5029906],[-123.1789296,38.5030454],[-123.17882859999997,38.5030457],[-123.1786374,38.5030167],[-123.1783959,38.5029775],[-123.1781911,38.5029504],[-123.1779883,38.5029282],[-123.17777609999997,38.5029211],[-123.1775823,38.5029118],[-123.1774345,38.5029217],[-123.177349,38.5029512],[-123.1772778,38.5029893],[-123.1772671,38.5030549],[-123.1773333,38.5031286],[-123.1774745,38.5032389],[-123.17771059999998,38.5033822],[-123.177999,38.5035787],[-123.1779912,38.5036671],[-123.17782779999999,38.5037303],[-123.1776474,38.5037738],[-123.1774652,38.503823],[-123.1772959,38.50386969999999],[-123.177118,38.5039111],[-123.1769681,38.5039616],[-123.17683459999998,38.5040046],[-123.1766029,38.5040257],[-123.1764219,38.5040535],[-123.1763417,38.5041014],[-123.17621520000002,38.5041695],[-123.1761182,38.5042774],[-123.1760537,38.5043879],[-123.17602350000001,38.50457],[-123.17602470000001,38.5047699],[-123.17606250000001,38.5049394],[-123.1761262,38.5050989],[-123.1761909,38.5052044],[-123.1763286,38.5052687],[-123.17666059999998,38.5052682],[-123.17680759999998,38.5052941],[-123.1769408,38.505429],[-123.17716990000001,38.5056536],[-123.1773113,38.5057477],[-123.17751639999999,38.5058774],[-123.177596,38.5059532],[-123.1776083,38.5061702],[-123.177675,38.5062968],[-123.1778488,38.5064856],[-123.17812850000001,38.5066087],[-123.1784996,38.5067357],[-123.1788264,38.5067858],[-123.1790531,38.50675],[-123.1793725,38.5065369],[-123.1797767,38.5061894],[-123.1798473,38.5061999],[-123.1799003,38.5062339],[-123.1798628,38.506317],[-123.1797632,38.5064656],[-123.1797221,38.5065599],[-123.1796366,38.506772],[-123.1795916,38.506865],[-123.1794706,38.5069594],[-123.1789651,38.5073556],[-123.1785908,38.5073789],[-123.17847329999998,38.5074242],[-123.1784535,38.5074793],[-123.1785243,38.5077273],[-123.17869559999998,38.5080809],[-123.1788729,38.5083884],[-123.1789841,38.5085129],[-123.17908670000001,38.5085806],[-123.17919749999999,38.5086158],[-123.1792033,38.5087639],[-123.1792841,38.5089992],[-123.1795645,38.5093233],[-123.1798906,38.5096042],[-123.1800438,38.5096649],[-123.1800901,38.5097355],[-123.18005520000001,38.5099114],[-123.18010260000001,38.510055],[-123.1803774,38.5104441],[-123.18067029999999,38.5107086],[-123.18081169999998,38.5107648],[-123.18092269999998,38.5108099],[-123.1809268,38.5110057],[-123.18097360000002,38.5111303],[-123.1811351,38.5113057],[-123.1814424,38.5115247],[-123.1817266,38.5116471],[-123.1818667,38.5116438],[-123.1819383,38.511684],[-123.1820352,38.5117868],[-123.1821438,38.51183539999999],[-123.1823817,38.5119085],[-123.1824107,38.5119704],[-123.182334,38.5119949],[-123.1820422,38.512007],[-123.1817237,38.5120208],[-123.18141859999999,38.5120221],[-123.181172,38.51193],[-123.181017,38.5118776],[-123.1808584,38.5119541],[-123.18086369999999,38.5120176],[-123.180931,38.5121074],[-123.18093850000001,38.5121811],[-123.1808689,38.5122073],[-123.1808067,38.5121829],[-123.1806639,38.5120873],[-123.18053350000001,38.5120955],[-123.1804047,38.5121529],[-123.18031889999999,38.5121714],[-123.1802804,38.5121504],[-123.1802807,38.5120314],[-123.1803296,38.5119175],[-123.1803229,38.5117238],[-123.1802274,38.511623],[-123.18007739999999,38.5114545],[-123.1797693,38.5111656],[-123.179604,38.5110723],[-123.1795019,38.5110514],[-123.1794203,38.5110926],[-123.1793391,38.5110498],[-123.1793226,38.5109717],[-123.17921190000001,38.5107674],[-123.17910789999998,38.5106601],[-123.17887669999999,38.5104765],[-123.1787857,38.5103775],[-123.1787011,38.5102168],[-123.17850410000001,38.50982709999999],[-123.17833580000001,38.5096624],[-123.1781356,38.5094954],[-123.177934,38.5094037],[-123.17782469999997,38.509389],[-123.1777499,38.5093893],[-123.1777467,38.5093347],[-123.17778619999999,38.5092423],[-123.177774,38.5091541],[-123.1777037,38.5090782],[-123.1775869,38.5089919],[-123.1774841,38.508914],[-123.17740510000002,38.5088853],[-123.1773081,38.5088815],[-123.17725859999999,38.5088101],[-123.1772874,38.5087279],[-123.1773836,38.5085695],[-123.17737669999998,38.5082506],[-123.17729290000001,38.5080074],[-123.1771137,38.5076251],[-123.1769085,38.5072845],[-123.17673749999999,38.5070567],[-123.176626,38.5069531],[-123.1764933,38.5068805],[-123.1762558,38.5067946],[-123.1758988,38.5066863],[-123.1755188,38.5066192],[-123.1752126,38.5066345],[-123.1750487,38.506744],[-123.17487519999999,38.5069152],[-123.17481119999998,38.507043],[-123.1747717,38.5071486],[-123.1746946,38.5072284],[-123.17460620000001,38.5073041],[-123.1744847,38.5073794],[-123.17424179999998,38.5075768],[-123.1740553,38.5077766],[-123.1739993,38.5078435],[-123.1739298,38.507847],[-123.17384290000001,38.5078061],[-123.17364640000001,38.5078041],[-123.1735804,38.5078375],[-123.1735024,38.5079092],[-123.17343049999998,38.5080201],[-123.1734083,38.5081907],[-123.1734064,38.5083911],[-123.1734261,38.508532],[-123.1734796,38.5086831],[-123.17352070000001,38.5088527],[-123.1735665,38.5090268],[-123.1735913,38.5090988],[-123.1735943,38.5091981],[-123.1735081,38.5092007],[-123.17346459999999,38.5091634],[-123.1733554,38.5090101],[-123.1732253,38.5088546],[-123.1730924,38.5087117],[-123.1729149,38.508508],[-123.1727723,38.5084018],[-123.17260059999998,38.50835389999999],[-123.1725671,38.5082922],[-123.17256129999998,38.5081886],[-123.1725068,38.5080756],[-123.1723575,38.507861],[-123.1722449,38.5077374],[-123.1722569,38.5076221],[-123.1722836,38.5074447],[-123.1722901,38.5073147],[-123.1722161,38.5071705],[-123.1721063,38.5069884],[-123.17200949999999,38.5068605],[-123.17197209999998,38.5067025],[-123.1720315,38.5066559],[-123.172109,38.5066829],[-123.1722356,38.5067662],[-123.17241939999998,38.5068615],[-123.1726578,38.5068596],[-123.1728762,38.5068408],[-123.17311919999999,38.5068167],[-123.17334529999998,38.5067263],[-123.17347420000002,38.5066442],[-123.1735317,38.5065823],[-123.17355709999998,38.5064153],[-123.17356669999998,38.5062648],[-123.1735486,38.5060429],[-123.1735392,38.5056979],[-123.1735586,38.5055952],[-123.1735943,38.5053843],[-123.1735862,38.5052066],[-123.1735404,38.5050975],[-123.17343889999998,38.5049544],[-123.1733827,38.5048818],[-123.1734325,38.5047944],[-123.1735137,38.5046633],[-123.1735137,38.5045639],[-123.1734773,38.5044137],[-123.173601,38.504216],[-123.1736273,38.5040273],[-123.1736034,38.5038411],[-123.1735519,38.5037121],[-123.17354309999999,38.5035702],[-123.17354080000001,38.503286],[-123.1734998,38.5031596],[-123.1734171,38.5030645],[-123.1733196,38.502945],[-123.1732727,38.5028426],[-123.1732157,38.5027863],[-123.1730351,38.5027111],[-123.1728708,38.5026844],[-123.172662,38.502702],[-123.1725209,38.5028054],[-123.17243280000001,38.502837],[-123.172324,38.502791],[-123.17215189999999,38.5026886],[-123.171981,38.5026269],[-123.1717949,38.5025866],[-123.1717092,38.5025506],[-123.1716372,38.5024817],[-123.1714494,38.5023266],[-123.17123909999998,38.5021933],[-123.171067,38.5021585],[-123.1708072,38.5021363],[-123.1705944,38.5021118],[-123.1700519,38.5021121],[-123.16984810000001,38.50214109999999],[-123.1697515,38.5021819],[-123.1696543,38.5022479],[-123.1696527,38.5023829],[-123.1697127,38.5025074],[-123.1698309,38.5026681],[-123.1699904,38.5027979],[-123.1699966,38.502853],[-123.1699536,38.5028939],[-123.16903590000001,38.5029054],[-123.16885320000002,38.5030042],[-123.1687722,38.50310479999999],[-123.16876809999998,38.5033049],[-123.1688006,38.5033862],[-123.1689462,38.503701],[-123.1689809,38.5039079],[-123.16897290000001,38.5039999],[-123.1688979,38.5040037],[-123.16883689999999,38.5039762],[-123.1687291,38.5038947],[-123.1685742,38.5037662],[-123.1683653,38.5036472],[-123.16816329999997,38.5035511],[-123.1679993,38.5034862],[-123.167834,38.5034513],[-123.1677132,38.5034433],[-123.167544,38.5034574],[-123.1674205,38.5035257],[-123.167325,38.503623],[-123.1672534,38.5037526],[-123.1672413,38.5038863],[-123.16721659999999,38.5039559],[-123.1671487,38.5039559],[-123.1670634,38.5038767],[-123.1669482,38.5037807],[-123.1667618,38.5036589],[-123.1665947,38.5035959],[-123.16632409999998,38.5035961],[-123.16615129999998,38.5036283],[-123.1658928,38.5037199],[-123.1657005,38.5038397],[-123.1655704,38.5039233],[-123.1655076,38.5039506],[-123.1654608,38.5039194],[-123.165456,38.5036404],[-123.1654325,38.5035089],[-123.16528020000001,38.5032932],[-123.1651838,38.5032047],[-123.165184,38.5031617],[-123.1652721,38.503124],[-123.16558029999999,38.5031007],[-123.16589449999998,38.5030585],[-123.1661844,38.5029806],[-123.16636810000001,38.5028916],[-123.16657609999999,38.5027311],[-123.16665340000002,38.5025813],[-123.16679749999999,38.502503],[-123.16706629999999,38.5025272],[-123.1673467,38.5025107],[-123.1675526,38.5024627],[-123.16776170000001,38.5023449],[-123.167909,38.5022012],[-123.168036,38.5019298],[-123.168111,38.5016876],[-123.1681491,38.5016073],[-123.1684725,38.5015056],[-123.1688493,38.5013523],[-123.1692945,38.5011385],[-123.1696166,38.5009422],[-123.1698699,38.5008534],[-123.1704546,38.5007157],[-123.17069579999998,38.5005595],[-123.1707294,38.5004273],[-123.1706676,38.5002739],[-123.170503,38.5000873],[-123.1702326,38.4999429],[-123.16998249999999,38.4998403],[-123.1698115,38.4998062],[-123.16963829999999,38.4997798],[-123.169483,38.4997519],[-123.1691894,38.4997467],[-123.1688336,38.499751],[-123.16861530000001,38.4997535],[-123.1685137,38.4996777],[-123.16836909999998,38.4996636],[-123.1682642,38.4997136],[-123.1681149,38.4998939],[-123.16800090000001,38.4998933],[-123.1678442,38.4998596],[-123.1677264,38.4998707],[-123.16753689999999,38.4999323],[-123.16737459999999,38.4999422],[-123.1672249,38.5000315],[-123.1669902,38.5000935],[-123.1668019,38.5001342],[-123.16676569999998,38.5001087],[-123.16679459999997,38.5000204],[-123.1668531,38.4999444],[-123.1668632,38.4997419],[-123.1668289,38.4995744],[-123.1668012,38.4993598],[-123.1667144,38.4991828],[-123.1666081,38.4991103],[-123.16649710000002,38.4990963],[-123.1661541,38.4990963],[-123.16603759999998,38.4991234],[-123.16591330000001,38.4991467],[-123.1657527,38.4992364],[-123.16560589999997,38.4993378],[-123.1655177,38.4993834],[-123.1654203,38.4993755],[-123.1653428,38.4993435],[-123.1650341,38.4992054],[-123.16485510000001,38.4991418],[-123.1647586,38.4991367],[-123.164656,38.4991833],[-123.1643865,38.4994154],[-123.16430330000001,38.4994363],[-123.16420029999998,38.4994368],[-123.1641133,38.4993905],[-123.1639582,38.4993806],[-123.1637274,38.4993885],[-123.1636678,38.4994475],[-123.1635815,38.4995819],[-123.1634965,38.4996742],[-123.16336519999999,38.4996679],[-123.1632758,38.4995829],[-123.1631611,38.4994979],[-123.1629771,38.4995052],[-123.1628581,38.4995574],[-123.162761,38.4995473],[-123.16268729999997,38.4995085],[-123.16252819999998,38.4994234],[-123.1624403,38.4994248],[-123.16236850000001,38.4994357],[-123.162238,38.4994265],[-123.162188,38.4993911],[-123.1621477,38.499206],[-123.16206659999999,38.499136],[-123.16198479999998,38.4990965],[-123.1619511,38.49882],[-123.1619107,38.4987283],[-123.16181479999997,38.4986234],[-123.1615605,38.4983978],[-123.16145460000001,38.4983619],[-123.16138119999998,38.4983898],[-123.1612228,38.4984386],[-123.1610917,38.4984824],[-123.1610042,38.498485],[-123.1609528,38.498439],[-123.1608122,38.4982756],[-123.1606825,38.4982774],[-123.1606538,38.4982322],[-123.16062590000001,38.4981264],[-123.1606118,38.4980972],[-123.1605415,38.4980932],[-123.1605198,38.4980261],[-123.1604723,38.4979001],[-123.16033940000001,38.4976833],[-123.1602201,38.4975758],[-123.1600617,38.4974925],[-123.15999710000001,38.4974434],[-123.1599564,38.4973689],[-123.1598575,38.4973414],[-123.15970309999999,38.4973285],[-123.1593757,38.4973357],[-123.1593076,38.4973667],[-123.15923679999999,38.4973638],[-123.1591731,38.4973274],[-123.1591038,38.4973032],[-123.1587572,38.4972076],[-123.15839159999999,38.4971219],[-123.158233,38.4970875],[-123.15804309999999,38.4970827],[-123.15787979999999,38.4971037],[-123.15779130000001,38.4970932],[-123.15772229999999,38.4970165],[-123.1576579,38.4969467],[-123.1575101,38.4968989],[-123.1573961,38.4968418],[-123.1572412,38.4967727],[-123.1571255,38.4967695],[-123.15702,38.496802],[-123.1569019,38.4969245],[-123.1568059,38.4970093],[-123.1565596,38.497116],[-123.1563175,38.4973019],[-123.15619550000001,38.4974618],[-123.1562003,38.4975227],[-123.1562485,38.49761],[-123.1563586,38.4977169],[-123.15636939999999,38.4978333],[-123.1563388,38.4978937],[-123.15633020000001,38.4979978],[-123.15629009999998,38.4980682],[-123.156285,38.4981424],[-123.15632669999998,38.4981941],[-123.1566411,38.4983164],[-123.1566693,38.4984469],[-123.1567523,38.49863149999999],[-123.15674909999998,38.4988145],[-123.15678020000001,38.4988562],[-123.1567806,38.4989498],[-123.15670529999998,38.4990492],[-123.1566105,38.4991818],[-123.15657920000001,38.4993276],[-123.15649940000002,38.4994497],[-123.15643310000002,38.4994923],[-123.156302,38.4997544],[-123.1562944,38.4999466],[-123.1564242,38.5000293],[-123.1565641,38.50009149999999],[-123.1565527,38.5001377],[-123.1563638,38.5003061],[-123.15635849999998,38.5005564],[-123.15630429999999,38.5006344],[-123.1562204,38.50067029999999],[-123.1561284,38.5007596],[-123.1561235,38.5009873],[-123.1561521,38.5012369],[-123.15626159999998,38.5013695],[-123.1564503,38.501459],[-123.1566628,38.5015274],[-123.1568217,38.5015461],[-123.1569808,38.5016495],[-123.1569758,38.5017198],[-123.156669,38.5020049],[-123.1566065,38.502099],[-123.1565581,38.502208],[-123.15657,38.5024519],[-123.15669349999999,38.50255149999999],[-123.1569369,38.5026756],[-123.1569288,38.5027182],[-123.1568778,38.5027458],[-123.1566922,38.5028156],[-123.1565041,38.502901],[-123.1563012,38.5029939],[-123.15606,38.5031811],[-123.1558393,38.5034015],[-123.1557992,38.5035023],[-123.1557937,38.5037042],[-123.15584949999999,38.5038472],[-123.1558978,38.503897],[-123.15588980000001,38.50398],[-123.15585569999998,38.504032],[-123.1557269,38.5040158],[-123.1555921,38.5040067],[-123.155454,38.5040245],[-123.1552686,38.5041337],[-123.1551989,38.5041637],[-123.155161,38.504163],[-123.1551162,38.5041391],[-123.1549778,38.5040846],[-123.1547871,38.5040849],[-123.1546212,38.5042127],[-123.1546328,38.5043578],[-123.1547075,38.5044662],[-123.154732,38.5045387],[-123.1546814,38.5046726],[-123.1546884,38.5047809],[-123.1548039,38.5049881],[-123.1549847,38.5051833],[-123.15520639999998,38.5053443],[-123.1555338,38.505466],[-123.15586579999999,38.5055452],[-123.15597749999998,38.5056024],[-123.1559614,38.5059832],[-123.1560724,38.5061437],[-123.1562564,38.5062481],[-123.1564705,38.5062462],[-123.1566351,38.5061926],[-123.1568203,38.5061074],[-123.1575124,38.5060955],[-123.1577043,38.5060514],[-123.15790050000001,38.5060081],[-123.15820690000001,38.5059169],[-123.1583603,38.5058492],[-123.15847869999999,38.5058431],[-123.15850990000001,38.5059421],[-123.1583271,38.5061773],[-123.1583319,38.5063911],[-123.1583775,38.5065548],[-123.1584238,38.5067407],[-123.1585394,38.5068639],[-123.1586192,38.5068895],[-123.158747,38.5069434],[-123.1587879,38.5070044],[-123.1587746,38.5070795],[-123.1586861,38.5071187],[-123.15856660000001,38.50718],[-123.1583811,38.5073338],[-123.1582666,38.5074561],[-123.1582083,38.5075663],[-123.15813460000001,38.5077277],[-123.1581401,38.5079166],[-123.1581377,38.5080665],[-123.1581223,38.5081847],[-123.15815079999999,38.5083078],[-123.15824839999998,38.5084854],[-123.1584393,38.50862869999999],[-123.1586797,38.5087452],[-123.15888969999999,38.5088158],[-123.1590398,38.5088355],[-123.1590585,38.508895],[-123.15899789999999,38.5090311],[-123.1587887,38.5093485],[-123.1587887,38.5096632],[-123.1589439,38.509831],[-123.15919189999998,38.5099573],[-123.1594767,38.5100575],[-123.1596638,38.5101002],[-123.1600485,38.5100911],[-123.16016759999998,38.5100596],[-123.16030490000001,38.5100027],[-123.1604215,38.5099108],[-123.16057709999998,38.509776],[-123.16064139999997,38.5097477],[-123.160784,38.5097002],[-123.1608659,38.5096664],[-123.1609712,38.5095863],[-123.161016,38.5095839],[-123.1610873,38.5096262],[-123.1610999,38.5098045],[-123.1611318,38.5098946],[-123.1611816,38.5099558],[-123.161249,38.5099629],[-123.161251,38.5100982],[-123.16121070000001,38.5101495],[-123.1611781,38.5102084],[-123.1609735,38.5104675],[-123.1609338,38.5105331],[-123.16096529999999,38.51062849999999],[-123.1610896,38.510781],[-123.1611864,38.510853],[-123.1615222,38.5108526],[-123.1616374,38.5108819],[-123.16170659999999,38.51091],[-123.1617408,38.511049],[-123.1617824,38.5111416],[-123.1618348,38.51122],[-123.1619102,38.5112737],[-123.16201659999999,38.5113006],[-123.1620282,38.5114005],[-123.1620847,38.5114907],[-123.16215779999999,38.5115624],[-123.1623231,38.5115799],[-123.1622997,38.5119052],[-123.16238759999999,38.5121603],[-123.1624971,38.5122992],[-123.16259119999998,38.5123966],[-123.16262440000001,38.5128446],[-123.1626889,38.5129795],[-123.1628039,38.5132112],[-123.16293239999997,38.5133979],[-123.16294369999999,38.5134645],[-123.16290730000001,38.5134923],[-123.162848,38.5134939],[-123.162746,38.5136548],[-123.16272029999999,38.5136507],[-123.1626914,38.5136106],[-123.1626333,38.5134938],[-123.16251910000001,38.5134259],[-123.1625076,38.5133582],[-123.1623132,38.5132262],[-123.1620351,38.5132212],[-123.1619757,38.5131829],[-123.16194940000001,38.5131164],[-123.16197639999999,38.5130243],[-123.16199309999999,38.5127051],[-123.16191520000001,38.512465],[-123.16176939999998,38.5122673],[-123.16158390000001,38.5120714],[-123.1613047,38.5118797],[-123.1610672,38.5117662],[-123.1608481,38.511706],[-123.16075079999999,38.51167],[-123.16059380000002,38.5115823],[-123.1603812,38.5114856],[-123.1601979,38.5114872],[-123.1598983,38.5115167],[-123.15943309999999,38.5115953],[-123.1591879,38.5116768],[-123.1589151,38.5116457],[-123.1588767,38.5115879],[-123.1588265,38.5113787],[-123.15874210000001,38.5112691],[-123.1584973,38.5111348],[-123.15834079999998,38.5110971],[-123.15820350000001,38.511091],[-123.15814789999997,38.5111144],[-123.1579835,38.5111023],[-123.157886,38.5110464],[-123.1577407,38.5109778],[-123.1575377,38.5108784],[-123.15735869999999,38.5108365],[-123.1571659,38.5109394],[-123.15696089999999,38.511044],[-123.1568076,38.5111588],[-123.156671,38.5112863],[-123.156631,38.5113797],[-123.1565892,38.5114568],[-123.1564219,38.5114775],[-123.15600239999998,38.5116484],[-123.15579,38.5118363],[-123.15563389999998,38.5120343],[-123.15559369999998,38.5121351],[-123.15555439999999,38.5121712],[-123.1553276,38.5122273],[-123.1548827,38.5123781],[-123.1546979,38.512535],[-123.1546497,38.5126538],[-123.1546365,38.5128717],[-123.1546659,38.5130945],[-123.15477820000001,38.5133393],[-123.15485740000001,38.5134445],[-123.154811,38.5137338],[-123.154843,38.5139924],[-123.1549514,38.5141556],[-123.1551064,38.5142599],[-123.1551351,38.5145997],[-123.15538319999999,38.5150177],[-123.15552880000001,38.5151254],[-123.15571069999999,38.51524159999999],[-123.15585409999998,38.515332],[-123.15600680000001,38.5155397],[-123.1560604,38.5157992],[-123.1562432,38.516018],[-123.156493,38.5163224],[-123.1566712,38.5165572],[-123.15677759999998,38.5166752],[-123.15698459999999,38.5169034],[-123.157131,38.5171174],[-123.1572956,38.51732409999999]]]}},{"type":"Feature","properties":{"ava_id":"green_valley_of_russian_river_valley","name":"Green Valley of Russian River Valley","created":"1983-12-21","within":"North Coast|Northern Sonoma Valley|Russian River Valley|Sonoma Coast","cfr_index":"9.57","valid_end":null},"geometry":{"type":"Polygon","coordinates":[[[-122.91493693258585,38.39784710286768],[-122.91473974074476,38.3969098149808],[-122.91460883364259,38.39647990076681],[-122.91448490327879,38.39608155316889],[-122.91428130339537,38.39537337966147],[-122.9141131121874,38.394833397362056],[-122.9139714774859,38.39458553663446],[-122.91373246892712,38.39413407602348],[-122.9135996863945,38.39412522385464],[-122.91348460819952,38.39410751951695],[-122.91337838217342,38.393965884815465],[-122.91293577373129,38.393372789503],[-122.9124400522761,38.39277084202169],[-122.91233382624996,38.392691172502104],[-122.91203285250931,38.392620355151365],[-122.91181154828827,38.39257609430715],[-122.91151942671647,38.392567242138306],[-122.91143975719687,38.39254953780062],[-122.91116928211328,38.392413515312164],[-122.90959565744062,38.391515636750114],[-122.90945687137614,38.391381051513385],[-122.90937720185657,38.39085877355166],[-122.90935949751888,38.390628617161745],[-122.90929753233698,38.39053124330448],[-122.90915589763551,38.39042501727836],[-122.9086867326868,38.39030108691456],[-122.90794315050402,38.39006207835581],[-122.90716415964584,38.389752252446314],[-122.90655335999571,38.38942472219914],[-122.90611960372242,38.38924767882227],[-122.9053937258773,38.38895555725046],[-122.90458817851261,38.38855720965254],[-122.90433146561618,38.38839787061337],[-122.90409126878161,38.38828642299708],[-122.90388156046876,38.38823854812996],[-122.90346143700324,38.38822870046057],[-122.90330836980102,38.3881801968091],[-122.90324707493293,38.388012801268715],[-122.90325468011761,38.38754940467191],[-122.90337767760839,38.38702616348924],[-122.9035627485894,38.386604300864676],[-122.90356987917043,38.38629321485347],[-122.90349831426143,38.386030396646994],[-122.90329057077876,38.38560728757795],[-122.90288438249898,38.38456277415858],[-122.90280471297936,38.384168852645075],[-122.90280796717407,38.3837068625831],[-122.90294673311448,38.38323610247177],[-122.90317601226144,38.382299881047196],[-122.90318350379405,38.3819096904279],[-122.90305080669985,38.381688342304464],[-122.90292645534048,38.38153589628941],[-122.90252978863455,38.38114900627313],[-122.90113556146207,38.37955805468469],[-122.89971450630384,38.37806102707211],[-122.89851293299854,38.37889061788469],[-122.8979642132849,38.37921429166564],[-122.89777311502523,38.37929009539535],[-122.89749001528091,38.37936371777863],[-122.89714993343665,38.37944447649956],[-122.89683110792517,38.379589024847995],[-122.89670274308405,38.37970169163159],[-122.896300196562,38.38012866608104],[-122.8960875979456,38.380397002521214],[-122.89588113803426,38.38056106724713],[-122.89550146932457,38.380771549414526],[-122.89494607202232,38.38125096040537],[-122.89428516793586,38.38164538799011],[-122.89342802250054,38.3820820495552],[-122.89298678730016,38.38230290438899],[-122.89243650469385,38.38266080599085],[-122.89212347564026,38.38294466220451],[-122.89117053070333,38.38370668565164],[-122.89102229251998,38.38381738856761],[-122.89090383200333,38.3839419101222],[-122.89079529250881,38.38415218643206],[-122.89061578285632,38.38481815852747],[-122.89055886569625,38.38497398964441],[-122.89031185911817,38.385488024328076],[-122.89014927716725,38.38586465945436],[-122.89009855743065,38.386107503896426],[-122.89005630584866,38.386270605003205],[-122.88987303154408,38.38677630997431],[-122.8898159383535,38.38701305679194],[-122.88978197783489,38.38731721387156],[-122.88974694444899,38.387440283366836],[-122.88942880811224,38.38806642654387],[-122.88930881653526,38.38835768144918],[-122.88930158944272,38.38846979448527],[-122.88921399179858,38.388550690102],[-122.88908028522168,38.38859372484906],[-122.88857310680238,38.38871135373595],[-122.8879317791741,38.388804396712686],[-122.88731217711202,38.38893117039166],[-122.88671417511564,38.389068122959216],[-122.88628690354817,38.38920520015293],[-122.88605900351979,38.3892779810893],[-122.88588080460288,38.3893623597482],[-122.8857093419699,38.3894722526933],[-122.88552393938998,38.389624394208525],[-122.88522246238296,38.38991550644791],[-122.88491405832262,38.39017749211992],[-122.88476025762188,38.39027873033495],[-122.88454319416904,38.39037052635473],[-122.88424488924754,38.390431902882305],[-122.88371577339134,38.39045995853706],[-122.88344711401066,38.39051630893511],[-122.88316893503892,38.39052354051771],[-122.88241922812716,38.39051881207768],[-122.88210142524774,38.39055981926123],[-122.88188262022402,38.390639290401005],[-122.88133927181771,38.391017088294326],[-122.88086873568254,38.39123377869668],[-122.88063282116454,38.391261221653444],[-122.88021587715411,38.39123419968389],[-122.87961731672885,38.391163066855675],[-122.87947996686437,38.391180684655254],[-122.878627425435,38.39202400741676],[-122.87826651796126,38.39237929599735],[-122.87813642571228,38.39249327534321],[-122.87805400358678,38.39253445042422],[-122.87743592919328,38.39256749687761],[-122.87725167762343,38.39260400418364],[-122.8769741606815,38.39277119688951],[-122.87672520190787,38.39288964337762],[-122.8765484475772,38.39290881478763],[-122.87617003311317,38.39295737082291],[-122.87609795118237,38.3929845966772],[-122.87591165322134,38.39305933257806],[-122.87579400660167,38.3931671001504],[-122.8750635921464,38.39401770460084],[-122.87472450063633,38.394386508043006],[-122.87436183085097,38.39446053629041],[-122.87420876484786,38.39448244689706],[-122.87398551959289,38.39454080860831],[-122.87352519186425,38.394592915045514],[-122.87310471551937,38.39454614434657],[-122.87280616868792,38.3944961235612],[-122.87261595249818,38.39449236954534],[-122.87233708131656,38.394543896448184],[-122.8700750850871,38.39510692730959],[-122.86942407009022,38.39528635229044],[-122.86863681494933,38.39549122901529],[-122.8681912442369,38.39562701815664],[-122.86767589061385,38.39594532254338],[-122.86742281527616,38.39610042690088],[-122.8672830555888,38.39611118302901],[-122.86714204134988,38.39610491522721],[-122.86698506439588,38.39605066937019],[-122.86683575798313,38.39588664772138],[-122.86623260611942,38.39516102062938],[-122.86608070075101,38.39504453750339],[-122.8659406348222,38.39498205422684],[-122.8653829375387,38.394855453452465],[-122.86487073657025,38.39478312952973],[-122.86409362957656,38.39467487252694],[-122.86403860608665,38.39453574318479],[-122.8639189903524,38.39408759287581],[-122.86509695016724,38.393760969727865],[-122.86661020408033,38.39334681551511],[-122.86776716224016,38.39303266822068],[-122.86793489398906,38.39289278075976],[-122.86813087877954,38.39260427807798],[-122.86842319231096,38.392119292584155],[-122.86851088091707,38.39202485320023],[-122.86861170684061,38.39198823323694],[-122.86895301003392,38.39198334998356],[-122.86907327711599,38.39197082726264],[-122.86922155094412,38.39185796210989],[-122.8692214089205,38.3917293639998],[-122.86920111450867,38.39168282385298],[-122.86912714199579,38.391627405191365],[-122.86894876885864,38.39153420506921],[-122.86879099439409,38.391497768167454],[-122.86855055928802,38.39149673170245],[-122.8683979648187,38.391526952981316],[-122.8680220820659,38.391745096957145],[-122.86783606226146,38.39182821033086],[-122.86773925023566,38.39182866549376],[-122.86762871860101,38.391717719265266],[-122.86702093735077,38.39101903390571],[-122.86334512723808,38.38681054327875],[-122.86128148244258,38.38443061919289],[-122.86077449158319,38.38387267422231],[-122.86057984127187,38.383732371000164],[-122.86038322418355,38.38363666555373],[-122.85848106520773,38.382824757718154],[-122.85535751774547,38.381486840043706],[-122.85511197858068,38.381394414398706],[-122.85491744281906,38.38138183502503],[-122.85472513469175,38.381437597492365],[-122.85445389519525,38.38171597073261],[-122.85380107282018,38.3825410544029],[-122.85175961467912,38.38496862280277],[-122.84964442628372,38.387488586890264],[-122.84958270147477,38.38749404996049],[-122.84740176149991,38.38604199964105],[-122.84591732913945,38.385036520584954],[-122.844880325082,38.384323425899076],[-122.84427332471246,38.38387093851835],[-122.844075256742,38.38368458155798],[-122.84381389523806,38.38333526597248],[-122.84363590876666,38.38317107163781],[-122.84345088015156,38.38301903222451],[-122.8428893332186,38.38254235893166],[-122.84199985500473,38.38179038242212],[-122.84090189606258,38.3808908065013],[-122.83949129958292,38.3798444167065],[-122.83855071009646,38.37915225262838],[-122.8383946583716,38.379151349899274],[-122.83797473699026,38.37914759792821],[-122.83333989037212,38.37911403700028],[-122.83266710808113,38.379110284923726],[-122.83257817396631,38.379209659013924],[-122.83253755244266,38.37930192676247],[-122.83253938390169,38.37942896513277],[-122.83346729992041,38.3823551292776],[-122.83412212895045,38.38445993791101],[-122.83454935912383,38.385837037525235],[-122.83474970492033,38.38633969821023],[-122.83518526527293,38.38726352688723],[-122.83650834529408,38.38985543752529],[-122.8372813450611,38.39143569459351],[-122.83754522476553,38.39200084348274],[-122.83754916782586,38.39213872478997],[-122.83747297081891,38.392249330016355],[-122.83720225532855,38.39231278954317],[-122.83668338429567,38.39238092225469],[-122.83599827814393,38.39247515142579],[-122.83578588895419,38.39253046009859],[-122.83568077262636,38.39268029784127],[-122.83563208680447,38.39282525183234],[-122.83574106455983,38.39307223137178],[-122.8362802504771,38.393854793457415],[-122.8377198564384,38.39587580203206],[-122.83852502635465,38.39699413892202],[-122.83903961095275,38.397726612826865],[-122.83922155073618,38.39796153252706],[-122.8392117835109,38.39809616571552],[-122.83913738798705,38.39819587482392],[-122.83017501858444,38.39819628524707],[-122.82984744221243,38.39825232385406],[-122.82955063576911,38.39837130241542],[-122.82929327075666,38.39850168716831],[-122.82894621456275,38.398854602817806],[-122.82812460992017,38.400036366171165],[-122.82757729294883,38.40082518381358],[-122.82751886524156,38.400904824212965],[-122.82735052431097,38.401001117724334],[-122.82712114652455,38.40105824726505],[-122.82415681914134,38.40210351765067],[-122.82473793042499,38.403032562363634],[-122.82611985031392,38.40523967087013],[-122.8262941273725,38.405290913109575],[-122.82662366806686,38.405291446924316],[-122.83035090583722,38.40533377199107],[-122.83260495728852,38.40537921058821],[-122.83610438474939,38.40534739230863],[-122.83653727996193,38.405507565385626],[-122.83737209803726,38.4061217239636],[-122.83767813048925,38.4064565242571],[-122.83844673544795,38.40747063727512],[-122.83888570506741,38.4080444314428],[-122.83908589323599,38.40823991201029],[-122.83936571169453,38.40849857778888],[-122.839628543941,38.40874589235521],[-122.8400687416783,38.409163418297105],[-122.8407042890177,38.40994294305577],[-122.8413008229125,38.410734279043766],[-122.84156737547985,38.41108044675207],[-122.84285863922118,38.412696417256306],[-122.84402990233419,38.41409693825648],[-122.8448549468083,38.41492173931058],[-122.84522881490093,38.41541222149378],[-122.84547834074479,38.41589573312539],[-122.84554442703168,38.416064374605035],[-122.84560094617459,38.41628892989986],[-122.84573017489211,38.418884657509494],[-122.8459902244684,38.42241968151725],[-122.84600832906439,38.42284932882194],[-122.8461243860752,38.42311676120047],[-122.84640863537085,38.4235050333571],[-122.84667041724074,38.423733646649524],[-122.8473119010324,38.42422484585847],[-122.8476129241096,38.4245094890708],[-122.84797753605777,38.4248703822859],[-122.84816409855269,38.42514487907161],[-122.84823417552694,38.425389489317766],[-122.84833640845876,38.42593714702662],[-122.84837357266403,38.42646959315325],[-122.84845486534572,38.42674873747982],[-122.84859330944619,38.42690625611105],[-122.84880543299919,38.42701319025457],[-122.84922168740793,38.42715769298026],[-122.84966218914445,38.42730407205369],[-122.84991112601418,38.42745417431523],[-122.85017764561186,38.42762770319913],[-122.85132107280558,38.4286665203734],[-122.85268712054547,38.43010710788849],[-122.8531944896308,38.430678903749744],[-122.85325667522798,38.43104640959054],[-122.85336930846928,38.431382622260024],[-122.8534556211416,38.43152866218863],[-122.85355402316603,38.43160731656463],[-122.85374257501176,38.43171637650374],[-122.85412417698346,38.43174140883108],[-122.85473318305101,38.43177430968994],[-122.85502641370132,38.431848045384385],[-122.85517920534842,38.43189867240531],[-122.85544192375033,38.43209205330077],[-122.85621250767026,38.43279505310876],[-122.85649347299432,38.43327193908737],[-122.8565872658743,38.43357599933352],[-122.85698985491071,38.43493096977433],[-122.85702945275786,38.435328898331456],[-122.85721156392725,38.436337535617255],[-122.85742363796173,38.436919778143675],[-122.85750520556242,38.43708605595148],[-122.85805827229639,38.4377062984775],[-122.85811702849958,38.43779349306141],[-122.85845165849177,38.438349023385236],[-122.8589992810661,38.43923551404787],[-122.85947175590888,38.44023160167735],[-122.85964473763386,38.44064814086362],[-122.85973316860594,38.44081115779121],[-122.86108450198222,38.44222795264045],[-122.86122812241405,38.44229911125958],[-122.86160118232819,38.44244007942985],[-122.86226606107253,38.44265135453373],[-122.86318971275867,38.44293557459709],[-122.86365631010548,38.44304392425373],[-122.86438046308866,38.44328579302387],[-122.86499617681574,38.44356398144035],[-122.86559979480214,38.44400514988358],[-122.86618157228088,38.44457402599086],[-122.86634997668521,38.44483920650601],[-122.8665267494007,38.44571604751704],[-122.86672302628918,38.44644043519444],[-122.8669202865723,38.44733350078881],[-122.86791363977139,38.451199381042535],[-122.86813013315057,38.45210692135604],[-122.86819878821909,38.45237676113064],[-122.86824061998122,38.45250389422102],[-122.86831219370276,38.45264159276392],[-122.86849965372066,38.452837116725625],[-122.86906440412245,38.453412992085646],[-122.8703753170102,38.45469587867429],[-122.87107515416895,38.45543904985968],[-122.87205019446154,38.45639208760396],[-122.87611197646946,38.46040828847808],[-122.87656877211884,38.460882604204635],[-122.87853679588166,38.46278562993925],[-122.87982490803593,38.46408893058829],[-122.88135694810632,38.46557822306173],[-122.88223487375527,38.46644082616347],[-122.88354200844086,38.467720827293576],[-122.883849909942,38.467996978262356],[-122.88465900286715,38.46879047139404],[-122.88487324150194,38.46907976360322],[-122.88515844783885,38.469444919389154],[-122.88533647419438,38.469720177837964],[-122.8855406017614,38.46999655032741],[-122.88607546129991,38.470594916929805],[-122.88722972387063,38.47188940776004],[-122.8887325411489,38.47359746592511],[-122.89007903429885,38.47360812325161],[-122.89004057952683,38.49054804808488],[-122.89010002264321,38.49284083254824],[-122.8918249657696,38.49304886310278],[-122.8924087077298,38.4930703692168],[-122.8939010466518,38.49306238413727],[-122.89460674140346,38.493143089789726],[-122.89498275649963,38.4932300456789],[-122.89527351277165,38.49331709700709],[-122.89602223051583,38.493696871543015],[-122.89727703190215,38.49432496776536],[-122.8989592056813,38.49538629561884],[-122.89950639583017,38.495818045209504],[-122.89986016173471,38.49611061795746],[-122.90153974564821,38.497604673319216],[-122.9034462320768,38.49928216850443],[-122.90414884685276,38.49987426211268],[-122.90424430291988,38.49997690172654],[-122.90542275361508,38.50108247120511],[-122.90576346235981,38.50136723245343],[-122.9066784879074,38.50198324350061],[-122.9071318628329,38.50220024246982],[-122.90804312077259,38.502525658117975],[-122.90890428801409,38.50275635540396],[-122.90960155274738,38.50307174500229],[-122.9272081270526,38.502339950009244],[-122.92714670087838,38.48792913375077],[-122.92695705591927,38.4588614112321],[-122.94526334108737,38.458885754696425],[-122.9451221524968,38.44423288533424],[-122.94500939449252,38.42956488181682],[-122.94509832190424,38.41504730260682],[-122.94498007168438,38.410033954413215],[-122.94446259267951,38.41050793372133],[-122.944253342546,38.41067236412443],[-122.94396827964107,38.411083775467574],[-122.94361338402064,38.41130963453759],[-122.94328768937157,38.41144184035567],[-122.94299242862425,38.41142028407234],[-122.94274880721268,38.411308642710935],[-122.94242112021689,38.41111233857583],[-122.94185916676402,38.410482467870445],[-122.9416261970386,38.410296477801516],[-122.94119413635266,38.409861419048376],[-122.94083821274972,38.40930316351956],[-122.94067878235876,38.40913873080171],[-122.9404616909946,38.409026774571416],[-122.939568150279,38.40880451095969],[-122.9358007064612,38.408036431164476],[-122.93527249709804,38.4077951805985],[-122.9344518842657,38.40760986991798],[-122.93393201478689,38.407327814842944],[-122.93367914916676,38.407241439892466],[-122.9319150586093,38.4070133270883],[-122.93068430736689,38.4068902183797],[-122.92917659995443,38.40669480775652],[-122.9282664226937,38.40656997322518],[-122.92791505367389,38.406392190911646],[-122.92768758484092,38.40617613959978],[-122.92684565096484,38.40492893500267],[-122.92622156190392,38.404193056236224],[-122.92555990930441,38.4036006235198],[-122.9245683122029,38.40301688754897],[-122.92401494106393,38.402757189105024],[-122.92350911669774,38.40260452318587],[-122.92285279502312,38.402581573521935],[-122.92241256738423,38.40268711440949],[-122.92053435002256,38.403077114939855],[-122.92014697461983,38.403125658792156],[-122.91987903228073,38.40306801826737],[-122.91943947716908,38.403001384963716],[-122.91858509947325,38.40303214847797],[-122.9179069675879,38.403111751346344],[-122.91716437439888,38.403228683196886],[-122.91642978215211,38.40326463565559],[-122.9162625294354,38.40326647133246],[-122.91626582878145,38.4030308466682],[-122.91647556160534,38.40171850821155],[-122.91659433135368,38.40103624061771],[-122.91663269508877,38.40085598671718],[-122.91664241217985,38.400534248903654],[-122.9166271281387,38.40041911590183],[-122.91651204994378,38.400312889875714],[-122.91611904195926,38.40008556615072],[-122.91587789399247,38.39969393919094],[-122.91538967122398,38.3987599363574],[-122.91517965680221,38.39847388838466],[-122.91500552889569,38.39811341738972],[-122.91493693258585,38.39784710286768]]]}}]}
